Reference,Nom_Produit,Categorie,Sous_Categorie,Source
SIE 1240 02,Chaise filaire empilable,Chaises,Percussionnistes,manual
PIE 1910 06,Pied de cymbale double embase Yamaha,Portiques/Supports,Supports instruments,manual
PIE 1342 06,Pied de cymbale double embase,Portiques/Supports,Supports instruments,manual
PIE 1322 06,Pied de cymbale droit léger,Portiques/Supports,Supports instruments,manual
CHS 7500 26,Berceau pour tambour de bois,Portiques/Supports,Châssis,manual
CHS 6012N,Châssis luxe noir Zildjian octave aiguë crotales,Portiques/Supports,Châssis,manual
CHS 6011N,Châssis luxe noir Zildjian octave grave crotales,Portiques/Supports,Châssis,manual
CHS 6012 06,Châssis Zildjian 1 octave crotales aigu,Portiques/Supports,Châssis,manual
CHS 6011 06,Châssis Zildjian 1 octave crotales grave,Portiques/Supports,Châssis,manual
CHS 1610 26,Châssis rond pour 4 klaxons,Portiques/Supports,Châssis,manual
CHS 1030 26,Châssis à 3 niveaux,Portiques/Supports,Châssis,manual
CHS 1020 26,Châssis à 2 niveaux,Portiques/Supports,Châssis,manual
CHS 1010 26,Châssis à 1 niveau,Portiques/Supports,Châssis,manual
ATT 3050 06,Pince multifonctions Yamaha,Portiques/Supports,Attaches,manual
PIE 1850 06,Pied de cymbale Yamaha double embase,Portiques/Supports,Supports instruments,manual
ATT 3040 26,Attache pince multifonctions,Portiques/Supports,Attaches,manual
ATT 3020 26,Attache cloche mambo sur crochet,Portiques/Supports,Attaches,manual
ATT 3010 26,Attache de tambour de basque,Portiques/Supports,Attaches,manual
ATT 3000 26,Attache tambour de basque pied individuel,Portiques/Supports,Attaches,manual
ATT 2530,Support triangle Cadeson + 2 battes digitales,Portiques/Supports,Attaches,manual
ATT 2515 06,Pince à triangle,Portiques/Supports,Attaches,manual
ATT 2510 26,Attache de triangle R&S,Portiques/Supports,Attaches,manual
ATT 2501 26,Attache triangle pied individuel + silenblock,Portiques/Supports,Attaches,manual
ATT 2500 26,Attache triangle pour pied individuel,Portiques/Supports,Attaches,manual
ATT 1010 26,Crochet pour polyblocks avec caoutchouc,Portiques/Supports,Attaches,manual
POD 0290 02,Housse podium + rehausse,Podiums,Chef,manual
POD 0280 63,Planche à roulettes podium + rehausse,Podiums,Chef,manual
POD 0260,Rehausse 10cm podium chef hêtre,Podiums,Chef,manual
POD 0270 63,Rehausse 10cm podium direction,Podiums,Chef,manual
ATT 3030 26,Attache piccolo wood block sur crochet,Portiques/Supports,Attaches,manual
POD 0300 63,Podium direction contreplaqué noir pliant (HECTOR),Podiums,Chef,manual
PIE 1650 06,Pied de cymbale Yamaha simple embase léger,Portiques/Supports,Supports instruments,manual
PIE 1012 06,Arbre à cymbales Zildjian 12 cymbales,Portiques/Supports,Supports instruments,manual
PED 7210,Pédale grosse caisse Yamaha FP7210A,Portiques/Supports,Pédales,manual
PED 21200D,Pédale charleston Yamaha HS1200D,Portiques/Supports,Pédales,manual
PRT 004R 26,4 roulettes pour portique gongs/tam-tams,Portiques/Supports,Portiques gongs,manual
PRT 1250 26,Portique tam-tam mobile sur roulettes,Portiques/Supports,Portiques gongs,manual
PRT 1216 26,Portique tam-tam extra large,Portiques/Supports,Portiques gongs,manual
PRT 1214 26,Portique gongs/tam-tams grand,Portiques/Supports,Portiques gongs,manual
PRT 1212 26,Portique gongs/tam-tams petit,Portiques/Supports,Portiques gongs,manual
PRT 0913 26,Châssis pour gongs,Portiques/Supports,Portiques gongs,manual
PIE 5303,Tablette petite 365x305mm,Portiques/Supports,Trap tables,manual
PIE 5302,Tablette grande avec compartiments baguettes,Portiques/Supports,Trap tables,manual
PIE 5301,Tablette grande 365x590mm,Portiques/Supports,Trap tables,manual
PIE 4710,Support Meinl pour chimes,Portiques/Supports,Supports instruments,manual
PIE 4665 06,Stand Yamaha double embase 2 toms concert,Portiques/Supports,Supports instruments,manual
PIE 1740 06,Pied de cymbale Yamaha simple embase standard,Portiques/Supports,Supports instruments,manual
PIE 4622R06,Stand pour 2 boo-bams,Portiques/Supports,Supports instruments,manual
PIE 4312 06,Stand Remo pour 1-3 rototoms,Portiques/Supports,Supports instruments,manual
PIE 4205 26,Plateau mousse R&S pour glockenspiel,Portiques/Supports,Trap tables,manual
PIE 4021,Stand LP bongo LP330 court,Portiques/Supports,Supports instruments,manual
PIE 4020,Stand LP bongo,Portiques/Supports,Supports instruments,manual
PIE 4005,Stand individuel Toca réglable pour conga,Portiques/Supports,Supports instruments,manual
PIE 3940 06,Pied caisse claire Yamaha Pro double à rotule,Portiques/Supports,Supports instruments,manual
PIE 3100 06,Pied de caisse claire Mapex Falcon,Portiques/Supports,Supports instruments,manual
PIE 3600 06,Pied de caisse claire Mapex,Portiques/Supports,Supports instruments,manual
PIE 3500 06,Pied de caisse claire double embase,Portiques/Supports,Supports instruments,manual
PIE 2800 06,Pied cymbale perche Mapex double embase,Portiques/Supports,Supports instruments,manual
PIE 2655 06,Pied cymbale perche Yamaha CS655A,Portiques/Supports,Supports instruments,manual
PIE 2965 06,Pied de cymbale perche Yamaha,Portiques/Supports,Supports instruments,manual
PIE 2745 06,Pied de cymbale perche Yamaha standard,Portiques/Supports,Supports instruments,manual
PIE 4400 06,Stand Stagg pour pad avec peau,Portiques/Supports,Supports instruments,manual
POD 0224 63,Podium direction contreplaqué noir,Podiums,Chef,manual
PIE 4202 06,Stand en X pour glockenspiel,Portiques/Supports,Supports instruments,manual
CHR 1020HOU,Housse chariot 20 pupitres Manhasset,Pupitres,Accessoires,manual
SIE 3510NRE,Chaise régisseur/technicien réglable,Chaises,Régisseur,manual
SIE 5520NTI,Chaise timbalier tournante avec dossier,Chaises,Timbalier,manual
SIE 5510NPETI,Chaise timbalier tournante réglable assise carrée,Chaises,Timbalier,manual
SIE 5510NTI,Chaise timbalier tournante réglable assise ronde,Chaises,Timbalier,manual
SIE 3010NTI,Chaise haute fixe timbalier,Chaises,Timbalier,manual
SIE 14337,Tabouret chef réglable,Chaises,Chef orchestre,manual
SIE 7868,Chaise haute multifonctions chef,Chaises,Chef orchestre,manual
SIE 7865,Chaise haute fixe chef,Chaises,Chef orchestre,manual
SIE 3520N,Chaise contrebassiste tournante,Chaises,Contrebassiste,manual
SIE 3510N,Chaise contrebassiste réglable,Chaises,Contrebassiste,manual
SIE 7871,Chaise 2 repose-pieds tubulaires contrebassiste,Chaises,Contrebassiste,manual
SIE 7867,Chaise haute fixe contrebassiste,Chaises,Contrebassiste,manual
SIE CR-TN01,Chaise 2 repose-pieds tubulaires contrebassiste,Chaises,Contrebassiste,manual
SIE 3520NRE,Chaise régisseur tournante,Chaises,Régisseur,manual
SIE 3010NCB,Chaise haute fixe contrebassiste,Chaises,Contrebassiste,manual
SIE 5515N,ELISE Chaise percussionniste multi-réglages,Chaises,Percussionnistes,manual
SIE 5520N,Chaise percussionniste tournante avec dossier,Chaises,Percussionnistes,manual
SIE 14411,AMY HIGH Chaise haute réglable,Chaises,Percussionnistes,manual
SIE 7866,Chaise haute fixe percussionniste,Chaises,Percussionnistes,manual
SIE 14015,ELISE® UP Chaise multi-réglables,Chaises,Percussionnistes,manual
SIE 8436,Chaise multi-réglages ELISE,Chaises,Percussionnistes,manual
SIE 5510NPE,Chaise multi-réglable assise carrée,Chaises,Percussionnistes,manual
SIE 5510N,Chaise multi-réglable assise ronde,Chaises,Percussionnistes,manual
SIE 3010N,Chaise haute fixe percussionniste,Chaises,Percussionnistes,manual
SIE 1347N,Chaise Orchestra H47cm,Chaises,Percussionnistes,manual
SIE 1147N,Chaise Compacte H47cm,Chaises,Percussionnistes,manual
SIE 1345N,Chaise Orchestra H45cm,Chaises,Percussionnistes,manual
POD 0220 63,Podium direction hêtre verni,Podiums,Chef,manual
SIE 14336,Chaise OKTAVIA + pupitre Manhasset 48,Chaises,Percussionnistes,manual
SIE 2210N,Chaise pliante AGIL,Chaises,Pliantes,manual
SIE 14410,AMY LOW Chaise haute réglable assise rectangulaire,Chaises,Percussionnistes,manual
SIE 2220N,Chaise pliante AGIL avec pupitre,Chaises,Pliantes,manual
CHR 1010HOU,Housse chariot 10 pupitres Manhasset,Pupitres,Accessoires,manual
SIE 2210NX20,Lot 20 chaises AGIL pliantes,Chaises,Pliantes,manual
PUC 1001N,Porte-partition R&S pliable,Pupitres,Accessoires,manual
PUC 0902,Pupitre FourScore Manhasset,Pupitres,Spécial,manual
PUC 0901,Pupitre choriste Manhasset,Pupitres,Spécial,manual
PUP 0503N,Pupitre chef R&S 70x50 embase pliante,Pupitres,Chef orchestre,manual
PUP 0501N,Pupitre chef R&S éclairage intégré,Pupitres,Chef orchestre,manual
PUP 1351ETUI,Étui Manhasset 1800 pupitre Voyager,Pupitres,Accessoires,manual
PUP 135F20+PUC,Lot 20 pupitres Voyager + flight case,Pupitres,Lots,manual
PUP 0301+CH20+C,Lot 20 pupitres Symphony 48 + chariot + clips,Pupitres,Lots,manual
PUP 0301-X18+C,Lot 18 pupitres Symphony 48 Manhasset + clips,Pupitres,Lots,manual
PUP 0350,Pupitre Manhasset tromboniste,Pupitres,Spécial,manual
PUP 0401 06,Pupitre Harmony Manhasset,Pupitres,Orchestre,manual
PUP 0302 06,Pupitre Orchestral Manhasset,Pupitres,Orchestre,manual
PUP 0502N,Pupitre chef R&S 70x50 embase plate,Pupitres,Chef orchestre,manual
PUP 0301 06,Pupitre Symphony Manhasset 48,Pupitres,Orchestre,manual
SIE 1447N,Chaise 4 pieds empilable H47cm,Chaises,4 pieds,manual
PUP 0301BLANC,Pupitre Symphony Manhasset blanc,Pupitres,Orchestre,manual
SIE 1445N,Chaise 4 pieds empilable H45cm,Chaises,4 pieds,manual
SIE 1449N,Chaise 4 pieds empilable H49cm,Chaises,4 pieds,manual
SIE BAN01,Banquette piano standard,Chaises,Banquettes,manual
CHR 7118HOU,Housse chariot chaises,Chaises,Accessoires,manual
CHR 5110HOU,Housse chariot chaises,Chaises,Accessoires,manual
SIE BAN02,Banquette piano réglable,Chaises,Banquettes,manual
CHR 7118 02,Chariot pour chaises hautes,Chaises,Accessoires,manual
PUP 0101N,Pupitre pliant compact noir K&M,Pupitres,Pliants,manual
PUP 0102 06,Pupitre pliant compact nickelé K&M,Pupitres,Pliants,manual
PUP 0101G,Pupitre pliant compact gris K&M,Pupitres,Pliants,manual
CHR 5110 22,Chariot pour 22 chaises orchestre,Chaises,Accessoires,manual
VEN 855C,Klaxon A Poire Note Do4,Effets,klaxons,scraped
TOM 4114 06,Tom Concert Yamaha Une Peau 14 Pouces ,Peaux,toms-de-concert,scraped
VEN 855D,Klaxon A Poire Note Re4,Effets,klaxons,scraped
VEN 854B,Klaxon A Poire Note Si3,Effets,klaxons,scraped
VEN 854A,Klaxon A Poire Note La3,Effets,klaxons,scraped
BNG 0205 06,Bongos Bois Peaux Animales 6 5 Pouces 8 Pouces,Peaux,bongos-congas-et-timbales-latines,scraped
TOM 4116 06,Tom Concert Yamaha Une Peau 16 Pouces ,Peaux,toms-de-concert,scraped
TOM 4115 06,Tom Concert Yamaha Une Peau 15 Pouces ,Peaux,toms-de-concert,scraped
TOM 4113 06,Tom Concert Yamaha Une Peau 13 Pouces ,Peaux,toms-de-concert,scraped
TOM 1516 06,Jeu De 2 Toms 15 Pouces Et 16 Pouces Avec Stand,Peaux,toms-de-concert,scraped
TOM 4110 06,Tom Concert Yamaha Une Peau 10 Pouces ,Peaux,toms-de-concert,scraped
TOM 4108 06,Tom Concert Yamaha Une Peau 8 Pouces ,Peaux,toms-de-concert,scraped
TOM 4106 06,Tom Concert Yamaha Une Peau 6 Pouces ,Peaux,toms-de-concert,scraped
TOM 1314 06,Jeu De 2 Toms 13 Pouces Et 14 Pouces Avec Stand,Peaux,toms-de-concert,scraped
TOM 1012 06,Jeu De 2 Toms 10 Pouces Et 12 Pouces Avec Stand,Peaux,toms-de-concert,scraped
TOM 0608 06,Jeu De 2 Toms 6 Pouces Et 8 Pouces Avec Stand,Peaux,toms-de-concert,scraped
VEN 6201 06,Sifflet Arbitre Acme,Effets,sifflets-sirene-flute-coulisse,scraped
GRE 3025 06,Grelots Sur Manche 25 Pieces,Métaux,grelots,scraped
FLX 0011 06,Flexatone Standard,Effets,crecelles-vibraslaps-flexatones,scraped
TOM 4112 06,Tom Concert Yamaha Une Peau 12 Pouces ,Peaux,toms-de-concert,scraped
TRI 6106 06,Triangle Grover Bronze Dore 15 Cm,Métaux,triangles-chimes,scraped
HER RE15 06,Peau Remo Renaissance Pour Tom 15 Pouces,Peaux,peaux-de-rechange,scraped
PAC M010 06,Pack D Idiophones Metaux,Métaux,cymbales,scraped
HER DS18 06,Peau Remo Diplomat Pour Tom 18 Pouces,Peaux,peaux-de-rechange,scraped
VEN 6111 06,Sifflet Samba 3 Tons En Plastique,Effets,sifflets-sirene-flute-coulisse,scraped
HER DS08 06,Peau Remo Diplomat Pour Tom 8 Pouces,Peaux,peaux-de-rechange,scraped
HER DS06 06,Peau Remo Diplomat Pour Tom 6 Pouces,Peaux,peaux-de-rechange,scraped
CAJ SWLP MTD,Manuel D Instruction Cajon La Peru En Anglais ,Bois,cajons,scraped
CAJ SWLP HOU,Etui Pour Cajon La Peru,Bois,cajons,scraped
CAJ SWLP WU,Cajon Schlagwerk La Peru,Bois,cajons,scraped
HER RE16 06,Peau Remo Renaissance Pour Tom 16 Pouces,Peaux,peaux-de-rechange,scraped
HER RE13 06,Peau Remo Renaissance Pour Tom 13 Pouces,Peaux,peaux-de-rechange,scraped
HER RE12 06,Peau Remo Renaissance Pour Tom 12 Pouces,Peaux,peaux-de-rechange,scraped
HER RE10 06,Peau Remo Renaissance Pour Tom 6 Pouces,Peaux,peaux-de-rechange,scraped
HER RE08 06,Peau Remo Renaissance Pour Tom 8 Pouces,Peaux,peaux-de-rechange,scraped
HER RE06 06,Peau Remo Renaissance Pour Tom 6 Pouces,Peaux,peaux-de-rechange,scraped
TAM 0085 06,Tam Tam Chinois Wu Han D85Cm,Métaux,gongs-tam-tams,scraped
CNG 1410 06,Paire De Congas Stagg 10 Pouces 11 Pouces Paniers Separes,Peaux,bongos-congas-et-timbales-latines,scraped
CHM 5824 06,Cluster Chimes Lp 24 Barres Dorees,Métaux,grelots,scraped
PAC A010 06,Pack D Idiophones Accessoires,Peaux,sets-instruments-peaux,scraped
PAC B010 06,Pack D Idiophones Bois,Bois,sets-instruments-bois,scraped
PAC P010 06,Pack D Idiophones Peaux,Peaux,sets-instruments-peaux,scraped
TRI 6109 06,Triangle Grover Bronze Dore 23 Cm,Métaux,triangles-chimes,scraped
CAB 2001 06,Cabassa Stagg Modele Large,Effets,cabassas-guiros-et-kokiriko,scraped
TOM 2116R06,Tom Melodique Capelle Une Peau 16 Pouces ,Peaux,toms-de-concert,scraped
WOO 1103 06,Wood Block Schlagwerk Bois Dur Petit,Bois,chocoblocks-wood-blocks-et-mokubio,scraped
TRI 2013 06,Triangle D Etude 13 Cm Avec Batte,Métaux,triangles-chimes,scraped
TRI 1020 26,Jeu De 5 Battes De Triangle Rythmes Sons,Métaux,triangles-chimes,scraped
TRI 1010 06,Jeu De 4 Battes De Triangle Grover Tubulaires Standard Tb Ts,Métaux,triangles-chimes,scraped
TRI 1001 06,Batte De Triangle Obus Rythmes Sons,Métaux,triangles-chimes,scraped
TOM 2115R06,Tom Melodique Capelle Une Peau 15 Pouces ,Peaux,toms-de-concert,scraped
TOM 2114R06,Tom Melodique Capelle Une Peau 14 Pouces ,Peaux,toms-de-concert,scraped
TOM 2113R06,Tom Melodique Capelle Une Peau 13 Pouces ,Peaux,toms-de-concert,scraped
TOM 2112R06,Tom Melodique Capelle Une Peau 12 Pouces ,Peaux,toms-de-concert,scraped
TOM 2110R06,Tom Melodique Capelle Une Peau 10 Pouces ,Peaux,toms-de-concert,scraped
TOM 2108R06,Tom Melodique Capelle Une Peau 8 Pouces ,Peaux,toms-de-concert,scraped
TOM 2106R06,Tom Melodique Capelle Une Peau 6 Pouces ,Peaux,toms-de-concert,scraped
TOM 0208 06,Jeu De 2 Toms 15 Pouces 16 Pouces Avec Pied,Peaux,toms-de-concert,scraped
TOM 0203R06,Jeu De 2 Toms 10 Pouces 12 Pouces Avec Pied,Peaux,toms-de-concert,scraped
TOM 0202 06,Jeu De 2 Toms 8 Pouces 10 Pouces Avec Pied,Peaux,toms-de-concert,scraped
TLA 3205 06,Timbales Latines Lp Tito Puente 14 Pouces 15 Pouces Fut Cuivrees,Peaux,bongos-congas-et-timbales-latines,scraped
TLA 2205 06,Timbales Latines Lp Tito Puente 14 Pouces 15 Pouces Fut Chromees,Peaux,bongos-congas-et-timbales-latines,scraped
TEM 4501 06,Jeu De 5 Temple Blocks Schlagwerk Stand,Bois,polyblocks-et-temple-blocks,scraped
TCA 0052 06,Tambour Sur Cadre Peau Cousue 52,Peaux,tambourins-et-hand-drums,scraped
HER DS20 06,Peau Remo Diplomat Pour Tom 20 Pouces,Peaux,peaux-de-rechange,scraped
TRI 2015 06,Triangle D Etude 15 Cm Avec Batte,Métaux,triangles-chimes,scraped
TRI 2018 06,Triangle D Etude 18 Cm Avec Batte,Métaux,triangles-chimes,scraped
TRI 2020 06,Triangle D Etude 20 Cm Avec Batte,Métaux,triangles-chimes,scraped
TRI 3015 06,Triangle D Etude Meinl 15 Cm Avec Batte,Métaux,triangles-chimes,scraped
WOO 1102 06,Wood Block Schlagwerk Bois Dur Moyen,Bois,chocoblocks-wood-blocks-et-mokubio,scraped
WOO 1101 06,Wood Block Schlagwerk Bois Dur Grand,Bois,chocoblocks-wood-blocks-et-mokubio,scraped
VEN 8504 06,Klaxons A Poire Jeu De 4 Notes Accordees,Effets,klaxons,scraped
VEN 6801 06,Sirene A Manivelle Aigue,Effets,sifflets-sirene-flute-coulisse,scraped
VEN 65147,Sirene A Bouche Acme,Effets,sifflets-sirene-flute-coulisse,scraped
VEN 6300 06,Jazzo Flute,Effets,sifflets-sirene-flute-coulisse,scraped
VEN 6101 06,Sifflet Samba Lp 3 Tons Alu,Effets,sifflets-sirene-flute-coulisse,scraped
VEN 5800 26,Machine A Vent,Effets,machine-vent,scraped
VBR 0112 06,Vibraslap De Luxe Lp,Effets,crecelles-vibraslaps-flexatones,scraped
VBR 0121 06,Vibraslap Boule En Bois,Effets,crecelles-vibraslaps-flexatones,scraped
VBR 0111 06,Vibraslap Standard Lp,Effets,crecelles-vibraslaps-flexatones,scraped
TRI 6105 06,Triangle Grover Bronze Dore 12 Cm,Métaux,triangles-chimes,scraped
TRI 6009 06,Triangle Grover Super Overtone 23 Cm,Métaux,triangles-chimes,scraped
TRI 6006 06,Triangle Grover Super Overtone 15 Cm,Métaux,triangles-chimes,scraped
TRI 5030 06,Triangle Studio 49 30 Cm Avec Batte,Métaux,triangles-chimes,scraped
TRI 5025 06,Triangle Studio 49 25 Cm Avec Batte,Métaux,triangles-chimes,scraped
TRI 5020 06,Triangle Studio 49 20 Cm Avec Batte,Métaux,triangles-chimes,scraped
TRI 5015 06,Triangle Studio 49 15 Cm Avec Batte,Métaux,triangles-chimes,scraped
TRI 5010 06,Triangle Studio 49 10 Cm Avec Batte,Métaux,triangles-chimes,scraped
TRI 3020 06,Triangle D Etude Meinl 20 Cm Avec Batte,Métaux,triangles-chimes,scraped
TRI 6107 06,Triangle Grover Bronze Dore 18 Cm,Métaux,triangles-chimes,scraped
CLV 6010 06,Ensemble 5 Claves Accordees Steve Reich,Bois,castagnettes-claves,scraped
GUI 7200 06,Guiro Meinl Bois Forme Obus,Effets,cabassas-guiros-et-kokiriko,scraped
HER ET12 06,Peau Remo Emperor Transparente Pour Tom 12 Pouces,Peaux,peaux-de-rechange,scraped
CZA MC18 06,Cymbale De Batterie Zildjian Serie Avedis Medium Thin Crash 18 Pouces,Métaux,cymbales,scraped
DAR 6125 06,Darbouka 22 Cm Egypte Peint,Peaux,djembes-darboukas-tablas,scraped
CNG CS F828100,Paire De Congas Club Salsa 10 Pouces 11 Pouces Paniers Separes,Peaux,bongos-congas-et-timbales-latines,scraped
TOM BC306,Cool Drum 6 Pouces Rythmes Sons Wood Edition,Peaux,cooldrums-boobams,scraped
TOM PN306,Cool Drum 6 Pouces Rythmes Sons Black Edition,Peaux,cooldrums-boobams,scraped
TCA 0046 06,Tambour Sur Cadre Peau Cousue 46,Peaux,tambourins-et-hand-drums,scraped
GUI 7100 06,Guiro Meinl Bois Cylindrique,Effets,cabassas-guiros-et-kokiriko,scraped
CNG LP 552XAW,Conga Lp 12 Pouces 1 2 Serie Classique,Peaux,bongos-congas-et-timbales-latines,scraped
CNG LP 559XAW,Conga Lp 11 Pouces 3 4 Serie Classique,Peaux,bongos-congas-et-timbales-latines,scraped
CNG LP 522XAW,Conga Lp 11 Pouces Serie Classique,Peaux,bongos-congas-et-timbales-latines,scraped
CSM 0020 06,Cymbale Molto Symphonic D20Pouces Sabian,Métaux,cymbales,scraped
PLT 7605 26,Jeu De 5 Polyblocks Amovibles Chassis 1 Niveau,Bois,polyblocks-et-temple-blocks,scraped
MRC 0015 06,Maracas Meinl Bois Rond Ambre,Effets,shakers-cherekes-et-maracas,scraped
MRC 0010 06,Maracas Meinl Bois Ovale Multicolore,Effets,shakers-cherekes-et-maracas,scraped
MRC 9020 06,Maracas Plastique Meinl,Effets,shakers-cherekes-et-maracas,scraped
TBA 5008A06,Hand Drum Cadeson 8 Pouces 20 Cm Accordable,Peaux,tambourins-et-hand-drums,scraped
TBA G210L06,Tambourins Grover 10 Pouces 25 Cm 2 Rangees Cymb Laiton,Peaux,tambourins-et-hand-drums,scraped
TBA G210B06,Tambourins Grover 10 Pouces 25 Cm 2 Rangees Cymb Berylium Cuivre,Peaux,tambourins-et-hand-drums,scraped
TBA G210S06,Tambourin Grover 10 Pouces 25 Cm 2 Rangees Cymb Argent Bronze,Peaux,tambourins-et-hand-drums,scraped
TRI 7151 06,4 Triangles 3 Battes Sabian Dores En Etui,Métaux,triangles-chimes,scraped
TBA G210P06,Tambourin Grover 10 Pouces 25 Cm 2 Rangees Cymb Phosphor Bronze,Peaux,tambourins-et-hand-drums,scraped
TRI 7151M06,4 Triangles 3 Battes Sabian Dores Marteles En Etui,Métaux,triangles-chimes,scraped
CCL CA1443N,Caisse Claire Cadeson 14 4Pouces Sm Series,Peaux,caisses-claires-pads-tambours,scraped
TCH C8511,Tambours Chinois Cadeson Sur Stand Grand Modele,Peaux,djembes-darboukas-tablas,scraped
TCH C8501,Tambours Chinois Cadeson Sur Stand Petit Modele,Peaux,djembes-darboukas-tablas,scraped
WOO CGE5231,Wood Block Bois Cadeson Petit Modele,Bois,chocoblocks-wood-blocks-et-mokubio,scraped
TBA C1310A,Tambourin Cadeson 10 Pouces 25 Cm 2 Rangees Cymb,Peaux,tambourins-et-hand-drums,scraped
TBA C1308A,Tambourin Cadeson 8 Pouces 20 Cm 2 Rangees Cymb,Peaux,tambourins-et-hand-drums,scraped
CNG 81122U,Conga Cadeson 12 Pouces Serie Dr81,Peaux,bongos-congas-et-timbales-latines,scraped
CNG 81114U,Conga Cadeson 11 Pouces 3 4 Serie Dr81,Peaux,bongos-congas-et-timbales-latines,scraped
CNG 81110U,Conga Cadeson 11 Pouces Serie Dr81,Peaux,bongos-congas-et-timbales-latines,scraped
TOM 6220 3B,Tom Basse Melodique Cadeson 20 Pouces,Peaux,toms-de-concert,scraped
TOM 6222 3B,Tom Basse Melodique Cadeson 22 Pouces,Peaux,toms-de-concert,scraped
TOM 6224 3B,Tom Basse Melodique Cadeson 24 Pouces,Peaux,toms-de-concert,scraped
TOM 6218 2F,Floor Tom Melodique Cadeson 18 Pouces,Peaux,toms-de-concert,scraped
TOM 6216 2F,Floor Tom Melodique Cadeson 16 Pouces,Peaux,toms-de-concert,scraped
TOM 6214 1M,Tom Melodique Cadeson 14 Pouces 2 Peaux,Peaux,toms-de-concert,scraped
TOM 6213 1M,Tom Melodique Cadeson 13 Pouces 2 Peaux,Peaux,toms-de-concert,scraped
TOM 6212 1M,Tom Melodique Cadeson 12 Pouces 2 Peaux,Peaux,toms-de-concert,scraped
TOM 6210 1M,Tom Melodique Cadeson 10 Pouces 2 Peaux,Peaux,toms-de-concert,scraped
TOM 6208 1M,Tom Melodique Cadeson 8 Pouces 2 Peaux,Peaux,toms-de-concert,scraped
TOM 6206 1M,Tom Melodique Cadeson 6 Pouces 2 Peaux,Peaux,toms-de-concert,scraped
CCL CA1453N,Caisse Claire Cadeson 14 5Pouces 1 2 Sm Series,Peaux,caisses-claires-pads-tambours,scraped
TBA G208G06,Tambourins Grover 8 Pouces 20 Cm 2 Rangees Cymb German Argent,Peaux,tambourins-et-hand-drums,scraped
TBA 5016 06,Hand Drum 16 Pouces 40 Cm,Peaux,tambourins-et-hand-drums,scraped
CHM 1890 06,Bar Chimes Double Lp 90 Barres Alu,Métaux,triangles-chimes,scraped
CZK TC15 06,Cymbale De Batterie Zildjian Serie K Dark Crash Thin 15 Pouces 38 Cm,Métaux,cymbales,scraped
CZA PR20 06,Cymbale De Batterie Zildjian Serie Avedis Ping Ride 20 Pouces,Métaux,cymbales,scraped
CZA HH13 06,Cymbale De Batterie Zildjian Serie Avedis Hit Hat 13 Pouces,Métaux,cymbales,scraped
BAT YA05 06,Batterie Yamaha Junior Kit Modele Manu Katche,Peaux,batteries,scraped
CZA MC16 06,Cymbale De Batterie Zildjian Serie Avedis Medium Thin Crash 16 Pouces,Métaux,cymbales,scraped
CSM 0018 06,Cymbale Sabian D18Pouces Molto Symphonic Serie Aa Suspendu,Métaux,cymbales,scraped
PLT 9703B26,Jeu De 3 Polyblocks Amovibles,Bois,polyblocks-et-temple-blocks,scraped
TAM 0095 06,Tam Tam Chinois Wu Han D95Cm,Métaux,gongs-tam-tams,scraped
DAR 6122 06,Darbouka 8 Pouces Egypte Recouvert Skai,Peaux,djembes-darboukas-tablas,scraped
HEE ET20 06,Peau Evans Eq3 Pour Grosse Caisse 20 Pouces,Peaux,peaux-de-rechange,scraped
TCA 5060 06,Frame Drum 60 Cm 24 Pouces,Peaux,tambourins-et-hand-drums,scraped
TCA 5050 06,Frame Drum 50 Cm 20 Pouces,Peaux,tambourins-et-hand-drums,scraped
TCA 5040 06,Frame Drum 40 Cm 16 Pouces,Peaux,tambourins-et-hand-drums,scraped
GUI 6100 06,Jeu De 3 Guiros Bois Reco Reco Sur Stand,Effets,cabassas-guiros-et-kokiriko,scraped
GUI 6030 06,Guiro Bois Reco Reco Petit,Effets,cabassas-guiros-et-kokiriko,scraped
GUI 6020 06,Guiro Bois Reco Reco Moyen,Effets,cabassas-guiros-et-kokiriko,scraped
GUI 6010 06,Guiro Bois Reco Reco Grand,Effets,cabassas-guiros-et-kokiriko,scraped
HEE ET18 06,Peau Evans Eq3 Pour Grosse Caisse 18 Pouces,Peaux,peaux-de-rechange,scraped
HER ET13 06,Peau Remo Emperor Transparente Pour Tom 13 Pouces,Peaux,peaux-de-rechange,scraped
CZK TC16 06,Cymbale De Batterie Zildjian Serie K Thin Crash 16 Pouces,Métaux,cymbales,scraped
TRI 3010 06,Triangle D Etude Meinl 10 Cm Avec Batte,Métaux,triangles-chimes,scraped
CCL YA10 06,Caisse Claire Yamaha De Formation,Peaux,caisses-claires-pads-tambours,scraped
CCL YA80 06,Caisse Claire Yamaha Concert Fut Erable,Peaux,caisses-claires-pads-tambours,scraped
DJE 2012 06,Djembe Meinl Serie Headliner Fut Bois,Peaux,djembes-darboukas-tablas,scraped
TBA 5014A06,Hand Drum Cadeson 14 Pouces 36 Cm Accordable,Peaux,tambourins-et-hand-drums,scraped
TBA 5010A06,Hand Drum Cadeson 10 Pouces 26 Cm Accordable,Peaux,tambourins-et-hand-drums,scraped
CCL BRJP1665JNS,Caisse Claire Brady Jarrah Ply 16 Pouces X6 Pouces 1 2,Peaux,caisses-claires-pads-tambours,scraped
CCL BRSB1465NS,Caisse Claire De Concert Brady 14 Pouces X 6 5 Pouces ,Peaux,caisses-claires-pads-tambours,scraped
CCL BRJB1465NS,Caisse Claire De Concert Brady 14 Pouces X 6 5 Pouces ,Peaux,caisses-claires-pads-tambours,scraped
CCL BRMP1465MNS,Caisse Claire Brady Marri Ply 14 Pouces X6 Pouces 1 2,Peaux,caisses-claires-pads-tambours,scraped
CCL BRJP1465BBS,Caisse Claire De Concert Brady 14 Pouces X 6 5 Pouces ,Peaux,caisses-claires-pads-tambours,scraped
CCL BRJP1480BHS,Caisse Claire De Concert Brady 14 Pouces X 8 Pouces ,Peaux,caisses-claires-pads-tambours,scraped
HER PS06S06,Peau Remo Pinstripe Sablee Pour Tom 06 Pouces,Peaux,peaux-de-rechange,scraped
CCL BRJP1412BOG,Caisse Claire De Concert Brady 14 Pouces X 12 Pouces ,Peaux,caisses-claires-pads-tambours,scraped
CNG LP M754SAW,Conga Lp 12 Pouces 1 2 Serie Matador,Peaux,bongos-congas-et-timbales-latines,scraped
CNG LP M752SAW,Conga Lp 11 Pouces 3 4 Serie Matador,Peaux,bongos-congas-et-timbales-latines,scraped
CNG LP M750SAW,Conga Lp 11 Pouces Serie Matador,Peaux,bongos-congas-et-timbales-latines,scraped
RIN 2270 06,Rin Chinois En Bronze Noir 27 Cm,Métaux,rins,scraped
CLV 0002 06,Paire De Claves Bumbinga En Bois Dur,Bois,castagnettes-claves,scraped
HER RE14T06,Peau Remo Renaissance Timbre Pour Tom 14 Pouces,Peaux,peaux-de-rechange,scraped
CZK TC18 06,Cymbale De Batterie Zildjian Serie K Thin Crash 18 Pouces,Métaux,cymbales,scraped
TLA 0010 06,Timbales Latines Bsx 13 Pouces 14 Pouces Sur Stand Fut Metal,Peaux,bongos-congas-et-timbales-latines,scraped
CCL YA81 06,Caisse Claire Yamaha Concert Fut Cuivre,Peaux,caisses-claires-pads-tambours,scraped
RIN 2300 06,Rin Chinois En Bronze Noir 30 Cm,Métaux,rins,scraped
TCA 0041 06,Tambour Sur Cadre Peau Cousue 41,Peaux,tambourins-et-hand-drums,scraped
SHA 1001 06,Soft Shaker Lp Double Shaker,Effets,shakers-cherekes-et-maracas,scraped
TBO 9202 26,Tambour De Bois Rythmes Sons Medium,Bois,tambours-de-bois,scraped
HER PS15 06,Peau Remo Pinstripe Ps Pour Tom 15 Pouces,Peaux,peaux-de-rechange,scraped
HER PS14 06,Peau Remo Pinstripe Ps Pour Tom 14 Pouces,Peaux,peaux-de-rechange,scraped
HER PS13 06,Peau Remo Pinstripe Ps Pour Tom 13 Pouces,Peaux,peaux-de-rechange,scraped
HER PS12S06,Peau Remo Pinstripe Sablee Pour Tom 12 Pouces,Peaux,peaux-de-rechange,scraped
HER PS12 06,Peau Remo Pin Stripe Ps Pour Tom 12 Pouces,Peaux,peaux-de-rechange,scraped
HER PS10 06,Peau Remo Pinstripe Ps Pour Tom 10 Pouces,Peaux,peaux-de-rechange,scraped
HER PS08 06,Peau Remo Pin Stripe Ps Pour Tom 8 Pouces,Peaux,peaux-de-rechange,scraped
HER PS06 06,Peau Remo Pinstripe Ps Pour Tom 6 Pouces,Peaux,peaux-de-rechange,scraped
HER FI40 06,Peau Remo Fiberskin Pour Grosse Caisse 40 Pouces,Peaux,peaux-de-rechange,scraped
HER FI36 06,Peau Remo Fiberskin Pour Grosse Caisse 36 Pouces,Peaux,peaux-de-rechange,scraped
HER FI32 06,Peau Remo Fiberskin Pour Grosse Caisse 32 Pouces,Peaux,peaux-de-rechange,scraped
HER FI11 06,Peau Remo Fiberskin Pour Tom 11 Pouces,Peaux,peaux-de-rechange,scraped
HER DS16 06,Peau Remo Diplomat Pour Tom 16 Pouces,Peaux,peaux-de-rechange,scraped
HER DS15 06,Peau Remo Diplomat Pour Tom 15 Pouces,Peaux,peaux-de-rechange,scraped
HER DS14T06,Peau Remo Diplomat Timbre Pour Tom 14 Pouces,Peaux,peaux-de-rechange,scraped
HER DS14 06,Peau Remo Diplomat Pour Tom 14 Pouces,Peaux,peaux-de-rechange,scraped
HER DS13 06,Peau Remo Diplomat Pour Tom 13 Pouces,Peaux,peaux-de-rechange,scraped
HER DS12 06,Peau Remo Diplomat Pour Tom 12 Pouces,Peaux,peaux-de-rechange,scraped
HER DS10 06,Peau Remo Diplomat Pour Tom 10 Pouces,Peaux,peaux-de-rechange,scraped
HER PS16 06,Peau Remo Pinstripe Ps Pour Tom 16 Pouces,Peaux,peaux-de-rechange,scraped
HER CS18 06,Peau Remo Cs Pour Tom 18 Pouces,Peaux,peaux-de-rechange,scraped
HER PS18 06,Peau Remo Pinstripe Ps Pour Tom 18 Pouces,Peaux,peaux-de-rechange,scraped
HER PS22 06,Peau Remo Pinstripe Ps Pour Tom 22 Pouces,Peaux,peaux-de-rechange,scraped
PLT 1601 26,Polyblock Amovible Rythmes Sons Sur Crochet 1Er Grand,Bois,polyblocks-et-temple-blocks,scraped
PAD RT08 06,Pad 8 Pouces Remo Avec Peau,Peaux,caisses-claires-pads-tambours,scraped
PAD RT10 06,Pad 10 Pouces Remo Avec Peau,Peaux,caisses-claires-pads-tambours,scraped
PAD RT02 06,Tampon Silencieux 14 Pouces Pour Caisse Claire,Peaux,caisses-claires-pads-tambours,scraped
PAD RT01 06,Boite De 12 Tonegel Wincent,Peaux,caisses-claires-pads-tambours,scraped
MRC 9010 06,Mini Maracas Club Salsa Plastiques,Effets,shakers-cherekes-et-maracas,scraped
MRC 5001 06,Petite Maracas Aigue,Effets,shakers-cherekes-et-maracas,scraped
MRC 0002 06,Maracas Bois Medium,Effets,shakers-cherekes-et-maracas,scraped
MRC 0001 06,Maracas Bois Aigue,Effets,shakers-cherekes-et-maracas,scraped
MOK 1103 06,Mokubio Carre 11 Cm,Bois,chocoblocks-wood-blocks-et-mokubio,scraped
MOK 1102 06,Mokubio Carre 13 Cm,Bois,chocoblocks-wood-blocks-et-mokubio,scraped
MOK 1101 06,Mokubio Carre 15 Cm,Bois,chocoblocks-wood-blocks-et-mokubio,scraped
KOK 6590 06,Kokiriko Instrument Traditionnel Japonais,Effets,cabassas-guiros-et-kokiriko,scraped
KOK 6570 06,Kokiriko,Effets,cabassas-guiros-et-kokiriko,scraped
KAL 1009 06,Kalimba 9 Lames,Bois,cajons,scraped
HER RE40 06,Peau Remo Renaissance Pour Grosse Caisse 40 Pouces,Peaux,peaux-de-rechange,scraped
HER RE36 06,Peau Remo Renaissance Pour Grosse Caisse 36 Pouces,Peaux,peaux-de-rechange,scraped
HER RE14 06,Peau Remo Renaissance Pour Tom 14 Pouces,Peaux,peaux-de-rechange,scraped
HER PS24 06,Peau Remo Pinstripe Ps Pour Tom 24 Pouces,Peaux,peaux-de-rechange,scraped
HER PS20 06,Peau Remo Pinstripe Ps Pour Tom 20 Pouces,Peaux,peaux-de-rechange,scraped
HER CS16 06,Peau Remo Cs Pour Tom 16 Pouces,Peaux,peaux-de-rechange,scraped
HER CS15 06,Peau Remo Cs Pour Tom 15 Pouces,Peaux,peaux-de-rechange,scraped
HER CS14 06,Peau Remo Cs Pour Tom 14 Pouces,Peaux,peaux-de-rechange,scraped
HER AS18 06,Peau Remo Ambassador Sablee Grosse Caisse De Batterie D18Pouces,Peaux,peaux-de-rechange,scraped
HER AS16 06,Peau Remo Ambassador Sablee Pour Tom 16 Pouces,Peaux,peaux-de-rechange,scraped
HER AS15T06,Peau Remo Ambassador Sablee Timbre Pour Tom 15 Pouces,Peaux,peaux-de-rechange,scraped
HER AS15 06,Peau Remo Ambassador Sablee Pour Tom 15 Pouces,Peaux,peaux-de-rechange,scraped
HER AS14T06,Peau Remo Ambassador Sablee Timbre Pour Tom 14 Pouces,Peaux,peaux-de-rechange,scraped
HER AS14 06,Peau Remo Ambassador Sablee Pour Tom 14 Pouces,Peaux,peaux-de-rechange,scraped
HER AS13 06,Peau Remo Ambassador Sablee Pour Tom 13 Pouces,Peaux,peaux-de-rechange,scraped
HER AS12 06,Peau Remo Ambassador Sablee Pour Tom 12 Pouces,Peaux,peaux-de-rechange,scraped
HER AS10 06,Peau Remo Ambassador Sablee Pour Tom 10 Pouces,Peaux,peaux-de-rechange,scraped
HER AS08 06,Peau Remo Ambassador Sablee Pour Tom 8 Pouces,Peaux,peaux-de-rechange,scraped
HER AS06 06,Peau Remo Ambassador Sablee Pour Tom 6 Pouces,Peaux,peaux-de-rechange,scraped
HER AL40 06,Peau Remo Ambassador Blanche Lisse Grosse Caisse 40 Pouces,Peaux,peaux-de-rechange,scraped
HER AL36 06,Peau Remo Ambassador Blanche Lisse Grosse Caisse 36 Pouces,Peaux,peaux-de-rechange,scraped
HER AL32 06,Peau Remo Ambassador Blanche Lisse Grosse Caisse 32 Pouces,Peaux,peaux-de-rechange,scraped
HEA CU08 06,Peau Animal Lp Cuica 8Pouces,Peaux,peaux-de-rechange,scraped
HEA CO12 06,Peau Animal Conga 12Pouces,Peaux,peaux-de-rechange,scraped
HEA BO56 06,Peau Animal Lp Bongo D7Pouces 1 4,Peaux,peaux-de-rechange,scraped
HEA BO55 06,Peau Animal Lp Bongo D8Pouces 5 8,Peaux,peaux-de-rechange,scraped
GUI 9000 06,Peigne Pour Guiro,Effets,cabassas-guiros-et-kokiriko,scraped
HER AS20 06,Peau Remo Ambassador Sablee Pour Tom 20 Pouces,Peaux,peaux-de-rechange,scraped
HER AS22 06,Peau Remo Ambassador Sablee Pour Tom 22 Pouces,Peaux,peaux-de-rechange,scraped
HER AS24 06,Peau Remo Ambassador Sablee Pour Tom 24 Pouces,Peaux,peaux-de-rechange,scraped
HER AS32 06,Peau Remo Ambassador Sablee Pour Grosse Caisse 32 Pouces,Peaux,peaux-de-rechange,scraped
HER CS13 06,Peau Remo Cs Pour Tom 13 Pouces,Peaux,peaux-de-rechange,scraped
HER CS12 06,Peau Remo Cs Pour Tom 12 Pouces,Peaux,peaux-de-rechange,scraped
HER CS10 06,Peau Remo Cs Pour Tom 10 Pouces,Peaux,peaux-de-rechange,scraped
HER CS08 06,Peau Remo Cs Pour Tom 8 Pouces,Peaux,peaux-de-rechange,scraped
HER CS06 06,Peau Remo Cs Pour Tom 6 Pouces,Peaux,peaux-de-rechange,scraped
HER AT24 06,Peau Remo Ambassador Transparente Pour Tom 24 Pouces,Peaux,peaux-de-rechange,scraped
HER AT22 06,Peau Remo Ambassador Transparente Pour Tom 22 Pouces,Peaux,peaux-de-rechange,scraped
HER AT20 06,Peau Remo Ambassador Transparente Pour Tom 20 Pouces,Peaux,peaux-de-rechange,scraped
HER AT18 06,Peau Remo Ambassador Transparente Pour Tom 18 Pouces,Peaux,peaux-de-rechange,scraped
PLT 1602 26,Polyblock Amovible Rythmes Sons Sur Crochet 2E,Bois,polyblocks-et-temple-blocks,scraped
HER AT16 06,Peau Remo Ambassador Transparente Pour Tom 16 Pouces,Peaux,peaux-de-rechange,scraped
HER AT14 06,Peau Remo Ambassador Transparente Pour Tom 14 Pouces,Peaux,peaux-de-rechange,scraped
HER AT13 06,Peau Remo Ambassador Transparente Pour Tom 13 Pouces,Peaux,peaux-de-rechange,scraped
HER AT12 06,Peau Remo Ambassador Transparente Pour Tom 12 Pouces,Peaux,peaux-de-rechange,scraped
HER AT10 06,Peau Remo Ambassador Transparente Pour Tom 10 Pouces,Peaux,peaux-de-rechange,scraped
HER AT08 06,Peau Remo Ambassador Transparente Pour Tom 8 Pouces,Peaux,peaux-de-rechange,scraped
HER AT06 06,Peau Remo Ambassador Transparente Pour Tom 6 Pouces,Peaux,peaux-de-rechange,scraped
HER AS40 06,Peau Remo Ambassador Sablee Pour Grosse Caisse 40 Pouces,Peaux,peaux-de-rechange,scraped
HER AS36 06,Peau Remo Ambassador Sablee Pour Grosse Caisse 36 Pouces,Peaux,peaux-de-rechange,scraped
HER AS34 06,Peau Remo Ambassador Sablee Pour Grosse Caisse 34 Pouces,Peaux,peaux-de-rechange,scraped
HER AT15 06,Peau Remo Ambassador Transparente Pour Tom 15 Pouces,Peaux,peaux-de-rechange,scraped
TBO 9302 26,Tambour De Bois Rythmes Sons Aigu,Bois,tambours-de-bois,scraped
PLT 1603 26,Polyblock Amovible Rythmes Sons Sur Crochet 3E,Bois,polyblocks-et-temple-blocks,scraped
PLT 1605 26,Polyblockamovible Rythmes Sons Sur Crochet 5E,Bois,polyblocks-et-temple-blocks,scraped
TBA 5008 06,Hand Drum Remo 8 Pouces 20 Cm,Peaux,tambourins-et-hand-drums,scraped
TBA 4228 06,Tambour Basque D Orchestre Cymbalettes 28,Peaux,tambourins-et-hand-drums,scraped
TBA 4225 06,Tambour Basque D Orchestre Cymbalettes 25,Peaux,tambourins-et-hand-drums,scraped
TBA 4125 06,Tambour Basque D Orchestre Cymbalettes 25,Peaux,tambourins-et-hand-drums,scraped
TBA 2125 06,Tambourin 26 Cm 10 Pouces 1 Rangee Cymb Peau Synthetique,Peaux,tambourins-et-hand-drums,scraped
TBA 2026 06,Tambourin 26 Cm 10 Pouces Sans Cymb Peau Synthetique,Peaux,tambourins-et-hand-drums,scraped
TBA 1225 06,Tambourin 26 Cm 10 Pouces 2 Rangees Cymb Peau Animale,Peaux,tambourins-et-hand-drums,scraped
TBA 1125 06,Tambourin 26 Cm 10 Pouces 1 Rangee Cymb Peau Animale,Peaux,tambourins-et-hand-drums,scraped
TBA 1120 06,Tambourin 20 Cm 8 Pouces 1 Rangee Cymb Peau Animale,Peaux,tambourins-et-hand-drums,scraped
TAM 3055 06,Tam Tam Chinois Plat Fen Luo 55 Cm,Métaux,gongs-tam-tams,scraped
TAM 0130 06,Tam Tam Chinois Wu Han 130 Cm,Métaux,gongs-tam-tams,scraped
TAM 0125 06,Tam Tam Chinois Wu Han 125 Cm,Métaux,gongs-tam-tams,scraped
TAM 0120 06,Tam Tam Chinois Wu Han 120 Cm,Métaux,gongs-tam-tams,scraped
TAM 0110 06,Tam Tam Chinois Wu Han 110 Cm,Métaux,gongs-tam-tams,scraped
TAM 0100 06,Tam Tam Chinois Wu Han 100 Cm,Métaux,gongs-tam-tams,scraped
TAM 0090 06,Tam Tam Chinois Wu Han 90 Cm,Métaux,gongs-tam-tams,scraped
TAM 0080 06,Tam Tam Chinois Wu Han 80 Cm,Métaux,gongs-tam-tams,scraped
TAM 0075 06,Tam Tam Chinois Wu Han 75 Cm,Métaux,gongs-tam-tams,scraped
TAM 0070 06,Tam Tam Chinois Wu Han 70 Cm,Métaux,gongs-tam-tams,scraped
TBA 5010 06,Hand Drum Remo 10 Pouces 26 Cm,Peaux,tambourins-et-hand-drums,scraped
TAM 0065 06,Tam Tam Chinois Wu Han 65 Cm,Métaux,gongs-tam-tams,scraped
TBA 5012 06,Hand Drum Remo 12 Pouces 31 Cm,Peaux,tambourins-et-hand-drums,scraped
TBA 5022 06,Hand Drum Remo 22 Pouces 56 Cm,Peaux,tambourins-et-hand-drums,scraped
TBO 9102 26,Tambour De Bois Rythmes Sons Grave,Bois,tambours-de-bois,scraped
CAJ SWCO,Cajon Schlagwerk 2 Surfaces De Jeu,Bois,cajons,scraped
TBO 0404 06,Tambour De Bois Schlagwerk Basse 4 Tons,Bois,tambours-de-bois,scraped
TBO 0306 06,Tambour De Bois Padouk Schlagwerk 6 Tons,Bois,tambours-de-bois,scraped
TBO 0304 06,Tambour De Bois Padouk Schlagwerk Petit 4 Tons,Bois,tambours-de-bois,scraped
TBO 0110W06,Tambour De Bois Schlagwerk 10 Tons,Bois,tambours-de-bois,scraped
TBO 0104 06,Tambour De Bois Padouk Schlagwerk 4 Tons,Bois,tambours-de-bois,scraped
TBO 0102 26,Tambour De Bois Rythmes Sons Standard,Bois,tambours-de-bois,scraped
TBI 9010 06,Dafri,Peaux,tambourins-et-hand-drums,scraped
TBI 2001 06,Paire De Tablas Indiens Avec Coussins,Peaux,djembes-darboukas-tablas,scraped
TBB 1225 06,Tambourin 25 Cm 10 Pouces 2 Rangees Cymb,Peaux,tambourins-et-hand-drums,scraped
TBB 1125 06,Tambourin 26 Cm 10 Pouces 1 Rangee Cymb,Peaux,tambourins-et-hand-drums,scraped
TBB 1120 06,Tambourin 20 Cm 8 Pouces 1 Rangee Cymb,Peaux,tambourins-et-hand-drums,scraped
TBA 8022 06,Ocean Drum 22 Pouces 56 Cm,Peaux,tambourins-et-hand-drums,scraped
TBA 8016 06,Ocean Drum 16 Pouces 40 Cm,Peaux,tambourins-et-hand-drums,scraped
TBA 6006 06,Tambourin Bresilien Lp,Peaux,tambourins-et-hand-drums,scraped
TBA 5210 06,Tambourin 26 Cm 10 Pouces 2 Rangees Cymb Peau Synthetique,Peaux,tambourins-et-hand-drums,scraped
TBA 5208 06,Tambourin 20 Cm 8 Pouces 2 Rangees Cymb Peau Synthetique,Peaux,tambourins-et-hand-drums,scraped
TBA 5108 06,Tambourin 20 Cm 8 Pouces 1 Rangee Cymb Peau Synthetique,Peaux,tambourins-et-hand-drums,scraped
TBA 5014 06,Hand Drum Remo 14 Pouces 36 Cm,Peaux,tambourins-et-hand-drums,scraped
TAM 0060 06,Tam Tam Chinois Wu Han 60 Cm,Métaux,gongs-tam-tams,scraped
TAM 0055 06,Tam Tam Chinois Wu Han 55 Cm,Métaux,gongs-tam-tams,scraped
TAM 0050 06,Tam Tam Chinois Wu Han 50 Cm,Métaux,gongs-tam-tams,scraped
RIN 2135 06,Rin Chinois En Bronze Noir 13 5 Cm,Métaux,rins,scraped
RIN 2120 06,Rin Chinois En Bronze Noir 12 Cm,Métaux,rins,scraped
RIN 2105 06,Rin Chinois En Bronze Noir 10 5,Métaux,rins,scraped
RIN 2090 06,Rin Chinois En Bronze Noir 9 Cm,Métaux,rins,scraped
RIN 1150 06,Rin Japonais En Laiton 15 Cm,Métaux,rins,scraped
RIN 1135 06,Rin Japonais En Laiton 13 5 Cm,Métaux,rins,scraped
RIN 1120 06,Rin Japonais En Laiton 12 Cm,Métaux,rins,scraped
RIN 1105 06,Rin Japonais En Laiton 10 5,Métaux,rins,scraped
RIN 1090 06,Rin Japonais En Laiton 9 Cm,Métaux,rins,scraped
RIN 1085 06,Rin Japonais En Laiton 8 5 Cm,Métaux,rins,scraped
RIN 1080 06,Rin Japonais En Laiton 8 Cm,Métaux,rins,scraped
RIN 1070 06,Rin Japonais En Laiton 7 Cm,Métaux,rins,scraped
RAI 2001 06,Rainmaker Traditionnel Lp,Effets,fouet-bois-et-baton-de-pluie,scraped
QUT 0011 06,Poignees De Cymbales Frappees,Métaux,cymbales,scraped
PLT 9703 26,Jeu De 3 Polyblock Piccolos Amovibles,Bois,polyblocks-et-temple-blocks,scraped
PLT 9606 26,Jeu De 6 Polyblock Amovibles Chassis 3 Niveaux,Bois,polyblocks-et-temple-blocks,scraped
PLT 9605 26,Jeu De 5 Polyblock Amovibles Chassis 3 Niveaux,Bois,polyblocks-et-temple-blocks,scraped
PLT 9603 26,Jeu De 3 Polyblock Amovibles Chassis 1 Niveau,Bois,polyblocks-et-temple-blocks,scraped
PLT 1606 26,Polyblockamovible Rythmes Sons Sur Crochet 6E,Bois,polyblocks-et-temple-blocks,scraped
RIN 2150 06,Rin Chinois En Bronze Noir 15 Cm,Métaux,rins,scraped
RIN 2180 06,Rin Chinois En Bronze Noir 18 Cm,Métaux,rins,scraped
RIN 2210 06,Rin Chinois En Bronze Noir 21 Cm,Métaux,rins,scraped
RTO 0301 06,Jeu De 3 Rototoms Avec Stand,Peaux,cooldrums-boobams,scraped
TAM 0045 06,Tam Tam Chinois Wu Han 45 Cm,Métaux,gongs-tam-tams,scraped
TAM 0040 06,Tam Tam Chinois Wu Han 40 Cm,Métaux,gongs-tam-tams,scraped
TAM P101 06,Tam Tam Paiste 101 Cm,Métaux,gongs-tam-tams,scraped
TAM P096 06,Tam Tam Paiste 96 Cm,Métaux,gongs-tam-tams,scraped
TAM P092 06,Tam Tam Paiste 92 Cm,Métaux,gongs-tam-tams,scraped
TAM P086 06,Tam Tam Paiste 86 Cm,Métaux,gongs-tam-tams,scraped
TAM P081 06,Tam Tam Paiste 81 Cm,Métaux,gongs-tam-tams,scraped
TAM P076 06,Tam Tam Paiste 76 Cm,Métaux,gongs-tam-tams,scraped
TAM P071 06,Tam Tam Paiste 71 Cm,Métaux,gongs-tam-tams,scraped
PLT 1604 26,Polyblockamovible Rythmes Sons Sur Crochet 4E,Bois,polyblocks-et-temple-blocks,scraped
TAM P061 06,Tam Tam Paiste 61 Cm,Métaux,gongs-tam-tams,scraped
SIS 3006 06,Jingle Sticks Lp 6 Cymbalettes,Métaux,crotales,scraped
SIS 1014 06,Sistre Grand Modele 14 Cymbalettes,Métaux,grelots,scraped
SHA 6101 06,Guiro Shaker Torpedo Lp Peigne,Effets,cabassas-guiros-et-kokiriko,scraped
WOO CGE5233,Wood Block Bois Cadeson Grand Modele,Bois,chocoblocks-wood-blocks-et-mokubio,scraped
RTO 1114 06,Rototom 14 Pouces Remo,Peaux,cooldrums-boobams,scraped
RTO 1112 06,Rototom 12 Pouces Remo,Peaux,cooldrums-boobams,scraped
RTO 1110 06,Rototom 10 Pouces Remo,Peaux,cooldrums-boobams,scraped
RTO 1108 06,Rototom 8 Pouces Remo,Peaux,cooldrums-boobams,scraped
RTO 1106 06,Rototom 6 Pouces Remo,Peaux,cooldrums-boobams,scraped
TAM P051 06,Tam Tam Paiste 51 Cm,Métaux,gongs-tam-tams,scraped
CCL SO42 06,Caisse Claire Sonor 14 Pouces X 5 Pouces ,Peaux,caisses-claires-pads-tambours,scraped
TBA BSTD4,Tambourin Black Swamp D10Pouces 26Cm Td4 Beryllium Cuivre,Peaux,tambourins-et-hand-drums,scraped
CSF HHXNSG20,Cymbales Sabian Hhx New Symphonic Germanic 20 Pouces,Métaux,cymbales,scraped
CCL PE1450S,Caisse Claire Pearl Sensitone 14X5Pouces,Peaux,caisses-claires-pads-tambours,scraped
CLV 0005,Paire De Claves Schlagwerk Acacia D25Mm,Bois,castagnettes-claves,scraped
TBA GP210L,Tambourin Grover Sx Br D10Pouces 25Cm Laiton,Peaux,tambourins-et-hand-drums,scraped
TCA 5045 06,Frame Drum D17Pouces 3 4 45Cm,Peaux,tambourins-et-hand-drums,scraped
HER PT121316,Pack Peaux Remo Pinstripe Transparente Caisse Claire Tom D12 13Pouces 16Pouces,Peaux,peaux-de-rechange,scraped
HER PT101214,Pack Peaux Remo Pinstripe Transparente Caisse Claire Tom D10 12Pouces 14Pouces,Peaux,peaux-de-rechange,scraped
HER AS121316,Pack Peaux Remo Ambassador Sablee Caisse Claire Tom D12 13Pouces 16Pouces,Peaux,peaux-de-rechange,scraped
HER AS101214,Pack Peaux Remo Ambassador Sablee Caisse Claire Tom D10 12Pouces 14Pouces,Peaux,peaux-de-rechange,scraped
HER ET101214,Pack Peaux Remo Emperor Transparente Caisse Claire Tom D10 12Pouces 14Pouces,Peaux,peaux-de-rechange,scraped
HER ES101214,Pack Peaux Remo Emperor Sablee Caisse Claire Tom D10 12Pouces 14Pouces,Peaux,peaux-de-rechange,scraped
GCC AF2822HOU,Housse Adams 4Trhnbdvh28 Grosse Caisse De Concert Adams Fixe 22 22Pouces,Peaux,grosses-caisses,scraped
TLA 0015 06,Timbales Latines Lp Aspire Lpa256 13 14Pouces Sur Stand Fut Acier,Peaux,bongos-congas-et-timbales-latines,scraped
CCL EUSD14KIT,Caisse Claire Capelle 14 5Pouces 1 2 Pied Housse,Peaux,caisses-claires-pads-tambours,scraped
CCL EUSD1455,Caisse Claire Capelle 14 5Pouces 1 2,Peaux,caisses-claires-pads-tambours,scraped
CZC OF20K,Cymbales Zildjian Constantinople D20Pouces,Métaux,cymbales,scraped
GCC AS3622RH,Grosse Caisse De Concert Reglable 36 22Pouces Adams 2Bdiif3622 Peau Synthetique,Peaux,grosses-caisses,scraped
LO CDNREMO,Cooldrum 6Pouces Rythmes Sons Black Edition,Peaux,cooldrums-boobams,scraped
PED DW3000,Pedale Grosse Caisse Dw3000,Peaux,grosses-caisses,scraped
GCC AS4022RH,Grosse Caisse De Concert Reglable 40 22Pouces Adams 2Bdiif4022 Peau Synthetique,Peaux,grosses-caisses,scraped
TAP 0100,Tapis De Batterie Stagg Scadru1815 Lite 180X150Cm,Peaux,batteries,scraped
PLW LP1207,Jam Blocks Lp Rouge Lp1207,Bois,polyblocks-et-temple-blocks,scraped
CRO S50303L,Jeu De Crotales Sabian Grave,Métaux,crotales,scraped
WOO SWB822S,Woodblock Schlagwerk Symphonic Series Aigu,Bois,chocoblocks-wood-blocks-et-mokubio,scraped
GCC AF3622RH+H,Grosse Caisse De Concert Adams 36 22Pouces Peau Synthetique Housse,Peaux,grosses-caisses,scraped
GUI CAGE662,Guiro Cadeson Ge662,Effets,cabassas-guiros-et-kokiriko,scraped
CCL CASBG146H,Caisse Claire Cadeson 14 6Pouces 1 2 Sgb Series Gold Bronze,Peaux,caisses-claires-pads-tambours,scraped
CCL CASBG145H,Caisse Claire Cadeson 14 5Pouces 1 2 Sgb Series Gold Bronze,Peaux,caisses-claires-pads-tambours,scraped
GCC AF4022HOU,Housse Adams 4Trhnbdvh40 Grosse Caisse De Concert Adams Fixe 40 22Pouces,Peaux,grosses-caisses,scraped
GCC AF4022RH,Adams 2Bdiiv4022 Grosse Caisse De Concert 40 22Pouces Peau Synthetique,Peaux,grosses-caisses,scraped
GCC AF2818HOU,Adams 4Trhnbdv28 Housse Grosse Caisse Fixe Adams 28 18Pouces,Peaux,grosses-caisses,scraped
TOM 41J6+ST,Lot De 6 Toms Melodiques 6 8Pouces 10 13Pouces 14Pouces Et 15Pouces 1 Peau Yamaha Serie Ct 800 Stands,Peaux,toms-de-concert,scraped
CIS OFSSY20,Cymbales Orchestre Istanbul Agop Super Symphonic D20Pouces,Métaux,cymbales,scraped
CIS OFSSY18,Cymbales Orchestre Istanbul Agop Super Symphonic D18Pouces,Métaux,cymbales,scraped
VEN 63472,Flute Coulisse Acme 472,Effets,sifflets-sirene-flute-coulisse,scraped
TRI SA6B8,Triangle Sabian 6Pouces 15Cm B8,Métaux,triangles-chimes,scraped
ETU PG231600,Jeu De Housses Batterie,Peaux,batteries,scraped
TAH DR331-14,Tambour Militaire Cadeson Dr331 14 14 12Pouces,Peaux,caisses-claires-pads-tambours,scraped
GOA 0914 06,Octave Suraigu De Gongs Thailandais,Métaux,gongs-tam-tams,scraped
PLW LP1204,Jam Blocks Lp Orange Lp1204,Bois,polyblocks-et-temple-blocks,scraped
WOO SWB823,Jeu De 3 Woodblock Schlagwerk Symphonic Series,Bois,chocoblocks-wood-blocks-et-mokubio,scraped
WOO SWB828S,Woodblock Schlagwerk Symphonic Series Grave,Bois,chocoblocks-wood-blocks-et-mokubio,scraped
WOO SWB825S,Woodblock Schlagwerk Symphonic Series Medium,Bois,chocoblocks-wood-blocks-et-mokubio,scraped
CRO S50303H,Jeu De Crotales Sabian Aigu,Métaux,crotales,scraped
PLW LP1205,Jam Blocks Lp Bleu Lp1204,Bois,polyblocks-et-temple-blocks,scraped
TRI SAM8B8H,Triangle Sabian 8Pouces 20Cm B8 Hh Martele Dore,Métaux,triangles-chimes,scraped
TRI SAM7B8H,Triangle Sabian 7Pouces 18Cm B8 Hh Martele Dore,Métaux,triangles-chimes,scraped
WOO 2010,Wood Block Bois Grover 10 Pouces,Bois,chocoblocks-wood-blocks-et-mokubio,scraped
WOO 2009,Wood Block Bois Grover 9 Pouces,Bois,chocoblocks-wood-blocks-et-mokubio,scraped
WOO 2008,Wood Block Bois Grover 8 Pouces,Bois,chocoblocks-wood-blocks-et-mokubio,scraped
WOO 2007,Wood Block Bois Grover 7 Pouces,Bois,chocoblocks-wood-blocks-et-mokubio,scraped
GCC AS3222RH,Adams 2Bdiif3222 Grosse Caisse De Concert Reglable 32 22Pouces Peau Synthetique,Peaux,grosses-caisses,scraped
CSC OS18K,Cymbale Zildjian Constantinople 18Pouces,Métaux,cymbales,scraped
CSA HHXSME19,Cymbales Sabian Hhx D19Pouces Synergy Medium 11994Xbm,Métaux,cymbales,scraped
TRI SAM5B8H,Triangle Sabian 5Pouces 13Cm B8 Hh Martele Dore,Métaux,triangles-chimes,scraped
TRI SAM6B8H,Triangle Sabian 6Pouces 15Cm B8 Hh Martele Dore,Métaux,triangles-chimes,scraped
CSC OS20K,Cymbale Zildjian Constantinople 20Pouces,Métaux,cymbales,scraped
CNG 3104 06,Super Quinto Michel Delaporte New Habana Frene 9 Pouces 3 4,Peaux,bongos-congas-et-timbales-latines,scraped
CCL SO515PA,Caisse Claire Sonor 14 Pouces X6 Pouces 1 2,Peaux,caisses-claires-pads-tambours,scraped
TOM CAG-PAC1,Jeu 6 Toms Melodique Cadeson Chassis Attaches,Peaux,toms-de-concert,scraped
HER PS18G06,Peau Remo Pinstripe Transparente Pour Grosse Caisse 18 Pouces,Peaux,peaux-de-rechange,scraped
CCL PE1412DEF,Caisse Claire Pearl De Defile 14 Pouces X12 Pouces,Peaux,caisses-claires-pads-tambours,scraped
DJE 3023,Djembe Africain Kangaba Petit Modele,Peaux,djembes-darboukas-tablas,scraped
DJE 3030,Djembe Africain Kangaba Moyen Modele,Peaux,djembes-darboukas-tablas,scraped
DJE 3037,Djembe Africain Kangaba Grand Modele,Peaux,djembes-darboukas-tablas,scraped
SHA 1005 06,Shaker Lp Shake It Metal,Effets,shakers-cherekes-et-maracas,scraped
SHA SHKSM,Shaker Grover Vert,Effets,shakers-cherekes-et-maracas,scraped
SHA SHKGV,Shaker Grover Orange,Effets,shakers-cherekes-et-maracas,scraped
SHA SHKAC,Shaker Grover Bleu,Effets,shakers-cherekes-et-maracas,scraped
TBA GP210HS,Tambourin Grover 10 Pouces 25 Cm 2 Rangees Cymb Argent Hybride,Peaux,tambourins-et-hand-drums,scraped
CZO PML20,Cymbales Zildjian Classic Orcherstral 20Pouces,Métaux,cymbales,scraped
HEA CC1205,Peau Animal Cadeson Conga D12Pouces 1 2,Peaux,peaux-de-rechange,scraped
HEA CC1134,Peau Animal Cadeson Conga D11Pouces 3 4,Peaux,peaux-de-rechange,scraped
HEA CC1100,Peau Animal Cadeson Conga D11Pouces,Peaux,peaux-de-rechange,scraped
TAP 0010,Tapis De Batterie Drum Base Dnb 180X140Cm,Peaux,batteries,scraped
PAC CI08,Pack Idiophones Cadeson,Peaux,sets-instruments-peaux,scraped
TRI SAM10B8H,Triangle Sabian 10Pouces 25Cm B8 Hh Martele Dore,Métaux,triangles-chimes,scraped
CNG 1415 06,Paire De Congas D10 11Pouces Stagg,Peaux,bongos-congas-et-timbales-latines,scraped
TAM 3080 06,Tam Tam Chinois Plat Fen Luo D80Cm,Métaux,gongs-tam-tams,scraped
CZF FXS10,Cymbale Zildjian Fx Stack Fxs10 D10Pouces,Métaux,cymbales,scraped
DAR 63000,Darbouka Egyptienne 8 Pouces Meinl,Peaux,djembes-darboukas-tablas,scraped
BAT PLEXX705NBR,Batterie Pearl Export 20Pouces,Peaux,batteries,scraped
GCC C100+PIE,Grosse Caisse De Concert Capelle 50X100 Avec Stand Peau Synthetique,Peaux,grosses-caisses,scraped
GCC AS4022HOU,Housse Adams 4Trhnbdh40 Grosse Caisse De Concert Adams Suspendue 40 22Pouces,Peaux,grosses-caisses,scraped
TAH FFXPMD1412,Tambour Militaire Pearl Ffxpmd 14 12Pouces,Peaux,caisses-claires-pads-tambours,scraped
COW PECB23,Cloche Agogo Pearl Ecb23,Métaux,cloches-vache-cencerros-cloche-latines,scraped
GCC AF3622HOU,Housse Grosse Caisse De Concert Adams Fixe D91Cm 36Pouces,Peaux,grosses-caisses,scraped
GCC AF3622RH,Grosse Caisse De Concert Adams 36 22Pouces Peau Synthetique,Peaux,grosses-caisses,scraped
GCC AF4018HOU,Housse Adams 4Trhnbdv40 Grosse Caisse De Concert Adams Suspendue 40 18Pouces,Peaux,grosses-caisses,scraped
CNG LP LPA647,Paire De Conga Lp Lpa647 Aw Aspire 11 12Pouces,Peaux,bongos-congas-et-timbales-latines,scraped
TBA 1130 06,Tambourin D12Pouces 30Cm 1 Rangee Cymbalettes Peau Animale,Peaux,tambourins-et-hand-drums,scraped
SHA 5101 06,Lot De 4 Shaker Oeufs Meinl,Effets,shakers-cherekes-et-maracas,scraped
GCC AF3222RH,Grosse Caisse De Concert Adams 2Bdiiv3222 32 22Pouces Peau Synthetique,Peaux,grosses-caisses,scraped
BEL LP450,Arbre Lp Lp450 De 26 Cloches Sur Support,Métaux,cloches-clochettes-asiatiques,scraped
DM CMEMAR15,Cymbales Frappees Meinl Marching Band Classic 15Pouces,Métaux,cymbales,scraped
DM CPSHE20,Cymbales Frappees Paiste Symphonic 20Pouces,Métaux,cymbales,scraped
DM CPSMD18,Cymbales Frappees Paiste Symphonic 18Pouces,Métaux,cymbales,scraped
DM CZG0F20,Cymbales Frappees Zildjian Symphonic Allemande 20Pouces,Métaux,cymbales,scraped
HER FA40,Peau Remo Ambassador Fiberskyn Grosse Caisse De Concert 40Pouces,Peaux,peaux-de-rechange,scraped
HER FA36,Peau Remo Ambassador Fiberskyn Grosse Caisse De Concert 36Pouces,Peaux,peaux-de-rechange,scraped
HER FA32,Peau Remo Ambassador Fiberskyn Grosse Caisse De Concert 32Pouces,Peaux,peaux-de-rechange,scraped
GCC AS3222HOU,Adams 4Trhnbd3222H Housse Grosse Caisse Fixe Adams 32 22Pouces,Peaux,grosses-caisses,scraped
GON 3-X3,Lot De 3 Gongs Opera Chinois Ascendant Accorde,Métaux,gongs-tam-tams,scraped
GCC AF3222HOU,Housse Adams 4Trhnbdvh32 Grosse Caisse De Concert Adams Fixe 32 22Pouces,Peaux,grosses-caisses,scraped
DAR EMDAB,Etui Rembourre Meinl Darbouka Egyptienne,Peaux,djembes-darboukas-tablas,scraped
BAT ASS3F01B+CP,Batterie Asba Simone 3 Futs Caisse Claire Asba 2X Pieds,Peaux,batteries,scraped
BAT ASM2414+P,Grosse Caisse 24 14Pouces Asba Simone Metal Pedale Double Yamaha,Peaux,batteries,scraped
CCL ASS1465,Caisse Claire Asba Simone 14 6Pouces 1 2,Peaux,caisses-claires-pads-tambours,scraped
BAT ASM2414,Grosse Caisse 24 14Pouces Asba Simone Metal,Peaux,batteries,scraped
BAT ASS3F01B,Batterie Asba Simone 3 Futs,Peaux,batteries,scraped
VEN 64263,Sifflet Bouche Acme Windmaster 263,Effets,sifflets-sirene-flute-coulisse,scraped
GCC AS3622HOU,Housse Adams 4Trhnbd3622H Grosse Caisse De Concert Adams Suspendue 36 22Pouces,Peaux,grosses-caisses,scraped
PAC COSAMNES21,Pack Batucada Contemporanea Samba 21 Instruments Nesting,Peaux,sets-instruments-peaux,scraped
TBB 1112X3,Lot De 12 Tambourins 6Pouces 10Pouces 1 Et 2 Rangees Cymbalettes,Peaux,tambourins-et-hand-drums,scraped
DM CISDR20,Cymbale Istanbul Agop Dark Ride D20Pouces Serie Traditional,Métaux,cymbales,scraped
CME OFSY17SUS,Cymbales Suspendues Meinl Symphonic 17Pouces Heavy,Métaux,cymbales,scraped
FOU COWHIP60,Fouet Clap Concorde 60Cm,Effets,fouet-bois-et-baton-de-pluie,scraped
TCA 1046+52,Tambours Sur Cadre 46 52Cm Peau Clouee,Peaux,tambourins-et-hand-drums,scraped
CME OFSY22SUS,Cymbales Suspendues Meinl Symphonic 22Pouces Heavy,Métaux,cymbales,scraped
CME OFSY16SUS,Cymbales Suspendues Meinl Symphonic 16Pouces Heavy,Métaux,cymbales,scraped
CME OFSY14SUS,Cymbales Suspendues Meinl Symphonic 14Pouces Heavy,Métaux,cymbales,scraped
CME OFSY18H,Cymbales Frappees Meinl Symphonic 18Pouces Heavy,Métaux,cymbales,scraped
CME OFSY19MH,Cymbales Frappees Meinl Symphonic 19Pouces Medium Heavy,Métaux,cymbales,scraped
CME OFSY16H,Cymbales Frappees Meinl Symphonic 16Pouces Heavy,Métaux,cymbales,scraped
CME OFSY18SUS,Cymbales Suspendues Meinl Symphonic 18Pouces Heavy,Métaux,cymbales,scraped
EUP TSE442024,Euphone Original E442024 Titanium Sound,Métaux,ludophones,scraped
PAD A4PPTAW,Adams 4Pptaw Pad Entrainement Original Aux Timbales,Peaux,caisses-claires-pads-tambours,scraped
PAD A4PPTAS,Adams 4Pptas Pad Elliptique Entrainement Aux Timbales,Peaux,caisses-claires-pads-tambours,scraped
HER FA28,Peau Remo Ambassador Fiberskyn Grosse Caisse De Concert 28Pouces,Peaux,peaux-de-rechange,scraped
GRE 24010,Collier De 10 Grelots 4Cm,Métaux,grelots,scraped
GRE 23510,Collier De 10 Grelots 3 5Cm,Métaux,grelots,scraped
GRE 23010,Collier De 10 Grelots 3Cm,Métaux,grelots,scraped
CME OFSY22M,Cymbales Frappees Meinl Symphonic 22Pouces Medium,Métaux,cymbales,scraped
CME OFSY20H,Cymbales Frappees Meinl Symphonic 20Pouces Heavy,Métaux,cymbales,scraped
MRC 5001-X2,Lot De 2 Petites Maracas Aigue,Effets,shakers-cherekes-et-maracas,scraped
CAS 0101X5,Lot De 5X Castagnettes Sur Manche Aigu Modele Etude,Bois,castagnettes-claves,scraped
CME OFSY20SUS,Cymbales Suspendues Meinl Symphonic 20Pouces Heavy,Métaux,cymbales,scraped
TRI SAM9B8H,Triangle Sabian 9Pouces 23Cm B8 Hh Martele Dore,Métaux,triangles-chimes,scraped
TRI SA8B8,Triangle Sabian 8Pouces 20Cm B8,Métaux,triangles-chimes,scraped
TOM YA2H24M,Tom Basse De Concert Yamaha Serie Ct 9000 2 Peaux 24 16Pouces,Peaux,toms-de-concert,scraped
CNG GP CA1150N,Conga Gon Bops California Natural D11 50Pouces,Peaux,bongos-congas-et-timbales-latines,scraped
CNG GP CA1075N,Quinto Gon Bops California Natural D10 75Pouces,Peaux,bongos-congas-et-timbales-latines,scraped
CNG GP CA0975N,Super Quinto Gon Bops California Natural D9 75Pouces,Peaux,bongos-congas-et-timbales-latines,scraped
CZC OF18K,Cymbales Zildjian Constantinople 18Pouces,Métaux,cymbales,scraped
CAS 4G DB,Castagnettes Sur Manche Double Clapper Franck Epstein Percussion,Bois,castagnettes-claves,scraped
CAS 4G SG,Castagnettes Sur Manche,Bois,castagnettes-claves,scraped
CAS 4GE50 LG,Castagnettes Sur Manche Grande E50 Grenadillo Franck Epstein Percussion,Bois,castagnettes-claves,scraped
CAS 4GE50 MD,Castagnettes Sur Manche Moyenne E50 Grenadillo Franck Epstein Percussion,Bois,castagnettes-claves,scraped
CAS 4GE50 SM,Castagnettes Sur Manche Petite E50 Grenadillo Franck Epstein Percussion,Bois,castagnettes-claves,scraped
CRO S50403L,Jeu De Crotales Sabian Octave Grave Do6 Do7 Accord 442,Métaux,crotales,scraped
CRO S50403H,Jeu De Crotales Sabian Octave Aigue Do7 Do8 Accord 442,Métaux,crotales,scraped
CCL YCSS1450A,Caisse Claire Yamaha Concert Ccs 1450A 14 5Pouces,Peaux,caisses-claires-pads-tambours,scraped
ETU 8LP520,Etui Lp Timbales Latines 14 15Pouces Pieds,Peaux,bongos-congas-et-timbales-latines,scraped
LO CZF0F20,Cymbales Orchestre Zildjian Symphonic Francaise D20Pouces,Métaux,cymbales,scraped
LO CSAHHXSME19,Cymbales Sabian Hhx Synergy Medium 11994Xbm D19Pouces,Métaux,cymbales,scraped
GCC AF2822RH,Grosse Caisse De Concert Adams 28 22Pouces Peau Synthetique,Peaux,grosses-caisses,scraped
ETU 301465,Housse Gewa Caisse Claire 14X6 5Pouces Sps,Peaux,caisses-claires-pads-tambours,scraped
TRI 6TB-SD12,Jeu De 12 Battes De Triangle Super Deluxe Grover Tb Sd,Métaux,triangles-chimes,scraped
TBA G110S,Tambourin Grover T1 Ss 10Pouces 25Cm Spanish Silver,Peaux,tambourins-et-hand-drums,scraped
CNG GP CA1225N,Tumba Gon Bops California Natural D12 25Pouces,Peaux,bongos-congas-et-timbales-latines,scraped
CNG GP CA1325N,Super Tumba Gon Bops California Natural D13 25Pouces,Peaux,bongos-congas-et-timbales-latines,scraped
TOM YA2H22M,Tom Basse De Concert Yamaha Serie Ct 9000 2 Peaux 22 16Pouces,Peaux,toms-de-concert,scraped
CCL PE1450PHB,Caisse Claire Pearl Philharmonic Phb1450 14 5Pouces,Peaux,caisses-claires-pads-tambours,scraped
TOM YA2H20M,Tom Basse De Concert Yamaha Serie Ct 9000 2 Peaux 20 16Pouces,Peaux,toms-de-concert,scraped
TOM YA2H18M,Tom Melodique Yamaha Serie Ct 9000 2 Peaux 18 16Pouces,Peaux,toms-de-concert,scraped
IEM TSBLUDAPX,Baguette Extra Balle Ludophone Ttanium Sound,Métaux,ludophones,scraped
IEM TSBLUDAPB,Baguette Bois Ludophone Ttanium Sound,Métaux,ludophones,scraped
IEM TSBLUDAPC,Baguette Caoutchouc Ludophone Ttanium Sound,Métaux,ludophones,scraped
IEM TSLUDEL,Ludophone Modele Electro,Métaux,ludophones,scraped
IEM TSLUDFL,Ludophone Modele Flocon,Métaux,ludophones,scraped
IEM TSLUDFLY,Ludophone Modele Dragon Fly,Métaux,ludophones,scraped
IEM TSLUDEUP,Ludophone Modele Euphone,Métaux,ludophones,scraped
PAC COSAMPRO20,Pack Batucada Contemporanea Pack02 20 Instruments Pro,Peaux,sets-instruments-peaux,scraped
IEM TSLUDSH,Ludophone Modele Soprano Harp,Métaux,ludophones,scraped
IEM TSLUDHX,Ludophone Modele Helix,Métaux,ludophones,scraped
CIS DR20 06,Cymbale Istanbul Agop Dark Ride D20Pouces Serie Traditional,Métaux,cymbales,scraped
TAP 0101,Tapis De Batterie Stagg 200X160Cm,Peaux,batteries,scraped
CLV STRC2,Paire De Claves Studio 49 Rc 2 Palissandre D23Mm,Bois,castagnettes-claves,scraped
WOO STW05,Wood Block Studio 49 Wo 5 8Pouces 20Cm,Bois,chocoblocks-wood-blocks-et-mokubio,scraped
WOO STW04,Wood Block Studio 49 Wo 4 7Pouces1 2 19Cm,Bois,chocoblocks-wood-blocks-et-mokubio,scraped
WOO STW03,Wood Block Studio 49 Wo 3 6Pouces1 2 17Cm,Bois,chocoblocks-wood-blocks-et-mokubio,scraped
WOO STW02,Wood Block Studio 49 Wo 2 6Pouces 15Cm,Bois,chocoblocks-wood-blocks-et-mokubio,scraped
WOO STW01,Wood Block Studio 49 Wo 1 5,Bois,chocoblocks-wood-blocks-et-mokubio,scraped
IEM TSLUDXB,Ludophone Modele Xbass Harp,Métaux,ludophones,scraped
BNG LP M201ABW,Paire De Bongos Lp Matador 7 Pouces 1 4 8 Pouces 5 8,Peaux,bongos-congas-et-timbales-latines,scraped
TBA MT1BK,Tambourin Meinl Headliner Demi Lune Noir,Peaux,tambourins-et-hand-drums,scraped
RAI MPRORS1,Baton De Pluie Meinl Bambou 120 Cm,Effets,fouet-bois-et-baton-de-pluie,scraped
CRO 29A440,Jeu De Crotales Zildjian Octave Aigue Do Do Accord 440,Métaux,crotales,scraped
CRO 29G440,Jeu De Crotales Zildjian Octave Grave Do Do Accord En 440,Métaux,crotales,scraped
TBI 8227,Kanjira Remo 7 Pouces 18 Cm Accordable,Peaux,tambourins-et-hand-drums,scraped
TRI 1055 06,Jeu De 6 Battes De Triangle Grover Standard Tb S Alloy 303,Métaux,triangles-chimes,scraped
HER RE20 06,Peau Remo Renaissance Pour Tom 20 Pouces,Peaux,peaux-de-rechange,scraped
GUI 5201 06,Multi Guiro Lp Peigne,Effets,cabassas-guiros-et-kokiriko,scraped
BAZ 8200 BLK,Bazoomba Noir,Bois,cajons,scraped
BAZ 8200 NAT,Bazoomba Bois Naturel,Bois,cajons,scraped
CSF HHXNSV18,Cymbales Sabian Hhx New Symphonic Viennoise 18 Pouces,Métaux,cymbales,scraped
MRC 9025 06,Maracas Meinl Plastique,Effets,shakers-cherekes-et-maracas,scraped
CIS JR22S06,Cymbal Istanbul Agop Serie Special Edition Jazz Ride 22 Pouces,Métaux,cymbales,scraped
CIS JR20S06,Cymbal Istanbul Agop Serie Special Edition Jazz Ride D20Pouces,Métaux,cymbales,scraped
PAC P010,Pack D Idiophones Peaux,Peaux,sets-instruments-peaux,scraped
PAC M010,Pack D Idiophone Metaux,Métaux,cymbales,scraped
PAC B010,Pack D Idiophones Bois,Bois,sets-instruments-bois,scraped
PAC A010,Pack D Idiophones Accessoires,Peaux,sets-instruments-peaux,scraped
TRI C8E,Jeu De 8 Battes De Triangle Cadeson Etui,Métaux,triangles-chimes,scraped
PAC CI11,Pack D Idiophones Cadeson,Peaux,sets-instruments-peaux,scraped
SHA CGE312,Shaker Cadeson Sandwich Cymbalettes 3 Niv Cymbalettes,Effets,shakers-cherekes-et-maracas,scraped
GCC YF4022,Grosse Caisse De Concert Yamaha 40 X 22 Modele Cb 840C,Peaux,grosses-caisses,scraped
PLT CEB6AS,Jeu De 6 Ebony Blocks Cadeson Accordes Chassis 2 Niveaux,Bois,polyblocks-et-temple-blocks,scraped
GCC YST840C,Stand A Roulettes Yamaha Pour Grosse Caisse Cb 840C,Peaux,grosses-caisses,scraped
DAR 6EEEA,Darbouka 8 Pouces Egyptienne Ethnik Sound Modele Ecaille Antique,Peaux,djembes-darboukas-tablas,scraped
TRI 8030 06,Triangle Gope 30 Cm Avec Batte,Métaux,triangles-chimes,scraped
TRI 8025 06,Triangle Gope 25 Cm Avec Batte,Métaux,triangles-chimes,scraped
TRI 8020 06,Triangle Gope 20 Cm Avec Batte,Métaux,triangles-chimes,scraped
TRI 8015 06,Triangle Gope 15 Cm Avec Batte,Métaux,triangles-chimes,scraped
SAM GPAGO03,Cloche Agogo A 2 Cloches Chrome,Métaux,cloches-vache-cencerros-cloche-latines,scraped
CYB 2208 06,Une Paire De Crotales Tibetaines 7 5 Cm,Métaux,crotales,scraped
CYB 2206 06,Une Paire De Crotales Tibetaines 6 Cm,Métaux,crotales,scraped
TAM 3060 06,Tam Tam Chinois Plat Fen Luo 60 Cm,Métaux,gongs-tam-tams,scraped
GCC YF4022+ST,Grosse Caisse De Concert Yamaha 40 Pouces X22 Pouces Modele Cb 840C Stand Modele Bs840C,Peaux,grosses-caisses,scraped
TAM 0140 06,Tam Tam Chinois 140 Cm,Métaux,gongs-tam-tams,scraped
TAM 0135 06,Tam Tam Chinois 135 Cm,Métaux,gongs-tam-tams,scraped
UDU ATS38BDC,Udu Ats Soucoupe Avec Double Tambour Et Cloche,Peaux,djembes-darboukas-tablas,scraped
UDU ATS28DCT,Udu Ats Double Avec Cloche Et Tambour,Peaux,djembes-darboukas-tablas,scraped
UDU ATS28CT,Udu Ats Avec Cloche Et Tambour,Peaux,djembes-darboukas-tablas,scraped
UDU ATS27T,Udu Ats Avec Tambour Peau Animale,Peaux,djembes-darboukas-tablas,scraped
CAJ DGCH BK,Cajon De Gregorio Modele Chanela Noir,Bois,cajons,scraped
CAJ DGYA RW,Cajon De Gregorio Modele Yaqui Rosewood,Bois,cajons,scraped
CAJ DGBR RM,Cajon De Gregorio Modele Bravo Red Makassar,Bois,cajons,scraped
CHM 6836S,Bar Chimes Sonor 36 Barres Laiton Avec Stand,Métaux,triangles-chimes,scraped
DAR 6EEZN,Darbouka 8 Pouces Egyptienne Ethnik Sound Modele Zebre Noir Sable,Peaux,djembes-darboukas-tablas,scraped
CHM CBAM16,Wind Chimes Bambou Cadeson 16 Barres Bambou,Métaux,triangles-chimes,scraped
TBA C10EG,Tambourin Cadeson 10 Pouces 25 Cm Style Egyptien,Peaux,tambourins-et-hand-drums,scraped
RTO C18S,Rototom 18 Pouces Cadeson Stand,Peaux,cooldrums-boobams,scraped
TBA 5012A06,Hand Drum Cadeson 12 Pouces 31 Cm Accordable,Peaux,tambourins-et-hand-drums,scraped
CCL CAGSO1451,Caisse Claire Cadeson 14X5Pouces 1 8 Master Prestige,Peaux,caisses-claires-pads-tambours,scraped
CCL CAGPI1441,Caisse Claire Cadeson 14X4Pouces 1 8 Master Prestige,Peaux,caisses-claires-pads-tambours,scraped
CCL CAGSP1341,Caisse Claire Cadeson 13X4Pouces 1 8 Master Prestige,Peaux,caisses-claires-pads-tambours,scraped
CCL CAGBA1465,Caisse Claire Cadeson 14X6Pouces 1 2 Master Prestige,Peaux,caisses-claires-pads-tambours,scraped
CCL CAGTE1406,Caisse Claire Cadeson 14X6Pouces Master Prestige,Peaux,caisses-claires-pads-tambours,scraped
CAB 9001 06,Chekere Avec Perles Plastiques Colorees Et Motif,Effets,shakers-cherekes-et-maracas,scraped
CSP HHX1 06,Pack 4 Cymbales De Batterie Sabian Serie Hhx,Métaux,cymbales,scraped
PED DW5000,Pedale Grosse Caisse Dw5000,Peaux,grosses-caisses,scraped
TBA 1230 06,Tambourin 30 Cm 12 Pouces 2 Rangees Cymb Peau Animale,Peaux,tambourins-et-hand-drums,scraped
RIN 1097 06,Rin Japonais En Laiton 9 7 Cm,Métaux,rins,scraped
TOM 6214 2F,Floor Tom Melodique Cadeson 14 Pouces,Peaux,toms-de-concert,scraped
TOM PNM306,Cool Drum 6 Pouces Rythmes Sons Black Edition Iron Head,Peaux,cooldrums-boobams,scraped
TEM CGE54W5,Jeu De 5 Temple Blocks Cadeson Stand,Bois,polyblocks-et-temple-blocks,scraped
TEM CGE5451,Jeu De 5 Temple Blocks Chinois Cadeson Stand,Bois,polyblocks-et-temple-blocks,scraped
PLT 1607 26,Polyblockamovible Rythmes Sons Sur Crochet 7E Petit,Bois,polyblocks-et-temple-blocks,scraped
CSF HHXSYM21,Cymbales Sabian Hhx Synergy Medium 21 Pouces,Métaux,cymbales,scraped
CSF HHXSYH21,Cymbales Sabian Hhx Synergy Heavy 21 Pouces,Métaux,cymbales,scraped
CSF HHXSYH20,Cymbales Sabian Hhx Synergy Heavy 20 Pouces,Métaux,cymbales,scraped
TBA 5016A06,Hand Drum Cadeson 16 Pouces 40 Cm Accordable,Peaux,tambourins-et-hand-drums,scraped
TBA G210G06,Tambourins Grover 10 Pouces 25 Cm 2 Rangees Cymb Berylium Argent,Peaux,tambourins-et-hand-drums,scraped
TRI 1050 06,Jeu De 10 Battes De Triangle Grover Deluxe Tb D Alloy 303,Métaux,triangles-chimes,scraped
TBO 0308C06,Tambour De Bois Schlagwerk 8 Tons,Bois,tambours-de-bois,scraped
RTO C16S,Rototom 16 Pouces Cadeson Stand,Peaux,cooldrums-boobams,scraped
RTO C1214S,Jeu De 2 Rototoms 12 Pouces Et 14 Pouces Cadeson Stand,Peaux,cooldrums-boobams,scraped
RTO C060810S,Jeu De 3 Rototoms 6 Pouces 8 Pouces Et 10 Pouces Cadeson Stand,Peaux,cooldrums-boobams,scraped
GCC CF2620,Grosse Caisse De Concert Cadeson 26 Pouces X20 Pouces Peau Synthetique,Peaux,grosses-caisses,scraped
TBA MT2BK,Tambourin Meinl Demi Lune Noir Avec Attache,Peaux,tambourins-et-hand-drums,scraped
TBA BSTD3,Tambourin Black Swamp D10Pouces 26Cm Td3 Argent,Peaux,tambourins-et-hand-drums,scraped
TBA BSTD1,Tambourin Black Swamp D10Pouces 26Cm Td1 Chrome 25,Peaux,tambourins-et-hand-drums,scraped
TBA BSTC1,Tambourin Black Swamp D10Pouces 26Cm Tc1 Chrome Bronze,Peaux,tambourins-et-hand-drums,scraped
TOM PN306-X3,Jeu De 3 Cool Drum Trio 6 Pouces Black Edition,Peaux,cooldrums-boobams,scraped
TOM YA1H06M,Tom Melodique Yamaha 6 Pouces 1 Peau,Peaux,toms-de-concert,scraped
CCL YGSR1450,Caisse Claire Yamaha Grand Symphonic Concert 14 Pouces X5 Pouces Palissandre Honduras,Peaux,caisses-claires-pads-tambours,scraped
CCL YCSM1450A,Caisse Claire Yamaha Concert Csm 1450A Ii 14 5Pouces,Peaux,caisses-claires-pads-tambours,scraped
VEN 6805 06,Sirene Manuelle Avec Manivelle,Effets,sifflets-sirene-flute-coulisse,scraped
HER PS14S06,Peau Remo Pinstripe Sablee Pour Tom 14 Pouces,Peaux,peaux-de-rechange,scraped
CCL YCSM1465A,Caisse Claire Yamaha Concert Csm 1465A Ii 14 6Pouces 1 2,Peaux,caisses-claires-pads-tambours,scraped
HER RE18 06,Peau Remo Renaissance Pour Tom 18 Pouces,Peaux,peaux-de-rechange,scraped
CSF HHXSYH17,Cymbales Sabian Hhx Synergy Heavy 17 Pouces,Métaux,cymbales,scraped
CSF HHXSYM17,Cymbales Sabian Hhx Synergy Medium 17 Pouces,Métaux,cymbales,scraped
BNG 0110 06,Bongos Tycoon Supremo 7 Pouces 8 5 Pouces,Peaux,bongos-congas-et-timbales-latines,scraped
TBO 0308F06,Tambour De Bois Schlagwerk 8 Tons,Bois,tambours-de-bois,scraped
CCL YGSM1450,Caisse Claire Yamaha Grand Symphonic Concert 14 Pouces X5 Pouces Erable,Peaux,caisses-claires-pads-tambours,scraped
TOM YA1H08M,Tom Melodique Yamaha 8 Pouces 1 Peau,Peaux,toms-de-concert,scraped
TOM YA1H10M,Tom Melodique Yamaha 10 Pouces 1 Peau,Peaux,toms-de-concert,scraped
TOM YA1H12M,Tom Melodique Yamaha 12 Pouces 1 Peau,Peaux,toms-de-concert,scraped
BNG ML MHB100NT,Paire De Bongos Meinl Headliner 6 Pouces 3 4 8 Pouces,Peaux,bongos-congas-et-timbales-latines,scraped
CAB 6004 06,Cabassa Lp Modele Deluxe,Effets,cabassas-guiros-et-kokiriko,scraped
CAB 6005 06,Cabassa Lp Modele Standard,Effets,cabassas-guiros-et-kokiriko,scraped
GCC AF3618RH,Grosse Caisse De Concert Adams 36 Pouces X18 Pouces Peau Synthetique,Peaux,grosses-caisses,scraped
TAM P152 06,Tam Tam Paiste D152Cm,Métaux,gongs-tam-tams,scraped
TAM P127 06,Tam Tam Paiste D127Cm,Métaux,gongs-tam-tams,scraped
TOM YA2H16M,Tom Melodique Yamaha Serie Ct 9000 2 Peaux 16 12Pouces,Peaux,toms-de-concert,scraped
TOM YA2H15M,Tom Melodique Yamaha Serie Ct 9000 2 Peaux 15 11Pouces1 2,Peaux,toms-de-concert,scraped
TOM YA2H14M,Tom Melodique Yamaha Serie Ct 9000 2 Peaux 14 11Pouces,Peaux,toms-de-concert,scraped
TOM YA2H13M,Tom Melodique Yamaha Serie Ct 9000 2 Peaux 13 10Pouces1 2,Peaux,toms-de-concert,scraped
TOM YA2H12M,Tom Melodique Yamaha Serie Ct 9000 2 Peaux 12 10Pouces,Peaux,toms-de-concert,scraped
TOM YA2H10M,Tom Melodique Yamaha Serie Ct 9000 2 Peaux 10 9Pouces,Peaux,toms-de-concert,scraped
TOM YA2H08M,Tom Melodique Yamaha Serie Ct 9000 2 Peaux 8 8Pouces,Peaux,toms-de-concert,scraped
TOM YA2H06M,Tom Melodique Yamaha Serie Ct 9000 2 Peaux 6 6Pouces 1 2,Peaux,toms-de-concert,scraped
GCC AS3618RH,Grosse Caisse De Concert Adams 36 Pouces X18 Pouces Peau Synthetique,Peaux,grosses-caisses,scraped
GCC AS4018RH,Grosse Caisse De Concert Adams 40 Pouces X18 Pouces Peau Synthetique Reglable,Peaux,grosses-caisses,scraped
DJE 21125,Djembe Meinl 12 Pouces Serie Headliner,Peaux,djembes-darboukas-tablas,scraped
CIS PXIST4B,Pack De Cymbales Istanbul Xist,Métaux,cymbales,scraped
HER PS22G06,Peau Remo Pinstripe Transparente Pour Grosse Caisse 22 Pouces,Peaux,peaux-de-rechange,scraped
BNG ML HB50BK,Paire De Bongos Meinl Headliner 6 Pouces 1 2 7 Pouces 1 2,Peaux,bongos-congas-et-timbales-latines,scraped
GCC AF4018RH,Grosse Caisse De Concert Adams 40 Pouces X18 Pouces Peau Synthetique,Peaux,grosses-caisses,scraped
GCC AF2818RH,Grosse Caisse De Concert Adams 28 18Pouces Peau Synthetique,Peaux,grosses-caisses,scraped
GCC AF3218RH,Grosse Caisse De Concert Adams 32 Pouces X18 Pouces Peau Synthetique,Peaux,grosses-caisses,scraped
CZP ZHT390,Jeu De Cymbales Zildjian Zht,Métaux,cymbales,scraped
BAT GRCA803,Batterie Catalina Club Jazz 18Pouces,Peaux,batteries,scraped
CCL LUBM5514,Caisse Claire Ludwig Black Magic Fut Cuivre Anodise 14 Pouces X 5 5 Pouces,Peaux,caisses-claires-pads-tambours,scraped
TCA 0010,Jeu De 4 Tambours Sur Cadre Cousue,Peaux,tambourins-et-hand-drums,scraped
TCA 0005,Jeu De 5 Tambours Sur Cadre Cousue,Peaux,tambourins-et-hand-drums,scraped
HER PS18S06,Peau Remo Pinstripe Sablee Pour Tom 18 Pouces,Peaux,peaux-de-rechange,scraped
HER PS08S06,Peau Remo Pinstripe Sablee Pour Tom 08 Pouces,Peaux,peaux-de-rechange,scraped
HER ET18 06,Peau Remo Emperor Transparente Pour Tom 18 Pouces,Peaux,peaux-de-rechange,scraped
HER ET16 06,Peau Remo Emperor Transparente Pour Tom 16 Pouces,Peaux,peaux-de-rechange,scraped
HER PS20G06,Peau Remo Pinstripe Transparente Pour Grosse Caisse 20 Pouces,Peaux,peaux-de-rechange,scraped
HER ET14 06,Peau Remo Emperor Transparente Pour Tom 14 Pouces,Peaux,peaux-de-rechange,scraped
HER ET08 06,Peau Remo Emperor Transparentepour Tom 8 Pouces,Peaux,peaux-de-rechange,scraped
BAT YASCB20,Batterie Yamaha Stage Custom Birch 20 Pouces,Peaux,batteries,scraped
GUI 7300 06,Guiro Meinl Fibre Forme Obus,Effets,cabassas-guiros-et-kokiriko,scraped
PAC 2CYC001,Pack 2Eme Cycle,Peaux,bongos-congas-et-timbales-latines,scraped
PAC 1CYC002,Pack 1Er Cycle Darbouka,Métaux,triangles-chimes,scraped
PAC 1CYC001,Pack 1Er Cycle,Métaux,triangles-chimes,scraped
GCC AS4018ARH,Grosse Caisse De Concert Adams 40 Pouces X18 Pouces Peau Animale Reglable,Peaux,grosses-caisses,scraped
DAR 6EEVC,Darbouka Egyptienne Ethnik Sound Aluminium 22 Cm Modele Vinyl Couleur Creme,Peaux,djembes-darboukas-tablas,scraped
PLT AD9ASB,Jeu De 9 Temple Blocks Adams Accordes,Bois,polyblocks-et-temple-blocks,scraped
HER ET10 06,Peau Remo Emperor Transparente Pour Tom 10 Pouces,Peaux,peaux-de-rechange,scraped
CSF HHXNSV19,Cymbales Sabian Hhx New Symphonic Viennoise D19Pouces,Métaux,cymbales,scraped
HER PS16S06,Peau Remo Pinstripe Sablee Pour Tom 16 Pouces,Peaux,peaux-de-rechange,scraped
HER PS10S06,Peau Remo Pinstripe Sablee Pour Tom 10 Pouces,Peaux,peaux-de-rechange,scraped
CSA ART16,Cymbale Suspendue Sabian Pour Orchestre Serie Artisan 16 Pouces 41 Cm,Métaux,cymbales,scraped
CSA ART18,Cymbale Suspendue Sabian Pour Orchestre Serie Artisan 18 Pouces 46 Cm,Métaux,cymbales,scraped
BNG LP 202AW,Triple Bongos Lp Generation Iii 5 Pouces 1 2 7 Pouces 1 4 9 Pouces,Peaux,bongos-congas-et-timbales-latines,scraped
CCL LULB416,Caisse Claire Ludwig Super Sensitive 14 Pouces X5 Pouces,Peaux,caisses-claires-pads-tambours,scraped
MRC 9030 06,Maracas Lp Plastique,Effets,shakers-cherekes-et-maracas,scraped
TRI 1060 06,Jeu De 4 Battes De Triangle Grover Tubulaires Deluxe Tb Td,Métaux,triangles-chimes,scraped
TRI BSSET1,Jeu De 3 Battes De Triangle Black Swamp,Métaux,triangles-chimes,scraped
HEE EMAD222,Peau Evans Emad2 Grosse Caisse De Batterie D22Pouces,Peaux,peaux-de-rechange,scraped
CNG 4309 06,Tumba Lp Accents 9 Pouces 3 4 Serie Armando Peraza,Peaux,bongos-congas-et-timbales-latines,scraped
CNG 4311 06,Tumba Lp Accents 11 Pouces Serie Armando Peraza,Peaux,bongos-congas-et-timbales-latines,scraped
CNG 4313 06,Tumba Lp Accents 11 Pouces 3 4 Serie Armando Peraza,Peaux,bongos-congas-et-timbales-latines,scraped
CNG 4325 06,Tumba Lp Accents 12 Pouces 1 2 Serie Armando Peraza,Peaux,bongos-congas-et-timbales-latines,scraped
LO BOOBAM,Boo Bam 6Pouces Occasion,Peaux,cooldrums-boobams,scraped
TBA BSTD2,Tambourin Td2 Bronze Phospohre Black Swamp 2 Rangees Cymbalettes D10Pouces 26Cm,Peaux,tambourins-et-hand-drums,scraped
CSA HHXJR20,Cymbale De Batterie Sabian Serie Hhx Jazz Ride 20 Pouces,Métaux,cymbales,scraped
TOM YA1H16M,Tom Melodique Yamaha 16 Pouces 1 Peau,Peaux,toms-de-concert,scraped
TOM YA1H15M,Tom Melodique Yamaha 15 Pouces 1 Peau,Peaux,toms-de-concert,scraped
TOM YA1H14M,Tom Melodique Yamaha 14 Pouces 1 Peau,Peaux,toms-de-concert,scraped
TOM YA1H13M,Tom Melodique Yamaha 13 Pouces 1 Peau,Peaux,toms-de-concert,scraped
GON 0021 06,Gong Thailandais 21 Cm,Métaux,gongs-tam-tams,scraped
GON 0024 06,Gong Thailandais 24 Cm,Métaux,gongs-tam-tams,scraped
GON 0036 06,Gong Thailandais 36 Cm,Métaux,gongs-tam-tams,scraped
GON 0039 06,Gong Thailandais 39 Cm,Métaux,gongs-tam-tams,scraped
CSA HHXSUS18,Cymbale Suspendue Sabian Pour Orchestre Serie Hhx 18 Pouces 46 Cm,Métaux,cymbales,scraped
CSF AAORCV18,Cymbales Sabian Aa Orchestre Viennoise 18 Pouces 46 Cm,Métaux,cymbales,scraped
TOM 62BJ2 2022,Jeu De 2 Toms Basses Melodique Cadeson 20 Pouces Et 22 Pouces,Peaux,toms-de-concert,scraped
TOM 62FJ3 1418,Jeu De 3 Floor Toms Melodique Cadeson 14 Pouces 16 Pouces Et 18 Pouces,Peaux,toms-de-concert,scraped
TOM CAG12208,Tom Melodique Cadeson Gigogne 22 Pouces X8 Pouces,Peaux,toms-de-concert,scraped
TOM CAG11605,Tom Melodique Cadeson Gigogne 16 Pouces X5 Pouces,Peaux,toms-de-concert,scraped
TOM CAG11405,Tom Melodique Cadeson Gigogne 14 Pouces X5 Pouces,Peaux,toms-de-concert,scraped
TOM CAG11205,Tom Melodique Cadeson Gigogne 12 Pouces X5 Pouces,Peaux,toms-de-concert,scraped
TOM CAG11005,Tom Melodique Cadeson Gigogne 10 Pouces X5 Pouces,Peaux,toms-de-concert,scraped
HER PS13S06,Peau Remo Pinstripe Sablee Pour Tom 13 Pouces,Peaux,peaux-de-rechange,scraped
PAC ET05,Pack Etudiant,Peaux,caisses-claires-pads-tambours,scraped
TAM P066 06,Tam Tam Paiste 66 Cm,Métaux,gongs-tam-tams,scraped
TAM P056 06,Tam Tam Paiste 56 Cm,Métaux,gongs-tam-tams,scraped
PAC CI10,Pack D Idiophones Cadeson,Peaux,sets-instruments-peaux,scraped
TRI BCH E26A,Jeu De 4 Paires De Battes De Triangle Chalklin Acier,Métaux,triangles-chimes,scraped
TRI BCH E26,Jeu De 3 Paires De Battes De Triangle Chalklin Acier,Métaux,triangles-chimes,scraped
TRI BCH S30A,Jeu De 4 Paires De Battes De Triangle Chalklin Laiton,Métaux,triangles-chimes,scraped
TRI BCH S30,Jeu De 3 Paires De Battes De Triangle Chalklin Laiton,Métaux,triangles-chimes,scraped
GON 0051 06,Gong Thailandais 61 Cm,Métaux,gongs-tam-tams,scraped
GON 0042 06,Gong Thailandais 42 Cm,Métaux,gongs-tam-tams,scraped
CSF HHXSYH18,Cymbales Sabian Hhx Synergy Heavy 18 Pouces,Métaux,cymbales,scraped
GUI 0040 06,Guiro Bois Vernis Grattoir 40 Cm,Effets,cabassas-guiros-et-kokiriko,scraped
TOM CAG11808,Tom Melodique Cadeson Gigogne 18 Pouces X8 Pouces,Peaux,toms-de-concert,scraped
GRE 3009 06,Grelots Sur Manche 9 Pieces,Métaux,grelots,scraped
VIB 31ADSAS,Vibraphone Adams Vswa31S Solist Moteur 3 1 Octaves Clavier Argente,Claviers,vibraphones,scraped
VIB 31ADSASSM,Vibraphone Adams Vsna31S Solist Moteur 3 1 Octaves Clavier Argente,Claviers,vibraphones,scraped
MAR 50ADAHAA,Marimba Adams Maha50 Artist Alpha 5 Octaves,Claviers,marimbas,scraped
MAR 43ADAHAA,Marimba Adams Maha43 Artist Alpha Apex 4 Octaves 1 3,Claviers,marimbas,scraped
MAR 43ADMCPA,Marimba Adams Mcpa43 Concert 4 Octaves 1 3,Claviers,marimbas,scraped
MAR 43ADMCKA,Marimba Adams Mcka43 Concert 4 Octaves 1 3,Claviers,marimbas,scraped
MAR 43ADMCHA,Marimba Adams Mcha43 Concert 4 Octaves 1 3,Claviers,marimbas,scraped
MAR 43ADMSHA,Marimba Adams Msha43 Solist 4 Octaves 1 3,Claviers,marimbas,scraped
MAR 43ADMSPA,Marimba Adams Mspa43 Solist 4 Octaves 1 3,Claviers,marimbas,scraped
XYL 40ADXSLA4,Xylophone Adams Xs2La40 Solist 4 Octaves,Claviers,xylophones,scraped
XYL 40ADXSHA,Xylophone Adams Xs2Ha40 Solist 4 Octaves,Claviers,xylophones,scraped
XYL 35ADXSHA,Xylophone Adams Xs2Ha35 Solist 3 Octaves 1 2,Claviers,xylophones,scraped
XYL 35ADXKA3,Xylophone Adams Xs2Ka35 Solist 3 Octaves 1 2,Claviers,xylophones,scraped
XYL 40ADXCHA,Xylophone Adams Xc2Hv40 Concert Apex 4 Octaves,Claviers,xylophones,scraped
XYL 35ADSLA3,Xylophone Adams Xs2Lv35 Solist Apex 3 Octaves 1 2,Claviers,xylophones,scraped
XYL 40ADAAHA,Xylophone Adams Aha40 Artist Alpha Apex 4 Octaves,Claviers,xylophones,scraped
VIB 30MO9003LE,Vibraphone Marimba One 9003 One Vibe Limited Edition 3 Octaves Clavier Noir,Claviers,vibraphones,scraped
DM CLT3005,Cloches Tubes Adams Bk3216 Symphonic Laiton Chrome 1 Octave 2 3,Claviers,cloches-tubes,scraped
DM MAR46ADAHV2,Marimba Adams Mahv46 Artist Robert Van Sice 4 Octaves 2 3,Claviers,marimbas,scraped
VIB 30ADCASSM,Vibraphone Adams Vcwa30S Artist 3 Octaves Clavier Argente,Claviers,vibraphones,scraped
DM XYL40ADAAH,Xylophone Adams Aha40 Artist Alpha 4 Octaves,Claviers,xylophones,scraped
VIB 30ADCAG,Vibraphone Adams Vcwa30G Artist 3 Octaves Clavier Dore,Claviers,vibraphones,scraped
VIB 30ADAAG,Vibraphone Adams Vawa30G Artist Alpha 3 Octaves Clavier Dore,Claviers,vibraphones,scraped
TAC 0205 63,Plateau De Protection Pour Timbale Adams 20 Pouces,Timbales,accessoires,scraped
TAC 0204 63,Plateau De Protection Pour Timbale Adams 23 Pouces,Timbales,accessoires,scraped
TAC 0201 63,Plateau De Protection Pour Timbale Adams 32 Pouces,Timbales,accessoires,scraped
TAC 0132 05,Housse Renforcee Pour Timbale Adams 32 Pouces,Timbales,accessoires,scraped
TAC 0129 05,Housse Renforcee Pour Timbale Adams 29 Pouces,Timbales,accessoires,scraped
TAC 0126 05,Housse Renforcee Pour Timbale Adams 26 Pouces,Timbales,accessoires,scraped
TAC 0123 05,Housse Renforcee Pour Timbale Adams 23 Pouces,Timbales,accessoires,scraped
TAC 0120 05,Housse Renforcee Pour Timbale Adams 20 Pouces,Timbales,accessoires,scraped
TAC 0032 05,Housse Pour Timbale Adams 32 Pouces,Timbales,accessoires,scraped
TAC 0026 05,Housse Pour Timbale Adams 26 Pouces,Timbales,accessoires,scraped
XYL 35RS0500,Xylophone Etude Adams 3 Octaves 1 2,Claviers,xylophones,scraped
XYL 40ADXSKA,Xylophone Adams Xs2Ka40 Solist 4 Octaves,Claviers,xylophones,scraped
CLT Y7018,Cloches Tubes Yamaha Ch7018 Laiton Finition Clear Lacquer Coating 1 Octave 1 2,Claviers,cloches-tubes,scraped
VIB 30YA3030SM,Vibraphone Yamaha 3030Ms 3 Octaves Clavier Argente,Claviers,vibraphones,scraped
VIB 35ADAAG,Vibraphone Adams Vaat35 Vawa35G Artist Alpha 3 Octaves 1 2 Clavier Dore,Claviers,vibraphones,scraped
VIB 40ADAAS,Vibraphone Adams Vawa40S 4 Octaves Clavier Argente,Claviers,vibraphones,scraped
VIB 40ADAAG,Vibraphone Adams Vawa40G 4 Octaves Clavier Dore,Claviers,vibraphones,scraped
VIB 35ADAAS,Vibraphone Adams Vaat35 Vawa35S Artist Alpha 3 Octaves 1 2 Clavier Argente,Claviers,vibraphones,scraped
VIB 30ADAAS,Vibraphone Adams Vawa30S Artist Alpha 3 Octaves Clavier Argente,Claviers,vibraphones,scraped
VIB 30ADCAS,Vibraphone Adams Vcwa30S Artist 3 Octaves Clavier Argente,Claviers,vibraphones,scraped
DM XYL40ADXCHV,Xylophone Adams Xc2Hv40 Concert Voyager 4 Octaves,Claviers,xylophones,scraped
LO VIBADCVS,Vibraphone Adams Fcwv30 Concert 3 Octaves Clavier Argente,Claviers,vibraphones,scraped
VIB 30YA2030SM,Vibraphone Yamaha 2030 3 Octaves Clavier Argente,Claviers,vibraphones,scraped
,Marimba Adams Msha43 Solist 4 Octaves 1 3,Claviers,marimbas,scraped
XYL 40MO9712,Xylophone Marimba One 4 Octaves,Claviers,xylophones,scraped
VIB 30MO9002,Vibraphone Marimba One One Vibe 3 Octaves Clavier Dore,Claviers,vibraphones,scraped
VIB 30MO9001,Vibraphone Marimba One One Vibe 3 Octaves Clavier Argente,Claviers,vibraphones,scraped
VIB 30ADNWS,Adams Vnw30S Vibraphone Nomad 3 Octaves Clavier Argente,Claviers,vibraphones,scraped
VIB 30ADNWG,Adams Vnw30G Vibraphone Nomad 3 Octaves Clavier Dore,Claviers,vibraphones,scraped
MAR 50ADOHAA,Adams Moha50 Marimba Onyx 5 Octaves,Claviers,marimbas,scraped
MAR 50CO2350R,Concorde M2350R Marimba 5 Octaves,Claviers,marimbas,scraped
MAR 50CO2023RP,Concorde M2023Rp Marimba 5 Octaves,Claviers,marimbas,scraped
MAR 50CO7000+ET,Concorde M7000 Marimba 5 Octaves Etui,Claviers,marimbas,scraped
TAC 0212 63,Plateau De Protection Pour Timbale Premier Elite 30 Pouces,Timbales,accessoires,scraped
VIB 30YA3030-J3,Vibraphone 3 Octaves Yamaha 3030Ms Clavier Argente Moteur Et Transformateur,Claviers,vibraphones,scraped
LO XYL40CO8002G,Xylophone 4 Octaves Concorde X8002 Ga,Claviers,xylophones,scraped
GLO 33ADAL33,Adams Gaa33 Glockenspiel Pedale 3 Octaves 1 3,Claviers,glockenspiels,scraped
TAC 0213 63,Plateau De Protection Pour Timbale Premier Elite 28 Pouces,Timbales,accessoires,scraped
TAC 0222 63,Plateau De Protection Pour Timbale Premier 30 Pouces Concert Ou Pro Symphonic,Timbales,accessoires,scraped
TAUN FV 23R,Timbale Adams Universel 23Pouces Fibre De Verre Parabolique,Timbales,classiques,scraped
TAUN FV 20R,Timbale Adams Universel 20Pouces Fibre De Verre Parabolique,Timbales,classiques,scraped
TAUN CM 32R,Adams Universel 32 Pouces Cuivre Martele Parabolique,Timbales,classiques,scraped
TAUN CM 29R,Adams Universel 29 Pouces Cuivre Martele Parabolique,Timbales,classiques,scraped
TAUN CM 26R,Adams Universel 26 Pouces Cuivre Martele Parabolique,Timbales,classiques,scraped
TAUN CM 23R,Adams Universel 23 Pouces Cuivre Martele Parabolique,Timbales,classiques,scraped
TAUN CM 20R,Adams Universel 20 Pouces Cuivre Martele Parabolique,Timbales,classiques,scraped
TAUN CL 32R,Adams Universel 32 Pouces Cuivre Lisse Parabolique,Timbales,classiques,scraped
TAUN CL 29R,Adams Universel 29 Pouces Cuivre Lisse Parabolique,Timbales,classiques,scraped
TAUN CL 26R,Adams Universel 26 Pouces Cuivre Lisse Parabolique,Timbales,classiques,scraped
TAUN CL 23R,Adams Universel 23 Pouces Cuivre Lisse Parabolique,Timbales,classiques,scraped
TSC 0332 05,Timbale Adams Symphonic Fut Lisse Parabolique 32 Pouces,Timbales,classiques,scraped
TSC 0329 05,Timbale Adams Symphonic Fut Lisse Parabolique 29 Pouces,Timbales,classiques,scraped
TSC 0326 05,Timbale Adams Symphonic Fut Lisse Parabolique 26 Pouces,Timbales,classiques,scraped
TSC 0323 05,Timbale Adams Symphonic Fut Lisse Parabolique 23 Pouces,Timbales,classiques,scraped
TSC 0320 05,Timbale Adams Symphonic Fut Lisse Parabolique 20 Pouces,Timbales,classiques,scraped
TSC 0232 05,Timbale Adams Symphonic Martele Parabolique 32 Pouces,Timbales,classiques,scraped
TSC 0229 05,Timbale Adams Symphonic Martele Parabolique 29 Pouces,Timbales,classiques,scraped
TSC 0226 05,Timbale Adams Symphonic Martele Parabolique 26 Pouces,Timbales,classiques,scraped
TAUN FV 26R,Timbale Adams Universel 26Pouces Fibre De Verre Parabolique,Timbales,classiques,scraped
TSC 0223 05,Timbale Adams Symphonic Martele Parabolique 23 Pouces,Timbales,classiques,scraped
TAUN FV 29R,Timbale Adams Universel 29Pouces Fibre De Verre Parabolique,Timbales,classiques,scraped
TAPR CP 32R,Adams Professionnel Generation Ii 32 Pouces Cuivre Martele Profond,Timbales,classiques,scraped
TPC 02-J2,Lot De 2 Timbales Adams Professionel,Timbales,classiques,scraped
TSC 03-J2,Jeu De 2 Timbales Adams Symphonic,Timbales,classiques,scraped
TAC 0623 05,Sac De Transport Timbale Adams Universal 23Pouces,Timbales,accessoires,scraped
TAC 0632 05,Sac De Transport Timbale Adams Universal 32Pouces,Timbales,accessoires,scraped
ACC TT20 06,Accordeur Electronique,Timbales,accessoires,scraped
TARE CM 20R,Adams Revolution 20 Pouces Cuivre Martele Parabolique,Timbales,classiques,scraped
TARE CM 23R,Adams Revolution 23 Pouces Cuivre Martele Parabolique,Timbales,classiques,scraped
TARE CM 26R,Adams Revolution 26 Pouces Cuivre Martele Parabolique,Timbales,classiques,scraped
TARE CM 29R,Adams Revolution 29 Pouces Cuivre Martele Parabolique,Timbales,classiques,scraped
TARE CM 32R,Adams Revolution 32 Pouces Cuivre Martele Parabolique,Timbales,classiques,scraped
TARE FV 20R,Timbale Adams Revolution Fibre Verre Parabolique 20 Pouces,Timbales,classiques,scraped
TARE FV 26R,Adams Revolution 26 Pouces Fibre De Verre,Timbales,classiques,scraped
TARE FV 29R,Adams Revolution 29 Pouces Fibre De Verre,Timbales,classiques,scraped
TARE FV 32R,Adams Revolution 32 Pouces Fibre De Verre,Timbales,classiques,scraped
LAC VG04 06,Bombe Lubrifiante Teflon Pour Timbale,Timbales,accessoires,scraped
TAPR CP 20R,Adams Professionnel Generation Ii 20 Pouces Cuivre Martele Profond,Timbales,classiques,scraped
TAPR CP 23R,Adams Professionnel Generation Ii 23 Pouces Cuivre Martele Profond,Timbales,classiques,scraped
TAPR CP 26R,Adams Professionnel Generation Ii 26 Pouces Cuivre Martele Profond,Timbales,classiques,scraped
TAPR CP 29R,Adams Professionnel Generation Ii 29 Pouces Cuivre Martele Profond,Timbales,classiques,scraped
TAUN FV 32R,Timbale Adams Universel 32Pouces Fibre De Verre Parabolique,Timbales,classiques,scraped
TSC 0220 05,Timbale Adams Symphonic Martele Parabolique 20 Pouces,Timbales,classiques,scraped
TSC 0132 05,Timbale Adams Symphonic Cuivre Profond 32 Pouces ,Timbales,classiques,scraped
TSC 0126 05,Timbale Adams Symphonic Cuivre Profond 26 Pouces ,Timbales,classiques,scraped
TPC 0220 05,Timbale Adams Professionnel Fut Lisse Parabolique 20 Pouces ,Timbales,classiques,scraped
TPC 0132 05,Timbale Adams Professionel Martele Parabolique 32 Pouces ,Timbales,classiques,scraped
TPC 0129 05,Timbale Adams Professionel Martele Parabolique 29 Pouces ,Timbales,classiques,scraped
TPC 0126 05,Timbale Adams Professionel Martele Parabolique 26 Pouces ,Timbales,classiques,scraped
TPC 0123 05,Timbale Adams Professionel Martele Parabolique 23 Pouces ,Timbales,classiques,scraped
TPC 0120 05,Timbale Adams Professionel Martele Parabolique 20 Pouces ,Timbales,classiques,scraped
TMS C132 05,Timbale Majestic Symphonic Cuivre Martele 32 Pouces ,Timbales,classiques,scraped
TMS C129 05,Timbale Majestic Symphonic Cuivre Martele 29 Pouces ,Timbales,classiques,scraped
TMS C126 05,Timbale Majestic Symphonic Cuivre Martele 26 Pouces ,Timbales,classiques,scraped
TMS C120 05,Timbale Majestic Symphonic Cuivre Martele 20 Pouces ,Timbales,classiques,scraped
TMH F032 05,Timbale Majestic Harmonic Fibre De Verre 32 Pouces ,Timbales,classiques,scraped
TMH F029 05,Timbale Majestic Harmonic Fibre De Verre 29 Pouces ,Timbales,classiques,scraped
TMH F026 05,Timbale Majestic Harmonic Fibre De Verre 26 Pouces ,Timbales,classiques,scraped
TMH F023 05,Timbale Majestic Harmonic Fibre De Verre 23 Pouces ,Timbales,classiques,scraped
TMH F020 05,Timbale Majestic Harmonic Fibre De Verre 20 Pouces ,Timbales,classiques,scraped
TMG C123 05,Timbale Majestic Grand Symphonic Martele 23 Pouces ,Timbales,classiques,scraped
TAC 0629 05,Sac De Transport Timbale Adams Universal 29Pouces,Timbales,accessoires,scraped
TAC 0626 05,Sac De Transport Timbale Adams Universal 26Pouces,Timbales,accessoires,scraped
TAC 0223 63,Plateau De Protection Pour Timbale Premier 28 Pouces Concert Ou Pro Symphonic,Timbales,accessoires,scraped
TPC 0223 05,Timbale Adams Professionnel Fut Lisse Parabolique 23 Pouces ,Timbales,classiques,scraped
TPC 0226 05,Timbale Adams Professionnel Fut Lisse Parabolique 26 Pouces ,Timbales,classiques,scraped
TPC 0229 05,Timbale Adams Professionnel Fut Lisse Parabolique 29 Pouces ,Timbales,classiques,scraped
TPC 0232 05,Timbale Adams Professionnel Fut Lisse Parabolique 32 Pouces ,Timbales,classiques,scraped
TSC 0120 05,Timbale Adams Symphonic Cuivre Profond 20 Pouces ,Timbales,classiques,scraped
TPS 0332 05,Premier Pro Symphonic 32 Pouces Cuivre Lisse Parabolique,Timbales,classiques,scraped
TPS 0330 05,Premier Pro Symphonic 30 Pouces Cuivre Lisse Parabolique,Timbales,classiques,scraped
TPS 0328 05,Premier Pro Symphonic 28 Pouces Cuivre Lisse Parabolique,Timbales,classiques,scraped
TPS 0325 05,Premier Pro Symphonic 25 Pouces Cuivre Lisse Parabolique,Timbales,classiques,scraped
TPS 0322 05,Premier Pro Symphonic 22 5 Pouces Cuivre Lisse Parabolique,Timbales,classiques,scraped
TPS 0032 05,Premier Concert 32 Pouces Cuivre Lisse Parabolique,Timbales,classiques,scraped
TPS 0030 05,Premier Concert 30 Pouces Cuivre Lisse Parabolique,Timbales,classiques,scraped
TPS 0028 05,Premier Concert 28 Pouces Cuivre Lisse Parabolique,Timbales,classiques,scraped
TAC 0221 63,Plateau De Protection Pour Timbale Premier 32 Pouces Concert Ou Pro Symphonic,Timbales,accessoires,scraped
TPS 0025 05,Premier Concert 25 Pouces Cuivre Lisse Parabolique,Timbales,classiques,scraped
TPF 0129 05,Timbale Adams Professionnel Fibre De Verre 29 Pouces ,Timbales,classiques,scraped
TPF 0126 05,Timbale Adams Professionnel Fibre De Verre 26 Pouces ,Timbales,classiques,scraped
TPF 0123 05,Timbale Adams Professionnel Fibre De Verre 23 Pouces ,Timbales,classiques,scraped
TPF 0120 05,Timbale Adams Professionnel Fibre De Verre 20 Pouces ,Timbales,classiques,scraped
TPE 0032 05,Premier Elite 32 Pouces Cuivre Lisse Parabolique,Timbales,classiques,scraped
TPE 0030 05,Premier Elite 30 Pouces Cuivre Lisse Parabolique,Timbales,classiques,scraped
TPE 0028 05,Premier Elite 28 Pouces Cuivre Lisse Parabolique,Timbales,classiques,scraped
TPE 0025 05,Timbale Premier Elite Cuivre Lisse 25 Pouces,Timbales,classiques,scraped
TPE 0022 05,Premier Elite 22 5 Pouces Cuivre Lisse Parabolique,Timbales,classiques,scraped
TPS 0022 05,Premier Concert 22 5 Pouces Cuivre Lisse Parabolique,Timbales,classiques,scraped
TAUN FV-J2,Jeu De 2 Timbales Adams Universel 29 Pouces 26 Pouces,Timbales,classiques,scraped
VIB R704 04,Vibraphone Ross Etude R704 3 Octaves,Claviers,vibraphones,scraped
VIB R715 04,Vibraphone Ross Concert R715S 3 Octaves,Claviers,vibraphones,scraped
MAR 50CO8000R,Marimba Concorde 8000R 5 Octaves Reglable En Hauteur,Claviers,marimbas,scraped
VIB 30MUM75H,Vibraphone Musser M75 Hampton 3 Octaves,Claviers,vibraphones,scraped
GLO 35YA2500,Glockenspiel Yamaha 3 Octaves 1 2 Do5 Mi8 Avec Etouffoir,Claviers,glockenspiels,scraped
VIB 30MUM55G,Vibraphone Musser M55 Pro Vibe3 Octaves,Claviers,vibraphones,scraped
MAR 43YA2400K,Marimba Yamahaym 2400A 4 Octaves 1 3 Palissandre,Claviers,marimbas,scraped
XYL Y350 04,Xylophone Yamaha 350 3 Octaves 1 2 Bois De Rose,Claviers,xylophones,scraped
XYL 40CO6002,Xylophone Concorde 6002 4 Octaves Palissandre,Claviers,xylophones,scraped
XYL 40CO4002,Xylophone Concorde 4002 4 Octaves Padouk,Claviers,xylophones,scraped
XYL 25CO1001,Xylophone Concorde 1001 2 Octaves 1 2 Padouk,Claviers,xylophones,scraped
XYL 35RS0001,Xylophone D Etude Rythmes Sons 3 Octaves 1 2,Claviers,xylophones,scraped
XYL 35MUM51,Xylophone Musser M51 3 Octaves 1 2 Kelon,Claviers,xylophones,scraped
XYL 40ADXSHV,Xylophone Adams Solist Voyager 4 Octaves Palissandre,Claviers,xylophones,scraped
XYL 35ADXKV3,Xylophone Adams Solist Voyager 3 Octaves 1 2 Synthetique,Claviers,xylophones,scraped
XYL 40ADXCHV,Xylophone Adams Concert Voyager 4 Octaves Palissandre,Claviers,xylophones,scraped
XYL 40ADXSLV4,Xylophone Adams Solist Voyager 4 Octaves Rosewood,Claviers,xylophones,scraped
XYL 35ADSLV3,Xylophone Adams Solist Voyager 3 Octaves 1 2 Light Rosewood,Claviers,xylophones,scraped
XYL 35RO320,Xylophone Ross Concert 3 Octaves 1 2 Palissandre,Claviers,xylophones,scraped
VIB 40YA4110M,Vibraphone Yamaha 4110 4 Octaves,Claviers,vibraphones,scraped
XYL R319 04,Xylophone Ross Prolon 3 Octaves 1 2,Claviers,xylophones,scraped
CLT R610 04,Cloches Tubes Ross Symphonic 1 Octave 1 2,Claviers,cloches-tubes,scraped
XYL 40CO4002G,Xylophone Concorde 4002Ga 4 Octaves Padouk,Claviers,xylophones,scraped
CLT 5013 04,Extension Cloches Tubes Adams Philharmonic Chrome 1 2 Octave,Claviers,cloches-tubes,scraped
MAR AHV1EXTENS,Extension 5 Octaves Pour Marimba Adams Artist 4 Oct 1 3,Claviers,marimbas,scraped
MAR 50YA6100,Marimba Yamaha 6100 Grand Concert 5 Octaves,Claviers,marimbas,scraped
MAR 43ADMCKV,Marimba Adams Mckv43 Concert 4 Octaves 1 3,Claviers,marimbas,scraped
CLT 5013S04,Extension Cloches Tubes Adams Philharmonic Satine 1 2 Octave,Claviers,cloches-tubes,scraped
VIB 30YA520,Vibraphone Yamaha 520 3 Octaves Clavier Argente,Claviers,vibraphones,scraped
CLT 3007R04,Chassis Adams Pour 7 Cloches Tubes Etouffoir Reglable,Claviers,cloches-tubes,scraped
CLT 3007 04,Chassis Adams Support Pour 7 Cloches Tubes,Claviers,cloches-tubes,scraped
MAR 50CO7000,Marimba Concorde 7000 5 Octaves,Claviers,marimbas,scraped
MAR 45CO8001R,Marimba Concorde 8001R 4 Octaves 1 2,Claviers,marimbas,scraped
VIB 31ADSVSSM,Vibraphone Adams Solist 3 1 Octaves,Claviers,vibraphones,scraped
VIB 31ADA300,Vibraphone Adams Solist 3 1 Octaves,Claviers,vibraphones,scraped
VIB 30ADA2SM,Vibraphone Adams Concert 3 Octaves Sans Moteur,Claviers,vibraphones,scraped
VIB 30ADA200,Vibraphone Adams Concert 3 Octaves,Claviers,vibraphones,scraped
GLO 33ADAA33,Glockenspiel Adams Artist Voyager 3 Octaves 1 3 Do5 Mi8,Claviers,glockenspiels,scraped
CLT 0007 04,Chassis Support Pour 7 Cloche Tubes Sans Etouffoir,Claviers,cloches-tubes,scraped
XYL 40ADXKV4,Xylophone Adams Solist Voyager 4 Octaves Synthetique,Claviers,xylophones,scraped
MAR R420 04,Marimba Ross Prolon 4 Octaves 1 3,Claviers,marimbas,scraped
VIB 35YA3910M,Vibraphone Yamaha 3910 3 Octaves 1 2,Claviers,vibraphones,scraped
VIB 30YA3710M,Vibraphone Yamaha 3710 3 Octaves Clavier Dore Mate,Claviers,vibraphones,scraped
VIB 30YA2700,Vibraphone Yamaha 2700 3 Octaves,Claviers,vibraphones,scraped
GLO 2001 04,Glockenspiel Saito 2001 2 Octaves 1 2,Claviers,glockenspiels,scraped
GLO 1590 04,Glockenspiel Deagan 2 Octaves 1 2,Claviers,glockenspiels,scraped
GLO 25YA1210,Glockenspiel Yamaha 1210 2 Octaves 1 2 Fa5 Do8,Claviers,glockenspiels,scraped
GLO 25MU646,Glockenspiel Musser M646 2 Octaves 1 2 Sol5 Do8 Avec Etouffoir,Claviers,glockenspiels,scraped
GLO 25MU645,Glockenspiel Musser M645 2 Octaves 1 2 Sol5 Do8,Claviers,glockenspiels,scraped
GLO 25YA250D,Glockenspiel Yamaha 250D 2 Octaves 1 2 Fa5 Do8,Claviers,glockenspiels,scraped
GLO 30BERFR,Glockenspiel Bergerault Radio France 3 Octaves Fa5 Mi8 Reglable,Claviers,glockenspiels,scraped
GLO 30BERF,Glockenspiel Bergerault Radio France 3 Octaves Fa5 Mi8,Claviers,glockenspiels,scraped
CLT 5003S04,Cloches Tubes Adams Philharmonic Satine 1 Octave 1 2,Claviers,cloches-tubes,scraped
CLT 5003 04,Cloches Tubes Adams Philharmonic Chrome 1 Octave 1 2,Claviers,cloches-tubes,scraped
CLT 3003 04,Cloches Tubes Adams Symphonic Laiton Chrome 1 Octave 1 2,Claviers,cloches-tubes,scraped
CLT 2001 04,Cloches Tubes Adams Symphonic Chrome 1 Octave 1 2,Claviers,cloches-tubes,scraped
CLT DC90 04,Cloches Tubes Deagan Symphonic Chrome 1 Octave 1 2,Claviers,cloches-tubes,scraped
CEL 2055 04,Celesta Yamaha 5 Octaves 1 2,Claviers,celestas,scraped
CEL SM2035,Glockenspiel A Clavier Schiedmayer Pagageno 3 Octaves 1 2 Do5 Sol8,Claviers,glockenspiels,scraped
CEL 1055 04,Celesta Schiedmayer Studio 5 Octaves 1 2,Claviers,celestas,scraped
CEL 1054 04,Celesta Schiedmayer Compact 5 Octaves 1 2 Do3 Fa8,Claviers,celestas,scraped
CEL 1051 04,Celesta Schiedmayer 5 Octaves Do3 Do8,Claviers,celestas,scraped
GRE 3125 06,Grelots Concert Sur Manche 25 Pieces,Métaux,grelots,scraped
LO GLO3001,Glockenspiel Saito 3001 2 Octaves 1 2,Claviers,glockenspiels,scraped
MAR 50ADAHC5,Marimba Adams Artist Classic 5 Octaves,Claviers,marimbas,scraped
MAR 43ADAHV1,Marimba Adams Artist Van Sice 4 Octaves 1 3,Claviers,marimbas,scraped
MAR 46ADAHV2,Marimba Adams Artist Van Sice 4 Octaves 2 3,Claviers,marimbas,scraped
VIB 30YA1605,Vibraphone Yamaha 1605 3 Octaves,Claviers,vibraphones,scraped
VIB 30MUM75,Vibraphone Musser M75 Century 3 Octaves Clavier Dore,Claviers,vibraphones,scraped
VIB 30MUM58,Vibraphone Musser M58 Piper 3 Octaves,Claviers,vibraphones,scraped
VIB 30MUM55,Vibraphone Musser M55 Pro Vibe 3 Octaves,Claviers,vibraphones,scraped
VIB 30ADA001,Vibraphone Adams Artist 3 Octaves,Claviers,vibraphones,scraped
MAR 50CO8000,Marimba Concorde 8000 5 Octaves,Claviers,marimbas,scraped
MAR 45CO8001,Marimba Concorde 8001 4 Octaves 1 2,Claviers,marimbas,scraped
MAR 43CO6001,Marimba Concorde 6001 4 Octaves 1 3,Claviers,marimbas,scraped
MAR 50YA5100A,Marimba Yamaha 5100A 5 Octaves,Claviers,marimbas,scraped
MAR 5100A+ET,Marimba Yamaha 5 Octaves Kym 5100 A Etuis,Claviers,marimbas,scraped
MAR 43CO4003D,Marimba Concorde 4003D 4 Octaves 1 3,Claviers,marimbas,scraped
MAR 43YA2400R,Marimba Yamahaym 2400R 4 Octaves 1 3 Palissandre,Claviers,marimbas,scraped
MAR 43YA1430,Marimba Yamaha Kym 1430 4 Octaves 1 3 Padouk,Claviers,marimbas,scraped
MAR 43ADMSPV,Marimba Adams Solist Voyager 4 Octaves 1 3 Padouk,Claviers,marimbas,scraped
MAR 43ADMSHV,Marimba Adams Solist Voyager 4 Octaves 1 3 Palissandre,Claviers,marimbas,scraped
MAR 43ADMCPV,Marimba Adams Concert Voyager 4 Octaves 1 3 Padouk,Claviers,marimbas,scraped
MAR 43ADMCHV,Marimba Adams Concert Voyager 4 Octaves 1 3 Palissandre,Claviers,marimbas,scraped
MAR 40ADMSPV,Marimba Adams Junior 4 Octaves,Claviers,marimbas,scraped
MAR 30ADMSPV,Marimba Adams Junior 3 Octaves,Claviers,marimbas,scraped
MAR 50ADAHV5,Marimba Adams Artist Van Sice 5 Octaves,Claviers,marimbas,scraped
MAR 43CO4001,Marimba Concorde M4001 4 Octaves 1 3,Claviers,marimbas,scraped
VIB 30MUM55+VL,Vibraphone Musser M55 Pro Vibe 3 Octaves Valise Lames,Claviers,vibraphones,scraped
XYL 40CO6002G,Xylophone Concorde 6002Ga 4 Octaves Palissandre,Claviers,xylophones,scraped
VIB 30YA3710B,Vibraphone Yamaha 3710 3 Octaves Clavier Dore Brillant,Claviers,vibraphones,scraped
VIB 31AD100,Vibraphone Adams 3 Octaves Moteur,Claviers,vibraphones,scraped
CLT 20ST,Cloches Tubes Adams Laiton Chrome 1 Octave,Claviers,cloches-tubes,scraped
XYL 40ADX100,Xylophone Adams 4 Octaves Palissandre,Claviers,xylophones,scraped
XYL 40ADX200,Xylophone Adams 4 Octaves Rosewood,Claviers,xylophones,scraped
MAR 43ADM100,Marimba Adams 4 Octaves Palissandre,Claviers,marimbas,scraped
MAR 43ADM200,Marimba Adams 4 Octaves Padouk,Claviers,marimbas,scraped
CLT DC90+FC,Cloches Tubes Deagan Symphonic 1 Octave 1 2 Flight Case,Claviers,cloches-tubes,scraped
VIB 30MUM55+OPU,Vibraphone Musser M55 Pro Vibe 2 Etuis Rs Valise Explorer,Claviers,vibraphones,scraped
MAR 50ADPDRE,Marimba Adams Artist Van Sice 5 Octaves Avec Resonateur,Claviers,marimbas,scraped
MAR 50ADPD00,Marimba Adams Artist Van Sice 5 Octaves Sans Resonateur,Claviers,marimbas,scraped
MAR 50MO9501,Marimba Marimba One Serie Izzy 5 Octaves Palissandre Honduras,Claviers,marimbas,scraped
CLT 20BKS B5,Adams 4Bkdb01 B5 Cloches Tubes Standard Si5 Laiton Chrome,Claviers,cloches-tubes,scraped
VIB 30ADLTS,Vibraphone Adams Artist Alpha Traveler Version Argente 3 Octaves,Claviers,vibraphones,scraped
CLT 5005S04,Cloches Tubes Adams Philharmonic Satine 1 Octave 1 6,Claviers,cloches-tubes,scraped
CLT 5005 04,Cloches Tubes Adams Philharmonic Chrome 1 Octave 1 6,Claviers,cloches-tubes,scraped
CLT 3005 04,Cloches Tubes Adams Symphonic Chrome 1 Octave 1 6,Claviers,cloches-tubes,scraped
LO VIBADATS,Vibraphone Adams Artist 3 Octaves,Claviers,vibraphones,scraped
MAR 43ADAHA43,Marimba Adams Artist Alpha 4 Octaves 1 3,Claviers,marimbas,scraped
XYL 40ADAAH,Xylophone Adams Artist Alpha 4 Octaves,Claviers,xylophones,scraped
LO MARKART5,Marimba Adams Van Sice 5 Octaves Flight Cases,Claviers,marimbas,scraped
CEL YACEL56P,Yamaha Cel 56P Glockenspiel Clavier 4 Octaves 1 2,Claviers,glockenspiels,scraped
VIB 30ADLTG,Vibraphone Adams Vaat30 Artist Alpha Traveler Version 3 Octaves Clavier Dore,Claviers,vibraphones,scraped
MAR 50MO9601,Marimba Marimba One Wave 5 Octaves Classic Trad,Claviers,marimbas,scraped
MAR 50MO9306,Marimba Marimba One Serie 3100 5 Octaves Brasso Premium,Claviers,marimbas,scraped
MAR 43CO6001DX,Marimba Concorde M6001 Dx 4 Octaves 1 3,Claviers,marimbas,scraped
VIB 40ADLTG,Vibraphone Adams Vaat40 Artist Modele Alpha 4 Octaves Clavier Dore Mate,Claviers,vibraphones,scraped
GLO 26ADCOR,Glockenspiel Adams 2Ksc2Std26 Concert 2 6 Octaves,Claviers,glockenspiels,scraped
XYL 35ADX100+P,Xylophone Adams 3 Octaves 1 2 Light Rosewood Pupitre Manhasset Symphony 48,Claviers,xylophones,scraped
XYL 40ADX100+P,Xylophone Adams 4 Octaves Pupitre Manhasset Symphony 48,Claviers,xylophones,scraped
MAR 43ADM100+P,Marimba Adams Palissandre Honduras 4 Octaves 1 3 Pupitre Manhasset Symphony 48,Claviers,marimbas,scraped
VIB 30CO2000G,Vibraphone Concorde V2000 3 Octaves Clavier Dore,Claviers,vibraphones,scraped
XYL 35CO6001G,Xylophone Concorde 6001 Ga 3 Octaves 1 2,Claviers,xylophones,scraped
XYL 35CO8001G,Xylophone Concorde 8001 Ga 3 Octaves 1 2,Claviers,xylophones,scraped
MAR 45CO8001G,Marimba Concorde 8001 Ga 4 Octaves 1 2,Claviers,marimbas,scraped
VIB 35ADLTS,Vibraphone Adams Artist Alpha 3 Octaves 1 2 Clavier Argente,Claviers,vibraphones,scraped
VIB 30MUM55+ET,Vibraphone Musser M55 Pro Vibe 3 Etuis Molletones,Claviers,vibraphones,scraped
CLT 3003+FC,Cloches Tubes Adams Symphonic Laiton Chrome 1 Octave 1 2 Flight Case,Claviers,cloches-tubes,scraped
XYL 40ADXSHV+FC,Xylophone Adams Solist Voyager 4 Octaves Palissandre Flight Case,Claviers,xylophones,scraped
CLT 3013 04,Extension Cloches Tubes Adams Synphonic Chrome 1 2 Octave,Claviers,cloches-tubes,scraped
XYL 40ADXAHV,Xylophone Adams Artist Voyager 4 Octavec Palissandre,Claviers,xylophones,scraped
MAR 50MO9305,Marimba Marimba One Serie 3000 5 Octaves,Claviers,marimbas,scraped
MAR 50M4BTVAN,Marimba Marimba One Serie Izzy 4 Octaves 2 3,Claviers,marimbas,scraped
MAR 30ADACAD,Marimba D Etude Adams Solist Academy 3 Octaves,Claviers,marimbas,scraped
XYL 30YA30,Xylophone D Etude Yamaha Yx 30G 3 Octaves,Claviers,xylophones,scraped
XYL 35YA135,Xylophone Yamaha Yx 135 Modele Conservatoire 3 Octaves 1 2,Claviers,xylophones,scraped
GLO 25SASG100,Glockenspiel Saito Sg100 Pro Set 2 Octaves 1 2 Fa5 Do8,Claviers,glockenspiels,scraped
GLO 25SAD4,Glockenspiel Saito D4 2 Octaves 1 2 Fa5 Do8,Claviers,glockenspiels,scraped
VIB 30SA180,Vibraphone Saito Vs 180Dc 3 Octaves,Claviers,vibraphones,scraped
VIB 30SA1500,Vibraphone Saito Vs 1500Dc 3 Octaves,Claviers,vibraphones,scraped
VIB 40SA4000,Vibraphone Saito Vs 4000Dc 4 Octaves,Claviers,vibraphones,scraped
VIB 43SA4300,Vibraphone Saito Vs 4000Dc 4 Octaves 1 3,Claviers,vibraphones,scraped
XYL 40SA90,Xylophone Saito Sx90 4 Octaves Palissandre,Claviers,xylophones,scraped
MAR 43SA55P,Marimba Saito Ms55P 4 Octaves 1 3 Padouk,Claviers,marimbas,scraped
MAR 43SA60R,Marimba Saito Ms60R 4 Octaves 1 3 Palissandre,Claviers,marimbas,scraped
MAR 50SA5500,Marimba Saito Msk5500 5 Octaves,Claviers,marimbas,scraped
XYL 35YA500R,Xylophone Yamaha Yx 500R Modele Professionnel,Claviers,xylophones,scraped
XYL 40CO8002G,Xylophone Concorde 8002Ga 4 Octaves Palissandre,Claviers,xylophones,scraped
MAR 50M4BEVAN,Marimba Marimba One Serie 4000 Basso Bravo Clavier Enhanced 5 Octaves,Claviers,marimbas,scraped
GLO 35CO8001,Glockenspiel Concorde G8001 3 Octaves 1 2 Do5 Fa8,Claviers,glockenspiels,scraped
XYL 35STRXC30,Xylophone Studio 49 Concert 3 Octaves 1 2 Modele,Claviers,xylophones,scraped
XYL 40STRXC40,Xylophone Studio 49 Concert 4 Octaves,Claviers,xylophones,scraped
VIB 30MUM55+FC,Vibraphone Musser M55 Pro Vibe 3 Octaves Flight Case,Claviers,vibraphones,scraped
VIB 30ADLVG,Vibraphone Adams Artist Alpha 3 Octaves,Claviers,vibraphones,scraped
MAR 50MO9505,Marimba Marimba One Serie Izzy 5 Octaves,Claviers,marimbas,scraped
VIB 30ADCVSSM,Vibraphone Adams Concert 3 Octaves Avec Moteur,Claviers,vibraphones,scraped
VIB 30ADATS,Vibraphone Adams Artist 3 Octaves,Claviers,vibraphones,scraped
MAR 43CO6001G,Marimba Concorde 6001G 4 Octaves 1 3,Claviers,marimbas,scraped
CEL SM1051,Celesta Schiedmayer 5 Octaves Do3 Fa8,Claviers,celestas,scraped
CEL SM1054,Celesta Schiedmayer Compact 5 Octaves 1 2 Do3 Fa8,Claviers,celestas,scraped
XYL 0001+PIE,Xylophone D Etude Rythmes Sons 3 Octaves 1 2,Claviers,xylophones,scraped
CEL SM1055,Celesta Schiedmayer Studio 5 Octaves 1 2 Do3 Fa9,Claviers,celestas,scraped
VIB 30ADCVS,Vibraphone Adams Concert 3 Octaves Avec Moteur,Claviers,vibraphones,scraped
VIB 31ADSVS,Vibraphone Adams Solist 3 1 Octaves Avec Moteur,Claviers,vibraphones,scraped
VIB 30ADA200G,Vibraphone Adams Concert 3 Octaves Clavier Dore,Claviers,vibraphones,scraped
MAR 43CO4003G,Marimba Concorde 4003G 4 Octaves 1 3,Claviers,marimbas,scraped
MAR AHC5EXTEN,Kit Adams Convertir Marimba Ahc5 Ahc43,Claviers,marimbas,scraped
MAR 50ADAHA5,Marimba Adams Artist Alpha 5 Octaves,Claviers,marimbas,scraped
VIB 30ADCVG,Vibraphone Adams Concert 3 Octaves,Claviers,vibraphones,scraped
TAC 0620 05,Sac De Transport Timbale Adams Universal 20Pouces,Timbales,accessoires,scraped
MAR 50ADAHC5C,Marimba Adams Mahcc50 Custom Classic 5 Octaves,Claviers,marimbas,scraped
TSC 03-J2+H,Jeu De 2 Timbales Adams Symphonic Housse,Timbales,classiques,scraped
CVA 011AD06,Cloche A Vache Accordee Contrebasse La,Métaux,cloches-vache-cencerros-cloche-latines,scraped
CVA 011A 06,Cloche A Vache Accordee Contrebasse La,Métaux,cloches-vache-cencerros-cloche-latines,scraped
CRO 29A442,Jeu De Crotales Zildjian Octave Aigue Do Do Accord 442,Métaux,crotales,scraped
CRO 29G442,Jeu De Crotales Zildjian Octave Grave Do Do Accord 442,Métaux,crotales,scraped
CRO 213C 06,Crotale Zildjian Aigu Do 8,Métaux,crotales,scraped
CRO 212GD06,Crotale Zildjian Aigu Sol 7,Métaux,crotales,scraped
CRO 212G 06,Crotale Zildjian Aigu Sol 7,Métaux,crotales,scraped
CRO 212FD06,Crotale Zildjian Aigu Fa7,Métaux,crotales,scraped
CRO 212F 06,Crotale Zildjian Aigu Fa 7,Métaux,crotales,scraped
CRO 212E 06,Crotale Zildjian Aigu Mi 7,Métaux,crotales,scraped
CRO 212DD06,Crotale Zildjian Aigu Re 7,Métaux,crotales,scraped
CRO 212D 06,Crotale Zildjian Aigu Re 7,Métaux,crotales,scraped
CRO 212CD06,Crotale Zildjian Aigu Do 7,Métaux,crotales,scraped
CRO 212C 06,Crotale Zildjian Aigu Do 7,Métaux,crotales,scraped
CRO 212B 06,Crotale Zildjian Aigu Si 7,Métaux,crotales,scraped
CRO 212AD06,Crotale Zildjian Aigu La 7,Métaux,crotales,scraped
CRO 212A 06,Crotale Zildjian Aigu La 7,Métaux,crotales,scraped
CRO 211GD06,Crotale Zildjian Grave Sol 6,Métaux,crotales,scraped
CRO 211G 06,Crotale Zildjian Grave Sol 6,Métaux,crotales,scraped
CVA 011B 06,Cloche A Vache Accordee Contrebasse Si,Métaux,cloches-vache-cencerros-cloche-latines,scraped
CRO 211FD06,Crotale Zildjian Grave Fa 6,Métaux,crotales,scraped
CVA 011F 06,Cloche A Vache Accordee Contrebasse Fa,Métaux,cloches-vache-cencerros-cloche-latines,scraped
CVA 011G 06,Cloche A Vache Accordee Contrebasse Sol,Métaux,cloches-vache-cencerros-cloche-latines,scraped
CVA 013D 06,Cloche A Vache Accordee Medium Re,Métaux,cloches-vache-cencerros-cloche-latines,scraped
CVA 013CD06,Cloche A Vache Accordee Medium Do,Métaux,cloches-vache-cencerros-cloche-latines,scraped
CVA 013C 06,Cloche A Vache Accordee Medium Do,Métaux,cloches-vache-cencerros-cloche-latines,scraped
CVA 013B 06,Cloche A Vache Accordee Medium Si,Métaux,cloches-vache-cencerros-cloche-latines,scraped
CVA 013AD06,Cloche A Vache Accordee Medium La,Métaux,cloches-vache-cencerros-cloche-latines,scraped
CVA 013A 06,Cloche A Vache Accordee Medium La,Métaux,cloches-vache-cencerros-cloche-latines,scraped
CVA 012GD06,Cloche A Vache Accordee Basse Sol,Métaux,cloches-vache-cencerros-cloche-latines,scraped
CVA 012G 06,Cloche A Vache Accordee Basse Sol,Métaux,cloches-vache-cencerros-cloche-latines,scraped
CVA 012FD06,Cloche A Vache Accordee Basse Fa,Métaux,cloches-vache-cencerros-cloche-latines,scraped
CVA 012F 06,Cloche A Vache Accordee Basse Fa,Métaux,cloches-vache-cencerros-cloche-latines,scraped
CVA 012E 06,Cloche A Vache Accordee Basse Mi,Métaux,cloches-vache-cencerros-cloche-latines,scraped
CVA 012DD06,Cloche A Vache Accordee Basse Re,Métaux,cloches-vache-cencerros-cloche-latines,scraped
CVA 012D 06,Cloche A Vache Accordee Basse Re,Métaux,cloches-vache-cencerros-cloche-latines,scraped
CVA 012CD06,Cloche A Vache Accordee Basse Do,Métaux,cloches-vache-cencerros-cloche-latines,scraped
CVA 012C 06,Cloche A Vache Accordee Basse Do,Métaux,cloches-vache-cencerros-cloche-latines,scraped
CVA 012B 06,Cloche A Vache Accordee Basse Si,Métaux,cloches-vache-cencerros-cloche-latines,scraped
CVA 012AD06,Cloche A Vache Accordee Basse La,Métaux,cloches-vache-cencerros-cloche-latines,scraped
CVA 012A 06,Cloche A Vache Accordee Basse La,Métaux,cloches-vache-cencerros-cloche-latines,scraped
CVA 011GD06,Cloche A Vache Accordee Contrebasse Sol,Métaux,cloches-vache-cencerros-cloche-latines,scraped
CVA 011FD06,Cloche A Vache Accordee Contrebasse Fa,Métaux,cloches-vache-cencerros-cloche-latines,scraped
CRO 211F 06,Crotale Zildjian Grave Fa 6,Métaux,crotales,scraped
CRO 211E 06,Crotale Zildjian Grave Mi 6,Métaux,crotales,scraped
CRO 211DD06,Crotale Zildjian Grave Re 6,Métaux,crotales,scraped
CIS TC18 06,Cymbale Istanbul Thin Crash 18 Pouces 46 Cm,Métaux,cymbales,scraped
CIS TC16 06,Cymbale Istanbul Agop Thin Crash 16 Pouces,Métaux,cymbales,scraped
CIS TC14 06,Cymbale Istanbul Agop Thin Crash 14 Pouces,Métaux,cymbales,scraped
CIS TC13 06,Cymbale Istanbul Agop Thin Crash 13 Pouces,Métaux,cymbales,scraped
CIS SP11 06,Cymbale Istanbul Agop Splash 11 Pouces,Métaux,cymbales,scraped
CIS SP10 06,Cymbale Istanbul Agop Splash 10 Pouces,Métaux,cymbales,scraped
CIS SP08 06,Cymbale Istanbul Agop Splash 8 Pouces,Métaux,cymbales,scraped
CIS OF20 06,Cymbales D Orchestre Istanbul Agop 20 Pouces,Métaux,cymbales,scraped
CIS OF18 06,Cymbales D Orchestre Istanbul Agop 18 Pouces,Métaux,cymbales,scraped
CIS OF16 06,Cymbales D Orchestre Istanbul Agop 16 Pouces,Métaux,cymbales,scraped
CIS OF14 06,Cymbales D Orchestre Istanbul Agop 14 Pouces,Métaux,cymbales,scraped
CIS MR21 06,Cymbale Istanbul Agop Medium Ride 21 Pouces,Métaux,cymbales,scraped
CIS MR20 06,Cymbale Istanbul Agop Medium Ride 20 Pouces,Métaux,cymbales,scraped
CIS MC18 06,Cymbale Istanbul Agop Medium Crash 18 Pouces,Métaux,cymbales,scraped
CIS MC16 06,Cymbale Istanbul Agop Medium Crash 16 Pouces,Métaux,cymbales,scraped
CIS JR22 06,Cymbale Istanbul Jazz Ride 22 Pouces 56 Cm,Métaux,cymbales,scraped
CIS JR20 06,Cymbale Istanbul Jazz Ride 20 Pouces 51 Cm,Métaux,cymbales,scraped
CIS HH14 06,Cymbale Istanbul Agop Hit Hat Heavy 14 Pouces,Métaux,cymbales,scraped
CIS HH13 06,Cymbale Istanbul Agop Hit Hat Heavy 13 Pouces,Métaux,cymbales,scraped
CLV 0001 06,Paire De Claves Wenge En Bois Dur,Bois,castagnettes-claves,scraped
CLV 2001 06,Paire De Claves En Palissandre,Bois,castagnettes-claves,scraped
CLV 2002 06,Paire De Claves En Bois,Bois,castagnettes-claves,scraped
CLV 5001 06,Paire De Claves En Fibre De Verre,Bois,castagnettes-claves,scraped
CRO 211D 06,Crotale Zildjian Grave Re 6,Métaux,crotales,scraped
CRO 211CD06,Crotale Zildjian Grave Do 6,Métaux,crotales,scraped
CRO 211C 06,Crotale Zildjian Grave Do 6,Métaux,crotales,scraped
CRO 211B 06,Crotale Zildjian Grave Si6,Métaux,crotales,scraped
CRO 211AD06,Crotale Zildjian Grave La6,Métaux,crotales,scraped
CRO 211A 06,Crotale Zildjian Grave La 6,Métaux,crotales,scraped
CRO 1922 06,Jeu De Crotales Paiste 2 Octaves Grave Do6 Do8,Métaux,crotales,scraped
CRO 1921 06,Jeu De Crotales Paiste 2 Octaves Grave Fa6 Fa8,Métaux,crotales,scraped
CRE 1001 06,Crecelle Attache,Effets,crecelles-vibraslaps-flexatones,scraped
CVA 013DD06,Cloche A Vache Accordee Medium Re,Métaux,cloches-vache-cencerros-cloche-latines,scraped
CPA FR20 06,Cymbales Paiste Flat Ride Serie 20 Pouces 51 Cm,Métaux,cymbales,scraped
COW 2116 06,Cloche Mambo L16 Cm,Métaux,cloches-vache-cencerros-cloche-latines,scraped
COW 2111 06,Cloche Mambo L11 5 Cm,Métaux,cloches-vache-cencerros-cloche-latines,scraped
COW 1201 06,Cloche Agogo A 2 Cloches,Métaux,cloches-vache-cencerros-cloche-latines,scraped
CNG 3103 06,Quinto Michel Delaporte New Habana Frene 10 Pouces,Peaux,bongos-congas-et-timbales-latines,scraped
CNG 3102 06,Conga Michel Delaporte New Habana Frene 11 Pouces 3 4,Peaux,bongos-congas-et-timbales-latines,scraped
CNG 3101 06,Tumba Michel Delaporte New Habana Frene 12 Pouces 1 2,Peaux,bongos-congas-et-timbales-latines,scraped
CNG ML MCC1212S,Conga Meinl Marathon 12 Pouces 1 2 Avec Panier,Peaux,bongos-congas-et-timbales-latines,scraped
CNG ML MCC1134S,Conga Meinl Marathon 11 Pouces 3 4 Avec Panier,Peaux,bongos-congas-et-timbales-latines,scraped
CNG ML MCC11SNT,Conga Meinl Marathon 11 Pouces Avec Panier,Peaux,bongos-congas-et-timbales-latines,scraped
COW 2120 06,Cloche Mambo L20 Cm,Métaux,cloches-vache-cencerros-cloche-latines,scraped
CVA 013E 06,Cloche A Vache Accordee Medium Mi,Métaux,cloches-vache-cencerros-cloche-latines,scraped
CVA 013F 06,Cloche A Vache Accordee Medium Fa,Métaux,cloches-vache-cencerros-cloche-latines,scraped
CVA 013FD06,Cloche A Vache Accordee Medium Fa,Métaux,cloches-vache-cencerros-cloche-latines,scraped
GON 0025 06,Gong Thailandais 24 25 Cm,Métaux,gongs-tam-tams,scraped
GON 0022 06,Gong Thailandais 22 23 Cm,Métaux,gongs-tam-tams,scraped
GON 0020 06,Gong Thailandais 20 21Cm,Métaux,gongs-tam-tams,scraped
GON 0018 06,Gong Thailandais 18 Cm,Métaux,gongs-tam-tams,scraped
GON 0016 06,Gong Thailandais 16 17 Cm,Métaux,gongs-tam-tams,scraped
GON 0015 06,Gong Thailandais 14 15 Cm,Métaux,gongs-tam-tams,scraped
GOA 0913 06,Octave De Gongs Thailandais Oct Aigue,Métaux,gongs-tam-tams,scraped
GOA 0912 06,Octave De Gongs Thailandais Oct Medium,Métaux,gongs-tam-tams,scraped
GOA 0911 06,Octave De Gongs Thailandais Oct Basse,Métaux,gongs-tam-tams,scraped
LO GCCCO91,Grosse Caisse De Concert Capelle 50X91 Avec Stand,Peaux,grosses-caisses,scraped
GCC AS4018HOU,Housse Pour Grosse Caisse De Concert Adams Suspendue 101Cm 40 Pouces,Peaux,grosses-caisses,scraped
GCC AS40A06,Grosse Caisse Adams Suspendue Peau Animale 101Cm,Peaux,grosses-caisses,scraped
GCC AS40 06,Grosse Caisse Adams Suspendue Peau Remo 101Cm,Peaux,grosses-caisses,scraped
GCC AS3618HOU,Housse Pour Grosse Caisse De Concert Adams Suspendue 91Cm 36 Pouces,Peaux,grosses-caisses,scraped
GCC AS36 06,Grosse Caisse Adams Suspendue Peau Remo 91Cm,Peaux,grosses-caisses,scraped
GCC AF3618HOU,Housse Pour Grosse Caisse De Concert Adams Fixe 91 Cm 36 Pouces,Peaux,grosses-caisses,scraped
GCC AF36 06,Grosse Caisse Adams Sur Stand Peau Remo 91Cm,Peaux,grosses-caisses,scraped
GCC AF3218HOU,Housse Pour Grosse Caisse De Concert Adams Fixe 81 Cm 32 Pouces,Peaux,grosses-caisses,scraped
GCC AF32 06,Grosse Caisse Adams Sur Stand Peau Remo 81Cm,Peaux,grosses-caisses,scraped
GON 0028 06,Gong Thailandais 28 29Cm,Métaux,gongs-tam-tams,scraped
GON 0030 06,Gong Thailandais 30 31 Cm,Métaux,gongs-tam-tams,scraped
GON 0033 06,Gong Thailandais 33 Cm,Métaux,gongs-tam-tams,scraped
GON 0037 06,Gong Thailandais 36 37 Cm,Métaux,gongs-tam-tams,scraped
GRE 3007 06,Grelots Sur Manche 7 Pieces,Métaux,grelots,scraped
TAUN FV-J2+H,Jeu De 2 Timbales Adams Universel 29 Pouces 26 Pouces Housse,Timbales,classiques,scraped
GRE 3005 06,Grelots Sur Manche 5 Pieces,Métaux,grelots,scraped
GRE 2001 06,Collier De Grelots,Métaux,grelots,scraped
GRE 1003 06,Bracelet De Grelots 3 Rangees,Métaux,grelots,scraped
GON 7024 06,Cloche De Temple Hindou,Métaux,cloches-clochettes-asiatiques,scraped
GON 4331 06,Gong Pekinois Descendant Medium,Métaux,gongs-tam-tams,scraped
GON 4231 06,Gong Pekinois Descendant Grave,Métaux,gongs-tam-tams,scraped
GON 4230 06,Gong Pekinois Descendant Aigu,Métaux,gongs-tam-tams,scraped
FOU 2071 06,Wooden Clap Fouet A 5 Lames En Hetre,Effets,fouet-bois-et-baton-de-pluie,scraped
GON 3902 26,Gongs D Opera Chinois Ascendants Sur Cadre Aigu Et Grave,Métaux,gongs-tam-tams,scraped
GON 3001 46,Gong D Opera Chinois Ascendant Aigu,Métaux,gongs-tam-tams,scraped
GON 0060 06,Gong Thailandais 60 61 Cm,Métaux,gongs-tam-tams,scraped
GON 0058 06,Gong Thailandais 58 59 Cm,Métaux,gongs-tam-tams,scraped
GON 0052 06,Gong Thailandais 52 53 Cm,Métaux,gongs-tam-tams,scraped
GON 0050 06,Gong Thailandais 50 51Cm,Métaux,gongs-tam-tams,scraped
GON 0048 06,Gong Thailandais 48 Cm,Métaux,gongs-tam-tams,scraped
GON 0045 06,Gong Thailandais 45 Cm,Métaux,gongs-tam-tams,scraped
GON 0044 06,Gong Thailandais 44 45 Cm,Métaux,gongs-tam-tams,scraped
GON 0040 06,Gong Thailandais 40 41Cm,Métaux,gongs-tam-tams,scraped
GON 3002 46,Gong D Opera Chinois Ascendant Grave,Métaux,gongs-tam-tams,scraped
CIS CI22 06,Cymbale Istanbul Agop China Tradition 22 Pouces,Métaux,cymbales,scraped
FOU 1048 26,Fouet En Bois Clap Rythmes Sons Grand,Effets,fouet-bois-et-baton-de-pluie,scraped
DJE 1101 06,Djembe Meinl 12 Pouces Serie Hevea,Peaux,djembes-darboukas-tablas,scraped
CVA 0904 06,Jeux Chromatique Cloches A Vache Aigue,Métaux,cloches-vache-cencerros-cloche-latines,scraped
CVA 0903 06,Jeux Chromatique Cloches A Vache Medium,Métaux,cloches-vache-cencerros-cloche-latines,scraped
CVA 0902 06,Jeux Chromatique Cloches A Vache Basse,Métaux,cloches-vache-cencerros-cloche-latines,scraped
CVA 0901 06,Jeux Chromatique Cloches A Vache Contrebasse,Métaux,cloches-vache-cencerros-cloche-latines,scraped
CVA 015C 06,Cloche A Vache Accordee Aigue Do,Métaux,cloches-vache-cencerros-cloche-latines,scraped
CVA 014GD06,Cloche A Vache Accordee Aigue Sol,Métaux,cloches-vache-cencerros-cloche-latines,scraped
CVA 014G 06,Cloche A Vache Accordee Aigue Sol,Métaux,cloches-vache-cencerros-cloche-latines,scraped
CVA 014FD06,Cloche A Vache Accordee Aigue Fa,Métaux,cloches-vache-cencerros-cloche-latines,scraped
CVA 014F 06,Cloche A Vache Accordee Aigue Fa,Métaux,cloches-vache-cencerros-cloche-latines,scraped
CVA 014E 06,Cloche A Vache Accordee Aigue Mi,Métaux,cloches-vache-cencerros-cloche-latines,scraped
CVA 014DD06,Cloche A Vache Accordee Aigue Re,Métaux,cloches-vache-cencerros-cloche-latines,scraped
CVA 014D 06,Cloche A Vache Accordee Aigue Re,Métaux,cloches-vache-cencerros-cloche-latines,scraped
CVA 014CD06,Cloche A Vache Accordee Aigue Do,Métaux,cloches-vache-cencerros-cloche-latines,scraped
CVA 014C 06,Cloche A Vache Accordee Aigue Do,Métaux,cloches-vache-cencerros-cloche-latines,scraped
CVA 014B 06,Cloche A Vache Accordee Aigue Si,Métaux,cloches-vache-cencerros-cloche-latines,scraped
CVA 014AD06,Cloche A Vache Accordee Aigue La,Métaux,cloches-vache-cencerros-cloche-latines,scraped
CVA 014A 06,Cloche A Vache Accordee Aigue La,Métaux,cloches-vache-cencerros-cloche-latines,scraped
CVA 013GD06,Cloche A Vache Accordee Medium Sol,Métaux,cloches-vache-cencerros-cloche-latines,scraped
CVA 013G 06,Cloche A Vache Accordee Medium Sol,Métaux,cloches-vache-cencerros-cloche-latines,scraped
CYB 0015 06,Cymbalette Chinoise 15 Cm,Métaux,cymbales,scraped
CYB 0017 06,Cymbalette Chinoise 6 Pouces 1 2,Métaux,cymbales,scraped
CYB 0018 06,Cymbalette Chinoise 7 Pouces,Métaux,cymbales,scraped
CYB 2207 06,Une Paire De Crotales Tibetaines 7 Cm,Métaux,crotales,scraped
DAR 7121 06,Darbouka 8 Pouces Fut Aluminium Lisse,Peaux,djembes-darboukas-tablas,scraped
DAR 7117 06,Darbouka 7 Pouces Fut Aluminium Lisse,Peaux,djembes-darboukas-tablas,scraped
DAR 7115 06,Darbouka 6 Pouces Fut Aluminium Lisse,Peaux,djembes-darboukas-tablas,scraped
CZV 0F20 06,Cymbales D Orchestre Zildjian Viennoises 20 Pouces,Métaux,cymbales,scraped
CZV 0F18 06,Cymbales D Orchestre Zildjian Viennoises 18 Pouces,Métaux,cymbales,scraped
CZK RI20 06,Cymbale De Batterie Zildjian Serie K Ride 20 Pouces,Métaux,cymbales,scraped
CZK KH14 06,Cymbale De Batterie Zildjian Serie K Hit Hat 14 Pouces,Métaux,cymbales,scraped
CZG 0F20 06,Cymbales Orchestre Zildjian Symphonic Allemande D20Pouces,Métaux,cymbales,scraped
CZG 0F18 06,Cymbales Orchestre Zildjian Symphonic Allemande D18Pouces,Métaux,cymbales,scraped
FLX 0002 06,Flexatone Lp Standard,Effets,crecelles-vibraslaps-flexatones,scraped
CZF 0F20 06,Cymbales D Orchestre Zildjian Francaises 20 Pouces,Métaux,cymbales,scraped
CZA SP12 06,Cymbale Zildjian Splash 12 Pouces 30 Cm Avec Pied,Métaux,cymbales,scraped
CZA SP10 06,Cymbales Zildjian Splash 10Pouces,Métaux,cymbales,scraped
CYC 1060 06,Cymbale Chinoise Wu Han 24 Pouces,Métaux,cymbales,scraped
CYC 1055 06,Cymbale Chinoise Wu Han 22 Pouces,Métaux,cymbales,scraped
CYC 1050 06,Cymbale Chinoise Wu Han 20 Pouces,Métaux,cymbales,scraped
CYC 1045 06,Cymbale Chinoise Wu Han 18 Pouces,Métaux,cymbales,scraped
CYC 1040 06,Cymbale Chinoise Wu Han 16 Pouces,Métaux,cymbales,scraped
CYC 1035 06,Cymbale Chinoise Wu Han 14 Pouces,Métaux,cymbales,scraped
CYC 1030 06,Cymbale Chinoise Wu Han 12 Pouces,Métaux,cymbales,scraped
CZF 0F18 06,Cymbales D Orchestre Zildjian Francaises 18 Pouces,Métaux,cymbales,scraped
CIS CI20 06,Cymbale Istanbul Agop China Tradition 20 Pouces,Métaux,cymbales,scraped
FLX 0001 06,Flexatone Lp Grand Modele,Effets,crecelles-vibraslaps-flexatones,scraped
CHM 1836 06,Bar Chimes Lp 36 Barres Alu,Métaux,triangles-chimes,scraped
TARE CL 23R+H,Adams Revolution 23 Pouces Cuivre Lisse Parabolique Housse,Timbales,classiques,scraped
TARE CL 26R+H,Adams Revolution 26 Pouces Cuivre Lisse Parabolique Housse,Timbales,classiques,scraped
TARE CL 29R+H,Adams Revolution 29 Pouces Cuivre Lisse Parabolique Housse,Timbales,classiques,scraped
TARE CL 32R+H,Timbale Adams Revolution Cuivre Lisse Parabolique 32 Pouces Housse,Timbales,classiques,scraped
TASY CL 20R+H,Adams Symphonic Ii 20Pouces Cuivre Lisse Parabolique Housse,Timbales,classiques,scraped
TASY CL 23R+H,Adams Symphonic Ii 23Pouces Cuivre Lisse Parabolique Housse,Timbales,classiques,scraped
TASY CL 26R+H,Adams Symphonic Ii 26Pouces Cuivre Lisse Parabolique Housse,Timbales,classiques,scraped
TASY CL 29R+H,Adams Symphonic Ii 29Pouces Cuivre Lisse Parabolique Housse,Timbales,classiques,scraped
TASY CL 32R+H,Adams Symphonic Ii 32Pouces Cuivre Lisse Parabolique Housse,Timbales,classiques,scraped
TAPP CPP 20RFT,Adams Professionnel Philharmonique 20Pouces Cuivre Martele Profond,Timbales,classiques,scraped
TAPP CPP 23RFT,Adams Professionnel Philharmonique 23Pouces Cuivre Martele Profond,Timbales,classiques,scraped
TAPP CPP 26RFT,Adams Professionnel Philharmonique 26Pouces Cuivre Martele Profond,Timbales,classiques,scraped
TAPP CPP 29RFT,Adams Professionnel Philharmonique 29Pouces Cuivre Martele Profond,Timbales,classiques,scraped
TAPP CPP 32RFT,Adams Professionnel Philharmonique 32Pouces Cuivre Martele Profond,Timbales,classiques,scraped
TAPR CM 26RFT,Adams Professionnel Generation Ii 26Pouces Cuivre Martele Parabolique Manette Accord Fin,Timbales,classiques,scraped
TAPR CM 29RFT,Adams Professionnel Generation Ii 29Pouces Cuivre Martele Parabolique Manette Accord Fin,Timbales,classiques,scraped
TAPR CP 23RFT,Adams Professionnel Generation Ii 23Pouces Cuivre Martele Profond Manette Accord Fin,Timbales,classiques,scraped
TAPR CP 26RFT,Adams Professionnel Generation Ii 26Pouces Cuivre Martele Profond Manette Accord Fin,Timbales,classiques,scraped
TAPR CP 29RFT,Adams Professionnel Generation Ii 29Pouces Cuivre Martele Profond Manette Accord Fin,Timbales,classiques,scraped
TARE CL 20R+H,Adams Revolution 20 Pouces Cuivre Lisse Parabolique Housse,Timbales,classiques,scraped
TAPR CP 32RFT,Adams Professionnel Generation Ii 32Pouces Cuivre Martele Profond Manette Accord Fin,Timbales,classiques,scraped
TMS C0-J2,Jeu De 2 Timbales Majestic Symphonic Cuivre Lisse Profond 29 Pouces 26 Pouces,Timbales,classiques,scraped
TAC 0203,Plateau De Protection Pour Timbale Adams 26 Pouces,Timbales,accessoires,scraped
TAC 0224 63,Plateau De Protection Pour Timbale Premier 25 Pouces Concert Ou Pro Symphonic,Timbales,accessoires,scraped
TAC 0215 63,Plateau De Protection Pour Timbale Premier Elite 22 5 Pouces,Timbales,accessoires,scraped
TAC 0214 63,Plateau De Protection Pour Timbale Premier Elite 25 Pouces,Timbales,accessoires,scraped
TAC 0211 63,Plateau De Protection Pour Timbale Premier Elite 32 Pouces,Timbales,accessoires,scraped
TAC 0203 63,Plateau De Protection Pour Timbale Adams 26 Pouces,Timbales,accessoires,scraped
TAC 0202 63,Plateau De Protection Pour Timbale Adams 29 Pouces,Timbales,accessoires,scraped
TAC 0029 05,Housse Pour Timbale Adams 29 Pouces,Timbales,accessoires,scraped
TAC 0023 05,Housse Pour Timbale Adams 23 Pouces,Timbales,accessoires,scraped
TAC 0020 05,Housse Pour Timbale Adams 20 Pouces,Timbales,accessoires,scraped
TAC 0223,Plateau De Protection Pour Timbale Premier 28 Pouces Concert Ou Pro Symphonic,Timbales,accessoires,scraped
TAC 0222,Plateau De Protection Pour Timbale Premier 30 Pouces Concert Ou Pro Symphonic,Timbales,accessoires,scraped
TAC 0221,Plateau De Protection Pour Timbale Premier 32 Pouces Concert Ou Pro Symphonic,Timbales,accessoires,scraped
TAC 0215,Plateau De Protection Pour Timbale Premier Elite 22 5 Pouces,Timbales,accessoires,scraped
TAC 0214,Plateau De Protection Pour Timbale Premier Elite 25 Pouces,Timbales,accessoires,scraped
TAC 0213,Plateau De Protection Pour Timbale Premier Elite 28 Pouces,Timbales,accessoires,scraped
TAC 0212,Plateau De Protection Pour Timbale Premier Elite 30 Pouces,Timbales,accessoires,scraped
TAC 0211,Plateau De Protection Pour Timbale Premier Elite 32 Pouces,Timbales,accessoires,scraped
TAC 0205,Plateau De Protection Pour Timbale Adams 20 Pouces,Timbales,accessoires,scraped
TAC 0204,Plateau De Protection Pour Timbale Adams 23 Pouces,Timbales,accessoires,scraped
TAC 0201,Plateau De Protection Pour Timbale Adams 32 Pouces,Timbales,accessoires,scraped
TY33 3326EA,Yamaha Timbale Serie 3300 26Pouces Aluminium,Timbales,classiques,scraped
TY33 3329EA,Yamaha Timbale Serie 3300 29Pouces Aluminium,Timbales,classiques,scraped
TAUN FV-J2+ET,Jeu De 2 Timbales Adams Universel 29 Pouces 26 Pouces Etuis De Transport,Timbales,classiques,scraped
TAPR FV 26R,Adams Professionnel Generation Ii 26 Pouces Fibre De Verre,Timbales,classiques,scraped
TAPR FV 29R,Adams Professionnel Generation Ii 29 Pouces Fibre De Verre,Timbales,classiques,scraped
TAPR FV 32R,Adams Professionnel Generation Ii 32 Pouces Fibre De Verre,Timbales,classiques,scraped
TAPR CL 20R,Adams Professionnel Generation Ii 20 Pouces Cuivre Lisse Parabolique,Timbales,classiques,scraped
TAPR CL 23R,Adams Professionnel Generation Ii 23 Pouces Cuivre Lisse Parabolique,Timbales,classiques,scraped
TAPR CL 26R,Adams Professionnel Generation Ii 26 Pouces Cuivre Lisse Parabolique,Timbales,classiques,scraped
TAPR CL 29R,Adams Professionnel Generation Ii 29 Pouces Cuivre Lisse Parabolique,Timbales,classiques,scraped
TAPR CL 32R,Adams Professionnel Generation Ii 32 Pouces Cuivre Lisse Parabolique,Timbales,classiques,scraped
TAPR CM 20R,Adams Professionnel Generation Ii 20 Pouces Cuivre Martele Parabolique,Timbales,classiques,scraped
TAPR CM 23R,Adams Professionnel Generation Ii 23 Pouces Cuivre Martele Parabolique,Timbales,classiques,scraped
TAPR CM 26R,Adams Professionnel Generation Ii 26 Pouces Cuivre Martele Parabolique,Timbales,classiques,scraped
TAPR CM 29R,Adams Professionnel Generation Ii 29 Pouces Cuivre Martele Parabolique,Timbales,classiques,scraped
TAPR CM 32R,Adams Professionnel Generation Ii 32 Pouces Cuivre Martele Parabolique,Timbales,classiques,scraped
TY31 3123EA,Yamaha Serie 3100 23 Pouces Aluminium,Timbales,classiques,scraped
TY31 3126EA,Yamaha Serie 3100 26 Pouces Aluminium,Timbales,classiques,scraped
TY31 3129EA,Yamaha Serie 3100 29 Pouces Aluminium,Timbales,classiques,scraped
CHO 1003 26,Chocoblock Rythmes Sons Incassable,Bois,chocoblocks-wood-blocks-et-mokubio,scraped
LO TPE0030,Premier Elite 30Pouces Cuivre Lisse Parabolique,Timbales,classiques,scraped
TY31 3132EA,Yamaha Serie 3100 32 Pouces Aluminium,Timbales,classiques,scraped
TAPR FV 23R,Adams Professionnel Generation Ii 23 Pouces Fibre De Verre,Timbales,classiques,scraped
TAPR FV 20R,Adams Professionnel Generation Ii 20 Pouces Fibre De Verre,Timbales,classiques,scraped
TARE CM-J2R,Lot De 2 Timbales Adams Revolution Cuivre Martele Parabolique 26 Et 29 Pouces,Timbales,classiques,scraped
TASY CL 32R,Adams Symphonic Ii 32 Pouces Cuivre Lisse Parabolique,Timbales,classiques,scraped
TASY CL-J2+FC,Jeu De 2 Timbales Adams Symphonic Ii Cuivre Lisse Parabolique 29 Pouces 26 Pouces 2 Flight Cases,Timbales,classiques,scraped
TASY CL-J2,Jeu De 2 Timbales Adams Symphonic Ii Cuivre Lisse Parabolique 29 Pouces 26 Pouces,Timbales,classiques,scraped
TARE CL 20R,Adams Revolution 20 Pouces Cuivre Lisse Parabolique,Timbales,classiques,scraped
TARE CL 23R,Adams Revolution 23 Pouces Cuivre Lisse Parabolique,Timbales,classiques,scraped
TARE CL 26R,Adams Revolution 26 Pouces Cuivre Lisse Parabolique,Timbales,classiques,scraped
TARE CL 29R,Adams Revolution 29 Pouces Cuivre Lisse Parabolique,Timbales,classiques,scraped
TARE CL 32R,Adams Revolution 32 Pouces Cuivre Lisse Parabolique,Timbales,classiques,scraped
TASY CP 20R,Adams Symphonic Ii 20 Pouces Cuivre Martele Profond,Timbales,classiques,scraped
TASY CP 23R,Adams Symphonic Ii 23 Pouces Cuivre Martele Profond,Timbales,classiques,scraped
TAC 0225 63,Plateau De Protection Pour Timbale Premier 22 5 Pouces Concert Ou Pro Symphonic,Timbales,accessoires,scraped
TASY CP 26R,Adams Symphonic Ii 26 Pouces Cuivre Martele Profond,Timbales,classiques,scraped
TASY CP 32R,Adams Symphonic Ii 32 Pouces Cuivre Martele Profond,Timbales,classiques,scraped
TASY CM 20R,Adams Symphonic Ii 20 Pouces Cuivre Martele Parabolique,Timbales,classiques,scraped
TASY CM 23R,Adams Symphonic Ii 23 Pouces Cuivre Martele Parabolique,Timbales,classiques,scraped
TASY CM 26R,Adams Symphonic Ii 26 Pouces Cuivre Martele Parabolique,Timbales,classiques,scraped
TASY CM 29R,Adams Symphonic Ii 29 Pouces Cuivre Martele Parabolique,Timbales,classiques,scraped
TASY CM 32R,Adams Symphonic Ii 32 Pouces Cuivre Martele Parabolique,Timbales,classiques,scraped
TASY CL 20R,Adams Symphonic Ii 20 Pouces Cuivre Lisse Parabolique,Timbales,classiques,scraped
TASY CL 26R,Adams Symphonic Ii 26 Pouces Cuivre Lisse Parabolique,Timbales,classiques,scraped
TASY CL 29R,Adams Symphonic Ii 29 Pouces Cuivre Lisse Parabolique,Timbales,classiques,scraped
TASY CP 29R,Adams Symphonic Ii 29 Pouces Cuivre Martele Profond,Timbales,classiques,scraped
TAC 0320 05,Housse Pour Timbale Majestic,Timbales,accessoires,scraped
TASY CL 23R,Adams Symphonic Ii 23 Pouces Cuivre Lisse Parabolique,Timbales,classiques,scraped
TMG C126 05,Timbale Majestic Grand Symphonic Martele 26 Pouces ,Timbales,classiques,scraped
BOO 1013 26,Boo Bam 6 Pouces,Peaux,cooldrums-boobams,scraped
BNG 7111 06,Bongos Sonor Peaux Plastiques,Peaux,bongos-congas-et-timbales-latines,scraped
BNG LP 201AX2A,Bongos Lp Generation Ii 7 Pouces 1 4 8 Pouces 5 8,Peaux,bongos-congas-et-timbales-latines,scraped
BNG 0105 06,Bongos Meinl 7 Pouces Et 8 Pouces Peaux Animales,Peaux,bongos-congas-et-timbales-latines,scraped
BEL 3502 06,Une Paire De Clochettes 5 Cm,Métaux,cloches-clochettes-asiatiques,scraped
BEL 2027 06,Arbre De 27 Cloches Sur Support,Métaux,cloches-clochettes-asiatiques,scraped
TARE FV-J2,Lot De 2 Timbales Adams Revolution 26 29Pouces Fibre De Verre Parabolique,Timbales,classiques,scraped
TASY CP-J4,Lot De 4 Timbales Adams Symphonic Ii 23 26Pouces 29 32Pouces Cuivre Martele Profond,Timbales,classiques,scraped
TAC 0732,Adams 4Trtnpasrv32 Sac De Transport Timbale Adams Revolution 32Pouces,Timbales,accessoires,scraped
CAA HER2206,Cymbales Sabian Aa Heavy Ride Serie 22 Pouces 56 Cm,Métaux,cymbales,scraped
TAC 0729,Adams 4Trtnpasrv29 Sac De Transport Timbale Adams Revolution 29Pouces,Timbales,accessoires,scraped
TAC 0720,Adams 4Trtnpasrv20 Sac De Transport Timbale Adams Revolution 20Pouces,Timbales,accessoires,scraped
TY33 3332EA,Yamaha Timbale Serie 3300 32Pouces Aluminium,Timbales,classiques,scraped
LO TPE-CL-J4,Jeu De 4 Timbales Premier Elite 25 28Pouces 30 32Pouces Cuivre Lisse Parabolique,Timbales,classiques,scraped
TMH F0-J2,Jeu De 3 Timbales Majestic Harmonic Fibre De Verre 20Pouces,Timbales,classiques,scraped
TAUN CL-J3,Jeu De 3 Timbales Adams Universel 26 29Pouces 32Pouces Cuivre Lisse Parabolique,Timbales,classiques,scraped
TAPR CP-J4,Jeu De 4 Timbales Adams Professionnel Generation Ii 23 26Pouces 29 32Pouces Cuivre Martele Parabolique,Timbales,classiques,scraped
TPS 1020 G2,Timbale Premier Concert Nouvelle Generation 20Pouces Fibre De Verre Parabolique,Timbales,classiques,scraped
TPS 1023 G2,Timbale Premier Concert Nouvelle Generation 23Pouces Fibre De Verre Parabolique,Timbales,classiques,scraped
TPS 1029 G2,Timbale Premier Concert Nouvelle Generation 29Pouces Fibre De Verre Parabolique,Timbales,classiques,scraped
TAC 0726,Adams 4Trtnpasrv26 Sac De Transport Timbale Adams Revolution 26Pouces,Timbales,accessoires,scraped
TPS 1026 G2,Timbale Premier Concert Nouvelle Generation 26Pouces Fibre De Verre Parabolique,Timbales,classiques,scraped
CAB 1001 06,Cabassa,Effets,cabassas-guiros-et-kokiriko,scraped
CAS 0101 06,Castagnette D Etude Sur Manche Aigu,Bois,castagnettes-claves,scraped
CEN 1026 06,Cencerro 11 Cm L25 Cm,Métaux,cloches-vache-cencerros-cloche-latines,scraped
CEN 1023 06,Cencerro 10 Cm L22 Cm,Métaux,cloches-vache-cencerros-cloche-latines,scraped
CEN 1031 06,Cencerro 13 Cm L30 Cm,Métaux,cloches-vache-cencerros-cloche-latines,scraped
TMG C120 05,Timbale Majestic Grand Symphonic Martele 20 Pouces ,Timbales,classiques,scraped
CEN 1020 06,Cencerro 9 Cm L19 Cm,Métaux,cloches-vache-cencerros-cloche-latines,scraped
CEN 1017 06,Cencerro 9 Cm L16 Cm,Métaux,cloches-vache-cencerros-cloche-latines,scraped
CEN 1015 06,Cencerro 8 Cm L14 Cm,Métaux,cloches-vache-cencerros-cloche-latines,scraped
CEN 1013 06,Cencerro 7 Cm L12 Cm,Métaux,cloches-vache-cencerros-cloche-latines,scraped
CEN 1011 06,Cencerro 6 Cm L10 Cm,Métaux,cloches-vache-cencerros-cloche-latines,scraped
CAB 6001 06,Cabassa Lp Modele Grand,Effets,cabassas-guiros-et-kokiriko,scraped
CEN 1010 06,Cencerro 6 Cm X L8 Cm,Métaux,cloches-vache-cencerros-cloche-latines,scraped
CCL SO61 06,Caisse Claire Sonor Designer Fut Bois Maple Light,Peaux,caisses-claires-pads-tambours,scraped
CCL SO41 06,Caisse Claire Sonor S Class Maple Fut Bois Maple Light,Peaux,caisses-claires-pads-tambours,scraped
CCL LU64 06,Caisse Claire Ludwig Lm411 Supra Phonic Super Sensitive 14 6Pouces 1 2 Fut Aluminium,Peaux,caisses-claires-pads-tambours,scraped
CCL LU63M06,Caisse Claire Ludwig Supraphonic 14 Pouces X6 Pouces 1 2 Fut Aluminium Martele,Peaux,caisses-claires-pads-tambours,scraped
CCL LU63 06,Caisse Claire Ludwig Supraphonic 14 Pouces X6 Pouces 1 2 Fut Metal,Peaux,caisses-claires-pads-tambours,scraped
CAS 3205 26,Castagnette Sur Socle Aigu,Bois,castagnettes-claves,scraped
CAS 3107 26,Castagnette Sur Manche Medium,Bois,castagnettes-claves,scraped
CAS 3105 26,Castagnette Sur Manche Aigu,Bois,castagnettes-claves,scraped
CAS 0102 06,Castagnette D Etude Sur Manche Medium,Bois,castagnettes-claves,scraped
CCL 0011 06,Caisse Claire Linko D Etude 14 Pouces X5 Pouces,Peaux,caisses-claires-pads-tambours,scraped
TPS 1032 G2,Timbale Premier Concert Nouvelle Generation 32Pouces Fibre De Verre Parabolique,Timbales,classiques,scraped
CAS 3207 26,Castagnette Sur Socle Medium,Bois,castagnettes-claves,scraped
TPS 0023 G2,Timbale Premier Concert 23Pouces Cuivre Lisse Parabolique Nouvelle Generation,Timbales,classiques,scraped
TAUN FV 29R+H,Adams Universel 29Pouces Fibre De Verre Parabolique Housse,Timbales,classiques,scraped
TAUN FV 26R+H,Adams Universel 26Pouces Fibre De Verre Parabolique Housse,Timbales,classiques,scraped
TAUN FV 20R+H,Adams Universel 20Pouces Fibre De Verre Parabolique Housse,Timbales,classiques,scraped
TY33 33-J3,Lot De Timbales Yamaha Serie 3300 23 26 29Pouces,Timbales,classiques,scraped
TPE CL-J2,Jeu De 2 Timbales Premier Elite 28 30Pouces Cuivre Lisse Parabolique,Timbales,classiques,scraped
TY33 3323EA,Yamaha Serie 3300 23Pouces Aluminium,Timbales,classiques,scraped
SLD 0010,Slidtune Gauge Electronique Timbalier,Timbales,accessoires,scraped
TPS CL-J4,Jeu De 4 Timbales Premier Pro Symphonic Cuivre Lisse Parabolique,Timbales,classiques,scraped
TAPR CM 20RFT,Adams Professionnel Generation Ii 20Pouces Cuivre Martele Parabolique Manette Accord Fin,Timbales,classiques,scraped
TAPR CM 23RFT,Adams Professionnel Generation Ii 23Pouces Cuivre Martele Parabolique Manette Accord Fin,Timbales,classiques,scraped
TAC 0224,Plateau De Protection Pour Timbale Premier 25 Pouces Concert Ou Pro Symphonic,Timbales,accessoires,scraped
TARE FV 23R,Adams Revolution 23 Pouces Fibre De Verre,Timbales,classiques,scraped
TAUN CL 20R,Adams Universel 20 Pouces Cuivre Lisse Parabolique,Timbales,classiques,scraped
TSC 0129 05,Timbale Adams Symphonic Cuivre Profond 29 Pouces ,Timbales,classiques,scraped
TSC 0123 05,Timbale Adams Symphonic Cuivre Profond 23 Pouces ,Timbales,classiques,scraped
TPF 0132 05,Timbale Adams Professionnel Fibre De Verre 32 Pouces ,Timbales,classiques,scraped
TMG C129 05,Timbale Majestic Grand Symphonic Martele 29 Pouces ,Timbales,classiques,scraped
TMS C123 05,Timbale Majestic Symphonic Cuivre Martele 23 Pouces ,Timbales,classiques,scraped
TMG C132 05,Timbale Majestic Grand Symphonic Martele 32 Pouces ,Timbales,classiques,scraped
TAUN FV 32R+H,Adams Universel 32Pouces Fibre De Verre Parabolique,Timbales,classiques,scraped
TASY CL 32R+H+C,Adams Symphonic Ii 32Pouces Cuivre Lisse Parabolique Housse Controleur De Peau,Timbales,classiques,scraped
TAPR CM 32RFT,Adams Professionnel Generation Ii 32Pouces Cuivre Martele Parabolique Manette Accord Fin,Timbales,classiques,scraped
TASY CL 26R+H+C,Adams Symphonic Ii 26Pouces Cuivre Lisse Parabolique Housse Controleur De Peau,Timbales,classiques,scraped
TPS 0029 G2,Timbale Premier Concert 29Pouces Cuivre Lisse Parabolique Nouvelle Generation,Timbales,classiques,scraped
TASY CL 29R+H+C,Adams Symphonic Ii 29Pouces Cuivre Lisse Parabolique Housse Controleur De Peau,Timbales,classiques,scraped
TPS 0032 G2,Timbale Premier Concert 32Pouces Cuivre Lisse Parabolique Nouvelle Generation,Timbales,classiques,scraped
TPS 0020 G2,Timbale Premier Concert Nouvelle Generation 20Pouces Cuivre Lisse Parabolique,Timbales,classiques,scraped
TAUN FV 20R+H+C,Adams Universel 20Pouces Fibre De Verre Parabolique Housse Controleur De Peau,Timbales,classiques,scraped
TAUN FV 23R+H,Adams Universel 23Pouces Fibre De Verre Parabolique Housse,Timbales,classiques,scraped
TAC 0225,Plateau De Protection Pour Timbale Premier 22 5 Pouces Concert Ou Pro Symphonic,Timbales,accessoires,scraped
TPS 0026 G2,Timbale Premier Concert 26Pouces Cuivre Lisse Parabolique Nouvelle Generation,Timbales,classiques,scraped
TAC 0202,Plateau De Protection Pour Timbale Adams 29 Pouces,Timbales,accessoires,scraped
ACC CT10 06,Controleur De Tension De Peau,Timbales,accessoires,scraped
TAUN FV 23R+H+C,Adams Universel 23Pouces Fibre De Verre Parabolique Housse Controleur De Peau,Timbales,classiques,scraped
TPE 0023 G2,Timbale Premier Elite Nouvelle Generation 23Pouces Cuivre Lisse Parabolique,Timbales,classiques,scraped
TPE 0026 G2,Timbale Premier Elite Nouvelle Generation 26Pouces Cuivre Lisse Parabolique,Timbales,classiques,scraped
TPE 0029 G2,Timbale Premier Elite Nouvelle Generation 29Pouces Cuivre Lisse Parabolique,Timbales,classiques,scraped
TPE 0032 G2,Timbale Premier Elite Nouvelle Generation 32Pouces Cuivre Lisse Parabolique,Timbales,classiques,scraped
TAUN FV 26R+H+C,Adams Universel 26Pouces Fibre De Verre Parabolique Housse Controleur De Peau,Timbales,classiques,scraped
TAUN FV 32R+H+C,Adams Universel 32Pouces Fibre De Verre Parabolique Housse Controleur De Peau,Timbales,classiques,scraped
TPE 0020 G2,Timbale Premier Elite Nouvelle Generation 20Pouces Cuivre Lisse Parabolique,Timbales,classiques,scraped
TASY CL 23R+H+C,Adams Symphonic Ii 23Pouces Cuivre Lisse Parabolique Housse Controleur De Peau,Timbales,classiques,scraped
SMAP-BAGUETTES_DE_TIMBALE,Baguettes De Timbales Jg Percussion Jp4,Baguettes,musiciens,sitemap-only
SMAP-HOUSSE_DE_TRANSPORT_,Housse De Transport Adams Xylophone Etude Rythmes Sons 3 Octaves 1 2,Claviers,sacs-de-transport,sitemap-only
SMAP-CHAISE_PLIANTE_AVEC_,Chaise Pliante Avec Poignee De Prehension Finition Tissu Noir,Chaises-Musiciens,chaises-pliantes,sitemap-only
SMAP-STAND_KOENIG_MEYER_K,Stand Koenig Meyer Km En X Pour Glockenspiel Et Xylophone X1001,Portiques-Supports-Accessoires,supports-instruments,sitemap-only
SMAP-HOUSSES_DE_TRANSPORT,Housses De Transport Adams Marimba Solist 4 Oct 1 3,Claviers,sacs-de-transport,sitemap-only
SMAP-HOUSSES_TRANSPORT_AD,Housses Transport Adams Marimba Artist Van Sice 4 Octaves 2 3,Claviers,sacs-de-transport,sitemap-only
SMAP-CHARIOT_UNIVERSEL_HA,Chariot Universel Harpo Pour Harpe,Supports-Pour-Instruments-De-Musique,chariot-support-de-soutien-harpe,sitemap-only
SMAP-PORTIQUE_ADAMS_GONGS,Portique Adams Gongs Modele 600,Portiques-Supports-Accessoires,portiques-gongs-tam-tams,sitemap-only
SMAP-SIEGE_DE_BATTEUR_GIB,Siege De Batteur Gibraltar 9608,Tabourets-Banquettes-Musiciens,sieges-batteurs,sitemap-only
SMAP-FLIGHT_CASE_CELESTA_,Flight Case Celesta Schiedmayer 5 Oct 1 2 Compact,Flight-Cases-Instruments,flightcases-claviers,sitemap-only
SMAP-CLAMP_CADESON_POUR_T,Clamp Cadeson Pour Tige De Tom Melodique Gigogne 18 Pouces A 20 Pouces,Portiques-Supports-Accessoires,supports-instruments,sitemap-only
SMAP-BARRE_ADDITIONNELLE_,Barre Additionnelle Pour Rack Cadeson,Portiques-Supports-Accessoires,supports-instruments,sitemap-only
SMAP-ETUI_HARDCASE_HN13S_,Etui Hardcase Hn13S Caisse Claire 13Pouces,Flight-Cases-Instruments,flightcases-percussions-peaux,sitemap-only
SMAP-RACK_CADESON_POUR_2_,Rack Cadeson Pour 2 Toms Melodiques Gigognes,Portiques-Supports-Accessoires,supports-instruments,sitemap-only
SMAP-STAND_CADESON_POUR_1,Stand Cadeson Pour 1 Tom Melodique Gigogne 18 Pouces A 20 Pouces,Portiques-Supports-Accessoires,supports-instruments,sitemap-only
SMAP-ECLAIRAGE_NOTELIGHT_,Eclairage Notelight Rythmes Sons 18 Led 3400 Degres,Eclairages-Pour-Pupitres-De-Musiciens,eclairages-professionnels-led,sitemap-only
SMAP-ARBRE_A_CYMBALE_ZILD,Arbre A Cymbale Zildjian Pour 24 Cymbales,Portiques-Supports-Accessoires,supports-instruments,sitemap-only
SMAP-BAGUETTES_TIMBALES_J,Baguettes Timbales Jg Percussion Cl1 Stravinsky,Baguettes,musiciens,sitemap-only
SMAP-ETUI_HARDCASE_HN12P_,Etui Hardcase Hn12P Caisse Claire 12Pouces,Flight-Cases-Instruments,flightcases-percussions-peaux,sitemap-only
SMAP-BANQUETTE_DE_PIANO_A,Banquette De Piano A Usage Professionel Uplift Revetement Simili Cuir,Tabourets-Banquettes-Musiciens,banquettes-musiciens,sitemap-only
SMAP-MAILLET_GROVER_PM4_G,Maillet Grover Pm4 Grand,Baguettes,maillets-mailloches,sitemap-only
SMAP-ADAMS_BAROQUE_23_POU,Adams Baroque 23 Pouces Manette D Accord Centrale,Timbales,baroques,sitemap-only
SMAP-ADAMS_BAROQUE_26_POU,Adams Baroque 26 Pouces Manette D Accord Centrale,Timbales,baroques,sitemap-only
SMAP-CHARGEUR_POUR_1_BLOC,Chargeur Pour 1 Bloc Batterie Li Ion 24V,Eclairages-Pour-Pupitres-De-Musiciens,accessoires,sitemap-only
SMAP-CHARGEUR_POUR_5_BLOC,Chargeur Pour 5 Blocs Batterie Li Ion 24V,Eclairages-Pour-Pupitres-De-Musiciens,accessoires,sitemap-only
SMAP-TRANSFORMATEUR_NON_G,Transformateur Non Graduable Pour 1 Eclairage A Led Rs,Eclairages-Pour-Pupitres-De-Musiciens,accessoires,sitemap-only
SMAP-TRANSFORMATEUR_GRADU,Transformateur Graduable Pour 1 Eclairage A Led Rs,Eclairages-Pour-Pupitres-De-Musiciens,accessoires,sitemap-only
SMAP-ECLAIRAGEHAMMER_HEAD,Eclairagehammer Head Mighty Bright A Led,Eclairages-Pour-Pupitres-De-Musiciens,lampes-de-pupitre,sitemap-only
SMAP-BLOC_BATTERIE_POUR_1,Bloc Batterie Pour 1 Eclairage Rythmes Sons Professionel A Led,Eclairages-Pour-Pupitres-De-Musiciens,accessoires,sitemap-only
SMAP-PROLONGATEUR_POUR_CA,Prolongateur Pour Cable De Distribution Rs 24V,Eclairages-Pour-Pupitres-De-Musiciens,accessoires,sitemap-only
SMAP-TIGE_CADESON_POUR_TO,Tige Cadeson Pour Tom Melodique Gigogne 10 Pouces A 16 Pouces,Portiques-Supports-Accessoires,supports-instruments,sitemap-only
SMAP-RALLONGE_EN_Y_24V_2_,Rallonge En Y 24V 2 Sorties 1 Ml,Eclairages-Pour-Pupitres-De-Musiciens,accessoires,sitemap-only
SMAP-SACS_DE_TRANSPORT_MA,Sacs De Transport Marimba One Marimba Marimba One 5 Octaves,Claviers,sacs-de-transport,sitemap-only
SMAP-PIED_CYMBALE_PERCHE_,Pied Cymbale Perche Yamaha Cs655A,Portiques-Supports-Accessoires,supports-instruments,sitemap-only
SMAP-FLIGHT_CASE_POUR_GLO,Flight Case Pour Glockenspiel Concorde 8001,Flight-Cases-Instruments,flightcases-claviers,sitemap-only
SMAP-EXTENSION_NOIRE_RS_P,Extension Noire Rs Pour Plateau De Pupitre,Pupitres-Musiciens,accessoires,sitemap-only
SMAP-MAILLET_GROVER_PM3_M,Maillet Grover Pm3 Moyen,Baguettes,maillets-mailloches,sitemap-only
SMAP-BLOC_TRANSFORMATEUR_,Bloc Transformateur Gradable D Alimentation,Eclairages-Pour-Pupitres-De-Musiciens,accessoires,sitemap-only
SMAP-MAILLOCHE_ROLLER_TOM,Mailloche Roller Tom Gauger Tg04 Vic Firth De Grosse Caisse,Baguettes,maillets-mailloches,sitemap-only
SMAP-MAILLOCHE_TOM_GAUGER,Mailloche Tom Gauger Tg21 Vic Firth De Grosse Caisse,Baguettes,maillets-mailloches,sitemap-only
SMAP-LOT_DE_20_ECLAIRAGES,Lot De 20 Eclairages Hammer Head Mighty Bright A Led,Eclairages-Pour-Pupitres-De-Musiciens,lampes-de-pupitre,sitemap-only
SMAP-LOT_DE_12_PUPITRES_P,Lot De 12 Pupitres Pliants Koenig Meyer Km Plateau Plein Flight Case,Pupitres-Musiciens,pupitres,sitemap-only
SMAP-CHAISE_WENGER_H47CM_,Chaise Wenger H47Cm Pour Etudiant,Chaises-Musiciens,chaises-percussionnistes,sitemap-only
SMAP-LOT_DE_20_CHAISES_PL,Lot De 20 Chaises Pliantes Flight Case,Chaises-Musiciens,chaises-pliantes,sitemap-only
SMAP-PUPITRE_PLIANT_KOENI,Pupitre Pliant Koenig Meyer Km Avec Plateau Plein,Pupitres-Musiciens,pupitres,sitemap-only
SMAP-SUPPORT_HERCULES_TRO,Support Hercules Trompettes Ou Cornet Et Bugle,Supports-Pour-Instruments-De-Musique,instruments-vent,sitemap-only
SMAP-CHAISE_HAUTE_MULTIFO,Chaise Haute Multifonctions Avec Assise Triangulaire Rythmes Sons Pour Percussionniste,Chaises-Musiciens,chaises-timbalier,sitemap-only
SMAP-BANQUETTE_DE_PIANO_K,Banquette De Piano Koenig Meyer Km A Usage Professionel Uplift Revetement Tissu,Tabourets-Banquettes-Musiciens,banquettes-musiciens,sitemap-only
SMAP-FLIGHT_CASE_RYTHMES_,Flight Case Rythmes Sons Pour 12 Pupitres Pliants Noir Km,Chariots-De-Transport,flightcases-pupitres,sitemap-only
SMAP-FLIGHT_CASE_30_ECLAI,Flight Case 30 Eclairages 24 Led Rs,Chariots-De-Transport,eclairages-pupitres,sitemap-only
SMAP-FLIGHT_CASE_POUR_TIM,Flight Case Pour Timbale Premier Pro Symphonic 25 Pouces,Flight-Cases-Instruments,flightcases-timbales,sitemap-only
SMAP-BAGUETTES_MIKE_BALTE,Baguettes Mike Balter T2 Modele Staccato Manche Erable La Paire,Baguettes,musiciens,sitemap-only
SMAP-CABLE_DE_DISTRIBUTIO,Cable De Distribution Pour 10 Eclairages Led Rs,Eclairages-Pour-Pupitres-De-Musiciens,accessoires,sitemap-only
SMAP-CHAISE_HAUTE_FIXE_EM,Chaise Haute Fixe Empilable Rythmes Sons Pour Percussionniste Chef D Orchestre Ou Contrebassiste,Chaises-Musiciens,chaises-percussionnistes,sitemap-only
SMAP-STAND_MEINL_NOIR_POU,Stand Meinl Noir Pour Cymbales Frappees Avec Tablette A Accessoires,Portiques-Supports-Accessoires,supports-instruments,sitemap-only
SMAP-MAILLOCHE_CONCORDE_B,Mailloche Concorde B5 De Grosse Caisse La Paire,Baguettes,maillets-mailloches,sitemap-only
SMAP-CHEMISE_DE_CHORISTE_,Chemise De Choriste Portable Manhasset 1600,Pupitres-Musiciens,accessoires,sitemap-only
SMAP-ETUI_HARDCASE_HN14P_,Etui Hardcase Hn14P Caisse Claire Piccolo 14Pouces,Flight-Cases-Instruments,flightcases-percussions-peaux,sitemap-only
SMAP-CHARIOT_DE_TRANSPORT,Chariot De Transport Pour 20 Chaises Ref Sie 13Xx,Chariots-De-Transport,flightcases-chaises-orchestre,sitemap-only
SMAP-TABOURET_DE_BATTERIE,Tabouret De Batterie Yamaha Ds950,Tabourets-Banquettes-Musiciens,sieges-batteurs,sitemap-only
SMAP-PACK_GIBRALTAR_5700P,Pack Gibraltar 5700Pk,Portiques-Supports-Accessoires,supports-instruments,sitemap-only
SMAP-LOT_DE_18_PUPITRES_M,Lot De 18 Pupitres Manhasset Harmony,Pupitres-Musiciens,pupitres,sitemap-only
SMAP-JEU_DE_8_LAMES_BOIS_,Jeu De 8 Lames Bois 8 Lames Aluminium Soprano Cadeson,Claviers,eveil-musical,sitemap-only
SMAP-JEU_D_UN_XYLOPHONE_E,Jeu D Un Xylophone Et D Un Metallophone Soprano,Claviers,eveil-musical,sitemap-only
SMAP-UNITE_D_ALIMENTATION,Unite D Alimentation Dmx Dali 0 10V Pour 80 Eclairages Rythmes Sons A Led Professionel,Eclairages-Pour-Pupitres-De-Musiciens,accessoires,sitemap-only
SMAP-STAND_CADESON_POUR_B,Stand Cadeson Pour Bongo,Portiques-Supports-Accessoires,supports-instruments,sitemap-only
SMAP-BLOC_PRISE_4X2P,Bloc Prise 4X2P,Eclairages-Pour-Pupitres-De-Musiciens,lampes-de-pupitre,sitemap-only
SMAP-800X600XH800_FLIGHT_,800X600Xh800 Flight Case Openroad Bacs Et Etagere Amovibles Accessoires,Flight-Cases-Instruments,flightcases-accessoires,sitemap-only
SMAP-ADAMS_SCHNELLAR_32_P,Adams Schnellar 32 Pouces Dresden A Cremaillere,Timbales,philharmoniques,sitemap-only
SMAP-FLIGHT_CASE_TOMS_6_P,Flight Case Toms 6 Pouces 8 Pouces 10 Pouces 14 Pouces 15 Pouces Pieds,Flight-Cases-Instruments,flightcases-percussions-peaux,sitemap-only
SMAP-FLIGHT_CASE_POUR_TOM,Flight Case Pour Toms 12 Pouces 13 Pouces 16 Pouces,Flight-Cases-Instruments,flightcases-percussions-peaux,sitemap-only
SMAP-HOUSSES_TRANSPORT_MU,Housses Transport Musser Vibraphone M55,Claviers,sacs-de-transport,sitemap-only
SMAP-ADAMS_SCHNELLAR_29_P,Adams Schnellar 29 Pouces Dresden A Cremaillere,Timbales,philharmoniques,sitemap-only
SMAP-ADAMS_SCHNELLAR_26_P,Adams Schnellar 26 Pouces Dresden A Cremaillere,Timbales,philharmoniques,sitemap-only
SMAP-ADAMS_SCHNELLAR_23_P,Adams Schnellar 23 Pouces Dresden A Cremaillere,Timbales,philharmoniques,sitemap-only
SMAP-ADAMS_SCHNELLAR_20_P,Adams Schnellar 20 Pouces Dresden A Cremaillere,Timbales,philharmoniques,sitemap-only
SMAP-MAILLOCHES_GROSSE_CA,Mailloches Grosse Caisse Adams Roller Double Tete L Unite,Baguettes,maillets-mailloches,sitemap-only
SMAP-SACS_DE_TRANSPORT_PE,Sacs De Transport Peter Marimba Yamaha 6000 5 Octaves,Claviers,sacs-de-transport,sitemap-only
SMAP-MINI_ECLAIRAGE_KOENI,Mini Eclairage Koenig Meyer Km A Led,Eclairages-Pour-Pupitres-De-Musiciens,lampes-de-pupitre,sitemap-only
SMAP-STAND_KOENIG_MEYER_C,Stand Koenig Meyer Cimbasso Contrebasson,Supports-Pour-Instruments-De-Musique,instruments-vent,sitemap-only
SMAP-ETUI_A_BAGUETTES_CAD,Etui A Baguettes Cadeson Petit Modele,Baguettes,etuis-baguettes,sitemap-only
SMAP-PIED_DE_CAISSE_CLAIR,Pied De Caisse Claire Double Embase,Portiques-Supports-Accessoires,supports-instruments,sitemap-only
SMAP-SUPPORT_CADESON_POUR,Support Cadeson Pour Cymbales Frappees,Portiques-Supports-Accessoires,supports-instruments,sitemap-only
SMAP-ARBRE_A_CYMBALES_CAD,Arbre A Cymbales Cadeson,Portiques-Supports-Accessoires,supports-instruments,sitemap-only
SMAP-STAND_CADESON_POUR_P,Stand Cadeson Pour Pack Multi Percussion,Portiques-Supports-Accessoires,supports-instruments,sitemap-only
SMAP-METALLOPHONE_CADESON,Metallophone Cadeson Soprano Do5 La6,Claviers,eveil-musical,sitemap-only
SMAP-PUPITRE_RYTHMES_SONS,Pupitre Rythmes Sons 70X50 Cm Embase Pliante,Pupitres-Musiciens,pupitres-chef-orchestre,sitemap-only
SMAP-XYLOPHONE_CADESON_AL,Xylophone Cadeson Alto Do4 La5,Claviers,eveil-musical,sitemap-only
SMAP-XYLOPHONE_CADESON_BA,Xylophone Cadeson Basse Do3 La4,Claviers,eveil-musical,sitemap-only
SMAP-JEU_DE_8_LAMES_ALU_S,Jeu De 8 Lames Alu Soprano S Resonateurs,Claviers,eveil-musical,sitemap-only
SMAP-JEU_DE_8_LAMES_ALU_A,Jeu De 8 Lames Alu Alto S Resonateurs,Claviers,eveil-musical,sitemap-only
SMAP-JEU_DE_8_LAMES_ALU_B,Jeu De 8 Lames Alu Basse S Resonateurs,Claviers,eveil-musical,sitemap-only
SMAP-XYLOPHONE_CADESON_SO,Xylophone Cadeson Soprano Do5 La6,Claviers,eveil-musical,sitemap-only
SMAP-PEAU_RENAISSANCE_REM,Peau Renaissance Remo Pour Timbale Premier 22 5 Pouces Sauf Elite ,Timbales,peaux-de-rechange,sitemap-only
SMAP-CHAISE_PLIANTE_AGIL,Chaise Pliante Agil,Chaises-Musiciens,chaises-pliantes,sitemap-only
SMAP-CHAISE_2_REPOSES_PIE,Chaise 2 Reposes Pieds Tubulaires Rythmes Sons Pour Contrebassiste,Chaises-Musiciens,chaises-contrebassiste,sitemap-only
SMAP-PEAU_BLANCHE_REMO_PO,Peau Blanche Remo Pour Timbale Premier Elite 32 Pouces ,Timbales,peaux-de-rechange,sitemap-only
SMAP-CHAISE_ORCHESTRE_MUL,Chaise Orchestre Multi Reglable Rythmes Sons Assise Carre,Chaises-Musiciens,chaises-percussionnistes,sitemap-only
SMAP-CHAISE_HAUTE_FIXE_RY,Chaise Haute Fixe Rythmes Sons Pour Contrebassiste,Chaises-Musiciens,chaises-contrebassiste,sitemap-only
SMAP-CHAISE_PLIANTE_FINIT,Chaise Pliante Finition Tissu Anthracite,Chaises-Musiciens,chaises-pliantes,sitemap-only
SMAP-CHAISE_PLIANTE_EN_PO,Chaise Pliante En Polypropylene,Chaises-Public,chaises-pliantes,sitemap-only
SMAP-LOT_DE_20_PUPITRES_P,Lot De 20 Pupitres Pliants Voyager Manhasset,Pupitres-Musiciens,pupitres,sitemap-only
SMAP-LOT_DE_18_PUPITRES_S,Lot De 18 Pupitres Symphony Manhasset,Pupitres-Musiciens,pupitres,sitemap-only
SMAP-LOT_DE_20_CHAISES_AG,Lot De 20 Chaises Agil Pliantes,Chaises-Musiciens,chaises-pliantes,sitemap-only
SMAP-ECLAIRAGE_LED_PROFES,Eclairage Led Professionnel Rythmes Sons 18 Led 2900Degresk Ancien Modele,Eclairages-Pour-Pupitres-De-Musiciens,lampes-de-pupitre,sitemap-only
SMAP-PEAU_REMO_STANDARD_P,Peau Remo Standard Pour Timbale Adams 20 Pouces,Timbales,peaux-de-rechange,sitemap-only
SMAP-CHASSIS_DE_LUXE_NOIR,Chassis De Luxe Noir Zildjian Pour Otave Grave De Crotales,Portiques-Supports-Accessoires,chassis,sitemap-only
SMAP-BAGUETTES_ADAMS_VAN_,Baguettes Adams Van Sice R2 La Paire,Baguettes,musiciens,sitemap-only
SMAP-PLANCHE_DE_PIC_TRIAN,Planche De Pic Triangulaire Rs En Polypropylene Noir,Supports-Pour-Instruments-De-Musique,support-planche-de-pique-contrebasse-violoncelle,sitemap-only
SMAP-HOUSSE_ANTIPOUSSIERE,Housse Antipoussiere Yamaha Marimba 5100A,Claviers,sacs-de-transport,sitemap-only
SMAP-STAND_YAMAHA_DOUBLE_,Stand Yamaha Double Embase Pour 2 Toms De Concert,Portiques-Supports-Accessoires,supports-instruments,sitemap-only
SMAP-CHAISE_MULTIREGLAGES,Chaise Multireglages Rythmes Sons,Chaises-Musiciens,chaises-percussionnistes,sitemap-only
SMAP-HOUSSE_DE_PROTECTION,Housse De Protection Chariot Ref Chr 5110 22,Chaises-Musiciens,accessoires,sitemap-only
SMAP-TRANSFORMATEUR_POUR_,Transformateur Pour Eclairage A Led Mighty Bright,Eclairages-Pour-Pupitres-De-Musiciens,lampes-de-pupitre,sitemap-only
SMAP-ARBRE_A_CYMBALES_ZIL,Arbre A Cymbales Zildjian Pour 12 Cymbales,Portiques-Supports-Accessoires,supports-instruments,sitemap-only
SMAP-HOUSSE_POUR_ECRANS_A,Housse Pour Ecrans Acoustiques Clearsonic H122 Cm,Produits-Acoustiques-Pour-Musiciens,reflecteurs-acoustiques,sitemap-only
SMAP-FLIGHT_CASE_POUR_CON,Flight Case Pour Contrebasse Isotherme Cordes Vers Le Fond,Flight-Cases-Instruments,flightcases-cordes,sitemap-only
SMAP-AMPOULE_A_LED_BLANCH,Ampoule A Led Blanche 3W 240V E14,Eclairages-Pour-Pupitres-De-Musiciens,accessoires,sitemap-only
SMAP-ECRAN_ACOUSTIQUE_HAU,Ecran Acoustique Hauteur 168 Cm 5 Vantaux,Produits-Acoustiques-Pour-Musiciens,reflecteurs-acoustiques,sitemap-only
SMAP-BANQUETTE_DE_PIANO_C,Banquette De Piano Coussin Tissu Koenig Meyer 14086,Tabourets-Banquettes-Musiciens,banquettes-musiciens,sitemap-only
SMAP-FLIGHT_CASES_POUR_GL,Flight Cases Pour Glock Musser M645 Etui,Flight-Cases-Instruments,flightcases-claviers,sitemap-only
SMAP-LOT_DE_5_FLIGHT_CASE,Lot De 5 Flight Cases Pour Marimba Concorde 8000 Demonte,Flight-Cases-Instruments,flightcases-claviers,sitemap-only
SMAP-LOT_DE_3_FLIGHT_CASE,Lot De 3 Flight Cases Marimba Adams Mshv Mspv Demonte,Flight-Cases-Instruments,flightcases-claviers,sitemap-only
SMAP-LOT_DE_4_FLIGHT_CASE,Lot De 4 Flight Cases Pour Marimba Adams Ahc5 Ahv5 Demonte,Flight-Cases-Instruments,flightcases-claviers,sitemap-only
SMAP-LOT_DE_12_PUPITRES_M,Lot De 12 Pupitres Manhasset Symphony Simples Rebords,Pupitres-Musiciens,pupitres,sitemap-only
SMAP-HOUSSES_TRANSPORT_VI,Housses Transport Vibraphone Yamaha Yv 2700,Claviers,sacs-de-transport,sitemap-only
SMAP-MINI_ECLAIRAGE_DUET2,Mini Eclairage Duet2 Pouces Mighty Bright A Led,Eclairages-Pour-Pupitres-De-Musiciens,lampes-de-pupitre,sitemap-only
SMAP-FLIGHT_CASE_CLOCHE_T,Flight Case Cloche Tubes Adams Standard,Flight-Cases-Instruments,flightcases-claviers,sitemap-only
SMAP-SUPPORT_DE_TRIANGLE_,Support De Triangle Cadeson Avec 2 Battes Digitales,Portiques-Supports-Accessoires,attaches,sitemap-only
SMAP-FLIGHT_CASE_POUR_VIB,Flight Case Pour Vibraphone Yamaha 1600 3 Oct Assemble,Flight-Cases-Instruments,flightcases-claviers,sitemap-only
SMAP-FLIGHT_CASE_POUR_XYL,Flight Case Pour Xylophone Adams Xchv Demonte,Flight-Cases-Instruments,flightcases-claviers,sitemap-only
SMAP-LOT_DE_2_FLIGHT_CASE,Lot De 2 Flight Cases Pour Vibraphone Yamaha 3910 Demonte,Flight-Cases-Instruments,flightcases-claviers,sitemap-only
SMAP-PIQUE_DE_SOUTIEN_RYT,Pique De Soutien Rythmes Sons Harpe,Supports-Pour-Instruments-De-Musique,chariot-support-de-soutien-harpe,sitemap-only
SMAP-TABOURET_DE_BATTEUR_,Tabouret De Batteur Pearl 1500S Roadster,Tabourets-Banquettes-Musiciens,sieges-batteurs,sitemap-only
SMAP-LOT_DE_15_CHAISES_PL,Lot De 15 Chaises Pliantes Polypropylene Noir Bac De Transport,Chaises-Musiciens,chaises-pliantes,sitemap-only
SMAP-LOT_DE_25_CHAISES_PL,Lot De 25 Chaises Pliantes Polypropylene Gris Flight Case,Chaises-Musiciens,chaises-pliantes,sitemap-only
SMAP-FLIGHT_CASE_HARPE_LY,Flight Case Harpe Lyon Healy Gold 11,Flight-Cases-Instruments,flightcases-cordes,sitemap-only
SMAP-BLOC_ALIMENTATION_DM,Bloc Alimentation Dmx Gradateur Eclairages Notelight White Tunable,Eclairages-Pour-Pupitres-De-Musiciens,accessoires,sitemap-only
SMAP-PROLONGATEUR_6M_CABL,Prolongateur 6M Cable De Distribution Notelight White Tunable,Eclairages-Pour-Pupitres-De-Musiciens,accessoires,sitemap-only
SMAP-PROLONGATEUR_10M_CAB,Prolongateur 10M Cable De Distribution Notelight White Tunable,Eclairages-Pour-Pupitres-De-Musiciens,accessoires,sitemap-only
SMAP-DOUBLEUR_24V_2_SORTI,Doubleur 24V 2 Sorties 1Ml Notelight White Tunable,Eclairages-Pour-Pupitres-De-Musiciens,accessoires,sitemap-only
SMAP-PROLONGATEUR_2M_ECLA,Prolongateur 2M Eclairage Notelight White Tunable,Eclairages-Pour-Pupitres-De-Musiciens,accessoires,sitemap-only
SMAP-LOT_DE_4_CHAISES_FIX,Lot De 4 Chaises Fixes Empilables Rythmes Sons Flight Case,Chaises-Musiciens,chaises-contrebassiste,sitemap-only
SMAP-PLANCHE_DE_PIQUE_800,Planche De Pique 800X600 Rythmes Sons Contreplaque Peint Noir,Supports-Pour-Instruments-De-Musique,support-planche-de-pique-contrebasse-violoncelle,sitemap-only
SMAP-PAIRE_DE_BAGUETTES_Y,Paire De Baguettes Yamaha Keiko Abe Numero4 Mkaw 04,Baguettes,musiciens,sitemap-only
SMAP-FLIGHT_CASE_GROSSE_C,Flight Case Grosse Caisse Adams D91 36Pouces Sur Cercle,Flight-Cases-Instruments,flightcases-percussions-peaux,sitemap-only
SMAP-PAIRE_DE_BAGUETTES_A,Paire De Baguettes Adams New Classic Series Nc5,Baguettes,musiciens,sitemap-only
SMAP-LOT_DE_18_CHAISES_PL,Lot De 18 Chaises Pliantes Tissu Gris Structure Grise,Chaises-Musiciens,chaises-pliantes,sitemap-only
SMAP-TRANSFORMATEUR_VIBAP,Transformateur Vibaphone Yamaha 3030Ms,Claviers,sacs-de-transport,sitemap-only
SMAP-MOTEUR_VIBRAPHONE_YA,Moteur Vibraphone Yamaha 3030Ms 3 Octaves,Claviers,sacs-de-transport,sitemap-only
SMAP-JEU_DE_5_TIMBALES_20,Jeu De 5 Timbales 20 23Pouces 26 29Pouces 32Pouces Yamaha Serie Symphonic Modele 7100 Cuivre Martele Parabolique,Timbales,classiques,sitemap-only
SMAP-ATTACHE_TRIANGLE_STR,Attache Triangle Strubbs Trhg2,Portiques-Supports-Accessoires,attaches,sitemap-only
SMAP-ECLAIRAGES_DE_PUPITR,Eclairages De Pupitre Fluorescent Konig Meyer Transformateur,Eclairages-Pour-Pupitres-De-Musiciens,lampes-de-pupitre,sitemap-only
SMAP-JEU_DE_2_TIMBALES_AD,Jeu De 2 Timbales Adams Philharmonic Marinus Komst 26 29Pouces Dresden Friction,Timbales,philharmoniques,sitemap-only
SMAP-JEU_DE_4_PEAUX_OPAQU,Jeu De 4 Peaux Opaques Evans Timbales Elite D32 0Pouces 28Pouces 22 5Pouces,Timbales,peaux-de-rechange,sitemap-only
SMAP-TRANSPARENTE/CLOISON,Transparente/Cloison De Sol 100Xh150Cm Plexiglas Transparent Ep 8Mm,Produits-Acoustiques-Pour-Musiciens,paravent,sitemap-only
SMAP-TRANSPARENTE_SUR_POR,Transparente Sur Portique/Cloison De Protection Souple 140Xh180Cm Montee Sur Portique,Produits-Acoustiques-Pour-Musiciens,paravent,sitemap-only
SMAP-LOT_DE_20_PUPITRES_V,Lot De 20 Pupitres Voyager 52 Manhasset Pupitre De Direction Flight Case,Pupitres-Musiciens,pupitres,sitemap-only
SMAP-TRANSPARENTE_ET_ENRO,Transparente Et Enroulable/Cloison De Protection Enroulable 120Xh140Cm,Produits-Acoustiques-Pour-Musiciens,paravent,sitemap-only
SMAP-MAPEX_H600_SUPPORT_D,Mapex H600 Support De Charleston,Portiques-Supports-Accessoires,pedales,sitemap-only
SMAP-ROULETTESL/JEU_DE_4_,Roulettesl/Jeu De 4 Roulettes Cloison De Sol,Produits-Acoustiques-Pour-Musiciens,paravent,sitemap-only
SMAP-TRANSPARENTE/GRAND_H,Transparente/Grand Hygiaphone 92Xh74Cm Passe Documents Comptoir,Produits-Acoustiques-Pour-Musiciens,paravent,sitemap-only
SMAP-TRANSPARENTE/PETIT_H,Transparente/Petit Hygiaphone Mobile Comptoir Ou Bureau 67Xh61Cm,Produits-Acoustiques-Pour-Musiciens,paravent,sitemap-only
SMAP-TIMBALE_ADAMS_PHILHA,Timbale Adams Philharmonic Schnellar Romantic D66Cm,Timbales,philharmoniques,sitemap-only
SMAP-CHASSIS_5_NIVEAUX,Chassis 5 Niveaux,Portiques-Supports-Accessoires,chassis,sitemap-only
SMAP-JEU_DE_4_TIMBALES_AD,Jeu De 4 Timbales Adams Philharmonic Marinus Komst 23 26Pouces 29 32Pouces Berlin Friction,Timbales,philharmoniques,sitemap-only
SMAP-TIMBALE_ADAMS_SCHNEL,Timbale Adams Schnellar 23 26Pouces 29 32Pouces Dresden Cremaillere,Timbales,philharmoniques,sitemap-only
SMAP-CHAISE_PLIANTE_TISSU,Chaise Pliante Tissu Noir,Chaises-Musiciens,chaises-pliantes,sitemap-only
SMAP-RYTHMES_SONS_HECTOR_,Hector Podium De Chef Pliant Contreplaque Noir,Podiums,podiums-de-direction,sitemap-only
SMAP-STAND_PLIANT_SCHLAGW,Stand Pliant Schlagwerk Support Frame Drum Schlagwerk Support Croix,Portiques-Supports-Accessoires,supports-instruments,sitemap-only
SMAP-CHAISE_PLIANTE_POLYP,Chaise Pliante Polypropylene Noir,Chaises-Public,chaises-pliantes,sitemap-only
SMAP-PEARL_S930D_PIED_DE_,Pearl S930D Pied De Caisse Claire,Portiques-Supports-Accessoires,supports-instruments,sitemap-only
SMAP-KONIG_MEYER_14061_TA,Konig Meyer 14061 Tabouret Contrebassiste Assis Debout,Tabourets-Banquettes-Musiciens,tabourets-musiciens,sitemap-only
SMAP-RYTHMES_SONS_JEU_DE_,Jeu De 2 Trap Tables 365X590 Mm,Baguettes,trap-table,sitemap-only
SMAP-RYTHMES_SONS_ELISE_U,Elise Up Chaise Multi Reglables,Chaises-Musiciens,chaises-percussionnistes,sitemap-only
SMAP-ADAMS_4TRTNPASRV23_S,Adams 4Trtnpasrv23 Sac De Transport Timbale Adams Revolution 23Pouces,Timbales,accessoires,sitemap-only
SMAP-OKTAVIA_CHAISE_DE_MU,Oktavia Chaise De Musicien Reglable,Chaises-Musiciens,chaises-percussionnistes,sitemap-only
SMAP-KONIG_MEYER_15232_SU,Konig Meyer 15232 Support De Flute,Supports-Pour-Instruments-De-Musique,instruments-vent,sitemap-only
SMAP-KONIG_MEYER_19767_TR,Konig Meyer 19767 Trepied Tablette Pc Noir,Pupitres-Musiciens,support-trepied-tablette-pc,sitemap-only
SMAP-MANHASSET_3300_SUPPO,Manhasset 3300 Support Universel Tablette Pc,Pupitres-Musiciens,support-trepied-tablette-pc,sitemap-only
SMAP-RYTHMES_SONS_ECLAIRA,Eclairage Notelight 4000Degres Piano Queue,Eclairages-Pour-Pupitres-De-Musiciens,eclairages-professionnels-led,sitemap-only
SMAP-MANHASSET_48_LOT_DE_,Manhasset 48 Lot De 6 Pupitres Blanc Symphony 48,Pupitres-Musiciens,pupitres,sitemap-only
SMAP-MANHASSET_81_LOT_DE_,Manhasset 81 Lot De 20 Pupitres Harmony 81 Chariot,Pupitres-Musiciens,pupitres,sitemap-only
SMAP-CHAISE_DE_MUSICIEN_R,Chaise De Musicien Reglables Oktavia Pupitre Manhasset 48,Chaises-Musiciens,chaises-percussionnistes,sitemap-only
SMAP-MAPEX_T660_TABOURET_,Mapex T660 Tabouret De Batteur,Tabourets-Banquettes-Musiciens,sieges-batteurs,sitemap-only
SMAP-RYTHMES_SONS_AMY_LOW,Amy Low Chaise Haute Reglable Assise Rectangulaire,Chaises-Musiciens,chaises-percussionnistes,sitemap-only
SMAP-MUSSER_M228_GOOD_VIB,Musser M228 Good Vibes Paire,Baguettes,musiciens,sitemap-only
SMAP-ESTRADE_MUSICIEN_DIM,Estrade Musicien Dim 1300X600Xh200,Podiums,estrade-musicien,sitemap-only
SMAP-MALLETTE_TABLETTES_K,Mallette Tablettes Konig Meyer 12218,Chariots-De-Transport,flightcases-pupitres,sitemap-only
SMAP-RYTHMES_SONS_CHARIOT,Chariot Ratelier Opalwhite 4 Contrebasses Ou 6 Violoncelles,Supports-Pour-Instruments-De-Musique,chariot-contrebasses-violoncelles,sitemap-only
SMAP-RYTHMES_SONS_PLANCHE,Planche De Pique L80Cm Triangulaire Hetre Vernis,Supports-Pour-Instruments-De-Musique,support-planche-de-pique-contrebasse-violoncelle,sitemap-only
SMAP-PEARL_STAND_DE_GROSS,Pearl Stand De Grosse Caisse Tom Tom Gigogne Tom Basse De Concert Tom De Concert,Portiques-Supports-Accessoires,supports-instruments,sitemap-only
SMAP-RYTHMES_SONS_LOT_DE_,Lot De 6 Reflecteurs Acoustiques Facetises Embases Pliantes Flight Case,Produits-Acoustiques-Pour-Musiciens,reflecteurs-acoustiques,sitemap-only
SMAP-POIDS_EMBASE_DE_PUPI,Poids Embase De Pupitres Manhasset Fixes,Pupitres-Musiciens,accessoires,sitemap-only
SMAP-FLIGHT_CASE_TRIANGUL,Flight Case Triangulaire Contrebasse Ancien Modele,Flight-Cases-Instruments,flightcases-cordes,sitemap-only
SMAP-MUSSER_M237_GOOD_VIB,Musser M237 Good Vibes Paire,Baguettes,musiciens,sitemap-only
SMAP-MUSSER_M235_GOOD_VIB,Musser M235 Good Vibes Paire,Baguettes,musiciens,sitemap-only
SMAP-MUSSER_M233_GOOD_VIB,Musser M233 Good Vibes Paire,Baguettes,musiciens,sitemap-only
SMAP-MUSSER_M229_GOOD_VIB,Musser M229 Good Vibes Paire,Baguettes,musiciens,sitemap-only
SMAP-FLIGHT_CASE_CONTREBA,Flight Case Contrebasse Isotherme Cordes Vers Fond Destockage,Flight-Cases-Instruments,flightcases-cordes,sitemap-only
SMAP-CARTE_CADEAU_DE_300,Carte Cadeau De 300,Cartes-Cadeaux-Objets-Publicitaires,cartes-cadeaux,sitemap-only
SMAP-CARTE_CADEAU_DE_150,Carte Cadeau De 150,Cartes-Cadeaux-Objets-Publicitaires,cartes-cadeaux,sitemap-only
SMAP-LOT_DE_2_ACCROCHES_V,Lot De 2 Accroches Violon Manhasset 1300 Pupitre,Supports-Pour-Instruments-De-Musique,instruments-cordes,sitemap-only
SMAP-KONIG_MEYER_LOT_DE_7,Konig Meyer Lot De 7 Pupitres Gris Compact 10100,Pupitres-Musiciens,pupitres-musiciens-plateau-pliant,sitemap-only
SMAP-CHARIOT_RATELIER_RYT,Chariot Ratelier Rythmes Sons Flight Cases Contrebasses Ou 6 Violoncelles,Supports-Pour-Instruments-De-Musique,chariot-contrebasses-violoncelles,sitemap-only
SMAP-ETUI_HARDCASE_HN24BW,Etui Hardcase Hn24Bw Grosse Caisse 24Pouces Roulettes,Flight-Cases-Instruments,flightcases-percussions-peaux,sitemap-only
SMAP-REHAUSSE_DE_10CM_POD,Rehausse De 10Cm Podium De Chef Hetre Vernis,Podiums,accessoires,sitemap-only
SMAP-PAIRE_DE_BAGUETTES_V,Paire De Baguettes Vibrawell Etude Et0,Baguettes,musiciens,sitemap-only
SMAP-CARTE_CADEAU_DE_100,Carte Cadeau De 100,Cartes-Cadeaux-Objets-Publicitaires,cartes-cadeaux,sitemap-only
SMAP-CARTE_CADEAU_DE_50,Carte Cadeau De 50,Cartes-Cadeaux-Objets-Publicitaires,cartes-cadeaux,sitemap-only
SMAP-FLIGHT_CASE_MARIMBA_,Flight Case Marimba Adams Mchv Voyager 4 Octaves 1 3,Flight-Cases-Instruments,flightcases-claviers,sitemap-only
SMAP-550X550XH1010_MALLE_,550X550Xh1010 Malle Classique 4 Compartiments,Flight-Cases-Instruments,flightcases-accessoires,sitemap-only
SMAP-635X595XH880_MALLE_C,635X595Xh880 Malle Classique Amengamenent Bois,Flight-Cases-Instruments,flightcases-accessoires,sitemap-only
SMAP-LOT_DE_PAIRE_DE_BAGU,Lot De Paire De Baguettes Regal Tip Wood Series 2B 7A,Baguettes,musiciens,sitemap-only
SMAP-LOT_DE_6_PAIRES_DE_B,Lot De 6 Paires De Baguettes Vibrawell Junior J1,Baguettes,musiciens,sitemap-only
SMAP-LOT_DE_2_PAIRES_DE_B,Lot De 2 Paires De Baguettes Adams Robert Van Sice R5,Baguettes,musiciens,sitemap-only
SMAP-ADAMS_TIMBALE_PHILHA,Adams Timbale Philharmonique Philharmonic Light 32Pouces Dresden Friction,Timbales,philharmoniques,sitemap-only
SMAP-JEU_DE_4_TIMBALES_PH,Jeu De 4 Timbales Philharmoniques Adams Schnellar 23 26Pouces 29 32Pouces Berlin Cremaillere Chariot,Timbales,philharmoniques,sitemap-only
SMAP-800X600XH600_MALLE_C,800X600Xh600 Malle Classique Pvc Bleu Capitonnage Cloisons,Flight-Cases-Instruments,flightcases-accessoires,sitemap-only
SMAP-RYTHMES_SONS_FLIGHT_,Flight Case Openroad 20 Eclairages Doubles,Chariots-De-Transport,eclairages-pupitres,sitemap-only
SMAP-ANDEXINGER_484S_BANQ,Andexinger 484S Banquette Tissu Noir 100 Pes 1 Place,Tabourets-Banquettes-Musiciens,banquettes-musiciens,sitemap-only
SMAP-LOT_DE_BAGUETTES_CAD,Lot De Baguettes Cadeson,Baguettes,musiciens,sitemap-only
SMAP-TRANSPARENTE_OCCULTA,Transparente Occultante/Cloison De Protection Mobile Bi Matiere 120Xh181Cm,Produits-Acoustiques-Pour-Musiciens,paravent,sitemap-only
SMAP-PAIRE_DE_BAGUETTES_B,Paire De Baguettes Balter Mallets Staccato Bt3,Baguettes,musiciens,sitemap-only
SMAP-LOT_DE_12_PUPITRES_S,Lot De 12 Pupitres Symphony 48 Blanc Manhasset,Pupitres-Musiciens,pupitres,sitemap-only
SMAP-LOT_DE_2_REFLECTEURS,Lot De 2 Reflecteurs Acoustiques Plat A Embase Pliante,Produits-Acoustiques-Pour-Musiciens,reflecteurs-acoustiques,sitemap-only
SMAP-STAND_INDIVIDUEL_TOC,Stand Individuel Toca Reglable Pour Conga,Portiques-Supports-Accessoires,supports-instruments,sitemap-only
SMAP-PUPITRE_FOURSCORE_MA,Pupitre Fourscore Manhasset,Pupitres-Musiciens,pupitres,sitemap-only
SMAP-STAND_HAUT_POUR_TROM,Stand Haut Pour Trompette 5 Branches,Supports-Pour-Instruments-De-Musique,instruments-vent,sitemap-only
SMAP-CHARIOT_RYTHMES_SONS,Chariot Rythmes Sons Pour 25 Pupitres Manhasset,Chariots-De-Transport,flightcases-pupitres,sitemap-only
SMAP-FLIGHT_CASE_POUR_20_,Flight Case Pour 20 Eclairages Notelight Rs 24 Led Cables,Chariots-De-Transport,eclairages-pupitres,sitemap-only
SMAP-REFLECTEUR_ACOUSTIQU,Reflecteur Acoustique Facetise A Embase Decentree,Produits-Acoustiques-Pour-Musiciens,reflecteurs-acoustiques,sitemap-only
SMAP-ADAMS_PHILHARMONIC_R,Adams Philharmonic Raymond Curf Signature 26Pouces Berlin Cremaillere,Timbales,philharmoniques,sitemap-only
SMAP-ETUI_DE_TRANSPORT_CO,Etui De Transport Concorde Marimba 5 Octaves,Claviers,sacs-de-transport,sitemap-only
SMAP-BAGUETTES_YAMAHA_MR3,Baguettes Yamaha Mr3030 Manche Rotin La Paire,Baguettes,musiciens,sitemap-only
SMAP-PUPITRE_PLIANT_COMPA,Pupitre Pliant Compact Gris Koenig Meyer Km,Pupitres-Musiciens,pupitres,sitemap-only
SMAP-BAGUETTES_VAN_SICE_S,Baguettes Van Sice Signature R14 Adams Paire,Baguettes,musiciens,sitemap-only
SMAP-BOUCLIER_ACOUSTIQUE_,Bouclier Acoustique A Embase Pliante,Produits-Acoustiques-Pour-Musiciens,reflecteurs-acoustiques,sitemap-only
SMAP-SUPPORT_POUR_SOURDIN,Support Pour Sourdines,Supports-Pour-Instruments-De-Musique,instruments-vent,sitemap-only
SMAP-PEAU_STANDARD_REMO_P,Peau Standard Remo Pour Timbale Majestic 20 Pouces,Timbales,peaux-de-rechange,sitemap-only
SMAP-SUPPORT_MEINL_POUR_C,Support Meinl Pour Chimes,Portiques-Supports-Accessoires,supports-instruments,sitemap-only
SMAP-ETUI_HARDCASE_POUR_C,Etui Hardcase Pour Cymbales Frappees 16 Pouces,Flight-Cases-Instruments,flightcases-metaux,sitemap-only
SMAP-MEINL_THBS_BK_STAND_,Meinl Thbs Bk Stand Bongos Headliner,Portiques-Supports-Accessoires,supports-instruments,sitemap-only
SMAP-MAILLOCHE_FORTISSIMO,Mailloche Fortissimo Tom Gauger Tg06 Vic Firth De Grosse Caisse,Baguettes,maillets-mailloches,sitemap-only
SMAP-MAILLOCHE_GENERALE_T,Mailloche Generale Tom Gauger Tg01 Vic Firth De Grosse Caisse,Baguettes,maillets-mailloches,sitemap-only
SMAP-MAILLOCHE_ULTRA_STAC,Mailloche Ultra Staccato Tom Gauger Tg07 Vic Firth De Grosse Caisse,Baguettes,maillets-mailloches,sitemap-only
SMAP-BLOC_D_ALIMENTATION_,Bloc D Alimentation Dmx Gradateur Pour 40 Eclairages Rythmes Sons A Led Professionel,Eclairages-Pour-Pupitres-De-Musiciens,eclairages-professionnels-led,sitemap-only
SMAP-LOT_DE_20_PUPITRES_S,Lot De 20 Pupitres Symphony Manhasset,Pupitres-Musiciens,pupitres,sitemap-only
SMAP-BERGERAULT_SLARG_POR,Bergerault Slarg Portique Gongs 80Cm,Portiques-Supports-Accessoires,portiques-gongs-tam-tams,sitemap-only
SMAP-LOT_DE_6_PUPITRES_SY,Lot De 6 Pupitres Symphony Manhasset,Pupitres-Musiciens,pupitres,sitemap-only
SMAP-PUPITRE_FLUTISTE_PLI,Pupitre Flutiste Pliant Hercule Avec Plateau Pliable,Pupitres-Musiciens,pupitres,sitemap-only
SMAP-STAND_LP_BONGO,Stand Lp Bongo,Portiques-Supports-Accessoires,supports-instruments,sitemap-only
SMAP-ADAMS_SYMPHONIC_II_2,Adams Symphonic Ii 20Pouces Cuivre Lisse Parabolique Housse Controleur De Peau,Timbales,classiques,sitemap-only
SMAP-PORTIQUE_PORTIQUE,Portique Portique,Portiques-Supports-Accessoires,portiques-gongs-tam-tams,sitemap-only
SMAP-BAGUETTES_EFFET_CADE,Baguettes Effet Cadeson,Baguettes,musiciens,sitemap-only
SMAP-ECLAIRAGE_LED_12295_,Eclairage Led 12295 Konig Meyer,Eclairages-Pour-Pupitres-De-Musiciens,lampes-de-pupitre,sitemap-only
SMAP-ADAMS_UNIVERSEL_29PO,Adams Universel 29Pouces Fibre De Verre Parabolique Housse Controleur De Peau,Timbales,classiques,sitemap-only
SMAP-TRANSFORMATEUR_ECLAI,Transformateur Eclairage Led Flexlight,Eclairages-Pour-Pupitres-De-Musiciens,accessoires,sitemap-only
SMAP-LOT_6_CHAISE_ORCHEST,Lot 6 Chaise Orchestra H47Cm Rythmes Sons Planche Roulettes Transport,Chaises-Musiciens,chaises-percussionnistes,sitemap-only
SMAP-LOT_DE_12_CHAISES_PL,Lot De 12 Chaises Pliantes Tissu Gris Bac De Transport,Chaises-Musiciens,chaises-pliantes,sitemap-only
SMAP-BAC_DE_TRANSPORT_CHA,Bac De Transport Chaises Pliantes,Chariots-De-Transport,flightcases-chaises-orchestre,sitemap-only
SMAP-LOT_DE_6_REFLECTEURS,Lot De 6 Reflecteurs Acoustiques Facetise Embase Pliante,Produits-Acoustiques-Pour-Musiciens,reflecteurs-acoustiques,sitemap-only
SMAP-SUPPORT_ADAMS_MH_1_P,Support Adams Mh 1 Paires De Baguettes De Timbale,Baguettes,etuis-baguettes,sitemap-only
SMAP-PEDALE_DE_CHARLESTON,Pedale De Charleston Yamaha Hs1200D,Portiques-Supports-Accessoires,pedales,sitemap-only
SMAP-MAILLOCHE_MEINL_SB3,Mailloche Meinl Sb3,Baguettes,maillets-mailloches,sitemap-only
SMAP-ADAMS_2PALPDHD32_TIM,Adams 2Palpdhd32 Timbale Philharmonique Philharmonic Light 32Pouces Dresden Friction,Timbales,philharmoniques,sitemap-only
SMAP-PROTECTION_SOL_VIVA_,Protection Sol Viva Musical Vivacello Rouge Pique De Violoncelle,Supports-Pour-Instruments-De-Musique,support-planche-de-pique-contrebasse-violoncelle,sitemap-only
SMAP-MAILLOCHE_LP_LP3048M,Mailloche Lp Lp3048M,Baguettes,maillets-mailloches,sitemap-only
SMAP-BALAIS_VIC_FIRTH_HER,Balais Vic Firth Heritage Hb,Baguettes,balais,sitemap-only
SMAP-SUPPORT_MEINL_MWBH1_,Support Meinl Mwbh1 Wood Block,Portiques-Supports-Accessoires,attaches,sitemap-only
SMAP-SUPPORT_PEARL_PPS37_,Support Pearl Pps37 Percussion,Portiques-Supports-Accessoires,attaches,sitemap-only
SMAP-YAMAHA_SS3_CROSSTOWN,Yamaha Ss3 Crosstown Pied De Caisse Claire,Portiques-Supports-Accessoires,supports-instruments,sitemap-only
SMAP-FLIGHT_CASE_TIMBALE_,Flight Case Timbale Adams Universelle 29Pouces Peau,Flight-Cases-Instruments,flightcases-timbales,sitemap-only
SMAP-HOUSSES_PROTECTION_A,Housses Protection Adams Marimba Artist Alpha,Claviers,sacs-de-transport,sitemap-only
SMAP-KONIG_MEYER_141_STAN,Konig Meyer 141 Stand Contrebasse,Supports-Pour-Instruments-De-Musique,support-planche-de-pique-contrebasse-violoncelle,sitemap-only
SMAP-ETUI_HARDCASE_HN13P_,Etui Hardcase Hn13P Caisse Claire Piccolo 13Pouces,Flight-Cases-Instruments,flightcases-percussions-peaux,sitemap-only
SMAP-TIMBALES_MAJESTIC_GR,Timbales Majestic Grand Classic 23 Pouces 26 Pouces 29 Pouces 32 Pouces,Timbales,philharmoniques,sitemap-only
SMAP-LOT_2_ETUIS_VALISE_V,Lot 2 Etuis Valise Vibraphone Musser M55 Demonte,Flight-Cases-Instruments,flightcases-claviers,sitemap-only
SMAP-LOT_DE_6_ECLAIRAGES_,Lot De 6 Eclairages Hammer Head Mighty Bright Led Valise,Eclairages-Pour-Pupitres-De-Musiciens,lampes-de-pupitre,sitemap-only
SMAP-TABOURET_KOENIG_MEYE,Tabouret Koenig Meyer Km Avec Repose Pied Pour Jeune Contrebassiste,Tabourets-Banquettes-Musiciens,tabourets-musiciens,sitemap-only
SMAP-12_REFLECTEURS_ACOUS,12 Reflecteurs Acoustiques Facetises Pliants Flight Case,Produits-Acoustiques-Pour-Musiciens,reflecteurs-acoustiques,sitemap-only
SMAP-BAGUETTES_PROMARK_SP,Baguettes Promark Special 7A,Baguettes,musiciens,sitemap-only
SMAP-LOT_DE_13_CHAISES_FI,Lot De 13 Chaises Filaires Empilables,Chaises-Musiciens,chaises-percussionnistes,sitemap-only
SMAP-ECLAIRAGE_LED_FLEXLI,Eclairage Led Flexlight Koenig Meyer,Eclairages-Pour-Pupitres-De-Musiciens,lampes-de-pupitre,sitemap-only
SMAP-STAND_LP_BONGO_LP330,Stand Lp Bongo Lp330 Court,Portiques-Supports-Accessoires,supports-instruments,sitemap-only
SMAP-PLANCHE_ROULETTES_DE,Planche Roulettes De Transport Chaises Orchestra H47Cm,Chariots-De-Transport,flightcases-chaises-orchestre,sitemap-only
SMAP-PUPITRE_MANHASSET_TR,Pupitre Manhasset Tromboniste,Pupitres-Musiciens,pupitres,sitemap-only
SMAP-LOT_ECLAIRAGE_PUPITR,Lot Eclairage Pupitre Fluorescent Koenigmeyer Transformateurs,Eclairages-Pour-Pupitres-De-Musiciens,lampes-de-pupitre,sitemap-only
SMAP-PUPITRE_SYMPHONY_MAN,Pupitre Symphony Manhasset Blanc,Pupitres-Musiciens,pupitres,sitemap-only
SMAP-FLIGHT_CASE_ISOTHERM,Flight Case Isotherme Violons Etuis,Flight-Cases-Instruments,flightcases-cordes,sitemap-only
SMAP-BAGUETTE_BATON_DE_CH,Baguette Baton De Chef Orchestre Gewa 912512,Baguettes,chef-orchestre,sitemap-only
SMAP-BAC_DE_TRANSPORT_ET_,Bac De Transport Et Stockage 800X600X600 Ep9Mm,Flight-Cases-Instruments,flightcases-accessoires,sitemap-only
SMAP-ETUI_MANHASSET_1800_,Etui Manhasset 1800 Pupitre Voyager Manhasset,Pupitres-Musiciens,accessoires,sitemap-only
SMAP-FLIGHT_CASE_POUR_GRO,Flight Case Pour Grosse Caisse 91Cm,Flight-Cases-Instruments,flightcases-percussions-peaux,sitemap-only
SMAP-AMPOULE_230_V_25_W_E,Ampoule 230 V 25 W E14 Colorenta,Eclairages-Pour-Pupitres-De-Musiciens,accessoires,sitemap-only
SMAP-AMPOULE_230V_40W_E14,Ampoule 230V 40W E14 Krypton,Eclairages-Pour-Pupitres-De-Musiciens,lampes-de-pupitre,sitemap-only
SMAP-AMPOULE_24_V_25_W_E1,Ampoule 24 V 25 W E14,Eclairages-Pour-Pupitres-De-Musiciens,lampes-de-pupitre,sitemap-only
SMAP-AMPOULE_24_V_40_W_E1,Ampoule 24 V 40 W E14,Eclairages-Pour-Pupitres-De-Musiciens,lampes-de-pupitre,sitemap-only
SMAP-ETUI_A_BAGUETTES_20_,Etui A Baguettes 20 Paires,Baguettes,etuis-baguettes,sitemap-only
SMAP-ETUI_A_BAGUETTES_40_,Etui A Baguettes 40 Paires,Baguettes,etuis-baguettes,sitemap-only
SMAP-ETUIS_A_BAGUETTES_30,Etuis A Baguettes 30 A 50 Paires,Baguettes,etuis-baguettes,sitemap-only
SMAP-ETUIS_A_BAGUETTES_TY,Etuis A Baguettes Type Sacoche 50 A 70 Paires,Baguettes,etuis-baguettes,sitemap-only
SMAP-FLIGHT_CASE_POUR_CEL,Flight Case Pour Celesta Schiedmayer 5 Ou 5Oct 1 2 Compact,Flight-Cases-Instruments,flightcases-claviers,sitemap-only
SMAP-FLIGHT_CASE_10_ECLAI,Flight Case 10 Eclairages Opera,Chariots-De-Transport,eclairages-pupitres,sitemap-only
SMAP-FLIGHT_CASE_20_ECLAI,Flight Case 20 Eclairages Km Doubles,Chariots-De-Transport,eclairages-pupitres,sitemap-only
SMAP-FLIGHT_CASE_20_PUPIT,Flight Case 20 Pupitres Orchestra Simple Rebord,Chariots-De-Transport,flightcases-pupitres,sitemap-only
SMAP-FLIGHT_CASE_20_CHAIS,Flight Case 20 Chaises Pliantes,Chariots-De-Transport,flightcases-chaises-orchestre,sitemap-only
SMAP-FLIGHT_CASE_ACCESSOI,Flight Case Accessoires De Percussion,Flight-Cases-Instruments,flightcases-accessoires,sitemap-only
SMAP-BLOC_PRISE_6X2P,Bloc Prise 6X2P,Eclairages-Pour-Pupitres-De-Musiciens,accessoires,sitemap-only
SMAP-FLIGHT_CASE_GLOCKENS,Flight Case Glockenspiel Musser 646,Flight-Cases-Instruments,flightcases-claviers,sitemap-only
SMAP-PROLONGATEUR_ELECTRI,Prolongateur Electrique 10 M,Eclairages-Pour-Pupitres-De-Musiciens,accessoires,sitemap-only
SMAP-ECLAIRAGE_DE_PUPITRE,Eclairage De Pupitre Double,Eclairages-Pour-Pupitres-De-Musiciens,lampes-de-pupitre,sitemap-only
SMAP-HOUSSE_POUR_CHARIOT_,Housse Pour Chariot De 20 Pupitres Manhasset,Pupitres-Musiciens,accessoires,sitemap-only
SMAP-MONTAGE_D_UNE_ATTACH,Montage D Une Attache De Cencerro 6 A 8 Cm,Portiques-Supports-Accessoires,attaches,sitemap-only
SMAP-ECLAIRAGE_12260_POUC,Eclairage 12260 Pouces Koenig Meyer Km Pour Pupitre Double,Eclairages-Pour-Pupitres-De-Musiciens,lampes-de-pupitre,sitemap-only
SMAP-ECLAIRAGE_12250_POUC,Eclairage 12250 Pouces Koenig Meyer Km Pour Pupitre Simple,Eclairages-Pour-Pupitres-De-Musiciens,lampes-de-pupitre,sitemap-only
SMAP-BERCEAU_POUR_TAMBOUR,Berceau Pour Tambour De Bois Rythmes Et Sons,Portiques-Supports-Accessoires,chassis,sitemap-only
SMAP-CHASSIS_ZILDJIAN_POU,Chassis Zildjian Pour 1 Octave De Crotale Aigue,Portiques-Supports-Accessoires,chassis,sitemap-only
SMAP-CHASSIS_ROND_POUR_4_,Chassis Rond Pour 4 Klaxons,Portiques-Supports-Accessoires,chassis,sitemap-only
SMAP-CHASSIS_A_3_NIVEAUX,Chassis A 3 Niveaux,Portiques-Supports-Accessoires,chassis,sitemap-only
SMAP-CHASSIS_A_2_NIVEAUX,Chassis A 2 Niveaux,Portiques-Supports-Accessoires,chassis,sitemap-only
SMAP-CHASSIS_A_1_NIVEAU,Chassis A 1 Niveau,Portiques-Supports-Accessoires,chassis,sitemap-only
SMAP-STAND_INDIVIDUEL_REG,Stand Individuel Reglable Pour Conga,Portiques-Supports-Accessoires,supports-instruments,sitemap-only
SMAP-STAND_MEINL_CONGA,Stand Meinl Conga,Portiques-Supports-Accessoires,supports-instruments,sitemap-only
SMAP-PIED_DE_CYMBALES_POU,Pied De Cymbales Pour Bongos Sonor,Portiques-Supports-Accessoires,supports-instruments,sitemap-only
SMAP-PIED_DE_CYMBALE_FRAP,Pied De Cymbale Frappees Lourd,Portiques-Supports-Accessoires,supports-instruments,sitemap-only
SMAP-STAND_LOURD_NOIR_POU,Stand Lourd Noir Pour Bongo,Portiques-Supports-Accessoires,supports-instruments,sitemap-only
SMAP-STAND_POLYVALENT,Stand Polyvalent,Portiques-Supports-Accessoires,supports-instruments,sitemap-only
SMAP-STAND_LUDWIG_POUR_GL,Stand Ludwig Pour Glockenspiel,Portiques-Supports-Accessoires,supports-instruments,sitemap-only
SMAP-STAND_EN_X_POUR_GLOC,Stand En X Pour Glockenspiel,Portiques-Supports-Accessoires,supports-instruments,sitemap-only
SMAP-PLATEAU_MOUSSE_RYTHM,Plateau Mousse Rythmes Sons Pour Glockenspiel,Portiques-Supports-Accessoires,trap-tables,sitemap-only
SMAP-STAND_REMO_POUR_1_A_,Stand Remo Pour 1 A 3 Rototoms,Portiques-Supports-Accessoires,supports-instruments,sitemap-only
SMAP-STAND_STAGG_POUR_PAD,Stand Stagg Pour Pad Avec Peau,Portiques-Supports-Accessoires,supports-instruments,sitemap-only
SMAP-STAND_POUR_2_BOO_BAM,Stand Pour 2 Boo Bams Rythmes Et Sons,Portiques-Supports-Accessoires,supports-instruments,sitemap-only
SMAP-TRAP_TABLE_RYTHMES_S,Trap Table Rythmes Sons 365X590 Mm,Baguettes,trap-table,sitemap-only
SMAP-PODIUM_DE_DIRECTION_,Podium De Direction Rythmes Sons En Hetre Verni,Podiums,podiums-de-direction,sitemap-only
SMAP-SUPPORT_DE_SAXOPHONE,Support De Saxophone,Supports-Pour-Instruments-De-Musique,instruments-vent,sitemap-only
SMAP-SUPPORT_DE_BARYTON,Support De Baryton,Supports-Pour-Instruments-De-Musique,instruments-vent,sitemap-only
SMAP-SUPPORT_DE_TROMBONE_,Support De Trombone Basse,Supports-Pour-Instruments-De-Musique,instruments-vent,sitemap-only
SMAP-SUPPORT_DE_TROMBONE,Support De Trombone,Supports-Pour-Instruments-De-Musique,instruments-vent,sitemap-only
SMAP-SUPPORT_DE_TROMPETTE,Support De Trompette,Supports-Pour-Instruments-De-Musique,instruments-vent,sitemap-only
SMAP-PIED_DE_CYMBALE_PERC,Pied De Cymbale Perche Double Embase Yamaha,Portiques-Supports-Accessoires,supports-instruments,sitemap-only
SMAP-SUPPORT_DE_COR_D_HAR,Support De Cor D Harmonie,Supports-Pour-Instruments-De-Musique,instruments-vent,sitemap-only
SMAP-SUPPORT_DE_CLARINETT,Support De Clarinette En La Ou En Si,Supports-Pour-Instruments-De-Musique,instruments-vent,sitemap-only
SMAP-SUPPORT_DE_BASSON_OU,Support De Basson Ou De Clarinette Basse,Supports-Pour-Instruments-De-Musique,instruments-vent,sitemap-only
SMAP-SUPPORT_DE_HAUTBOIS,Support De Hautbois,Supports-Pour-Instruments-De-Musique,instruments-vent,sitemap-only
SMAP-SUPPORT_DE_FLUTE_TIG,Support De Flute Tige 18 Mm,Supports-Pour-Instruments-De-Musique,instruments-vent,sitemap-only
SMAP-SUPPORT_DE_CONTREBAS,Support De Contrebasse,Supports-Pour-Instruments-De-Musique,support-planche-de-pique-contrebasse-violoncelle,sitemap-only
SMAP-SUPPORT_DOUBLE_POUR_,Support Double Pour 2 Clarinettes,Supports-Pour-Instruments-De-Musique,instruments-vent,sitemap-only
SMAP-PIED_DE_CYMBALE_DOUB,Pied De Cymbale Double Embase Yamaha,Portiques-Supports-Accessoires,supports-instruments,sitemap-only
SMAP-PEAU_OPAQUE_PREMIER_,Peau Opaque Premier Pour Timbale Premier Elite 30 Pouces,Timbales,peaux-de-rechange,sitemap-only
SMAP-FLIGHT_CASE_POUR_6_V,Flight Case Pour 6 Violons En Etui,Flight-Cases-Instruments,flightcases-cordes,sitemap-only
SMAP-FLIGHT_CASE_POUR_2_V,Flight Case Pour 2 Violoncelles En Etui,Flight-Cases-Instruments,flightcases-cordes,sitemap-only
SMAP-FLIGHT_CASE_POUR_1_V,Flight Case Pour 1 Violoncelle En Etui,Flight-Cases-Instruments,flightcases-cordes,sitemap-only
SMAP-FLIGHT_CASE_XYLOPHON,Flight Case Xylophone Adams 4Oct Demonte,Flight-Cases-Instruments,flightcases-claviers,sitemap-only
SMAP-VALISE_CLAVIER_DE_VI,Valise Clavier De Vibraphone 3 Oct ,Flight-Cases-Instruments,flightcases-claviers,sitemap-only
SMAP-PIED_DE_CYMBALE_DROI,Pied De Cymbale Droit Leger,Portiques-Supports-Accessoires,supports-instruments,sitemap-only
SMAP-PLANCHE_DE_PIQUE,Planche De Pique,Supports-Pour-Instruments-De-Musique,support-planche-de-pique-contrebasse-violoncelle,sitemap-only
SMAP-ADAPTATION_PEDALE_MU,Adaptation Pedale Musser Pour Vibraphone M55,Claviers,sacs-de-transport,sitemap-only
SMAP-MALLE_OPEN_ROAD_800X,Malle Open Road 800X400X400,Flight-Cases-Instruments,flightcases-accessoires,sitemap-only
SMAP-MAILLET_DE_CLOCHES_T,Maillet De Cloches Tubes Buffle 225G,Baguettes,maillets-mailloches,sitemap-only
SMAP-PEAU_TRANSPARENTE_PR,Peau Transparente Premier Timbale Premier Standard D22Pouces,Timbales,peaux-de-rechange,sitemap-only
SMAP-BAGUETTES_ADAMS_CLAS,Baguettes Adams Classic Cd2 Manche Hickory Dure La Paire,Baguettes,musiciens,sitemap-only
SMAP-BAGUETTES_CLOYD_DUFF,Baguettes Cloyd Duff Bambou Tres Douce La Paire,Baguettes,musiciens,sitemap-only
SMAP-MAILLOCHE_DE_GROSSE_,Mailloche De Grosse Caisse Mike Balter,Baguettes,maillets-mailloches,sitemap-only
SMAP-MAILLOCHE_GENERAL_MI,Mailloche General Mike Balter De Grosse Caisse,Baguettes,maillets-mailloches,sitemap-only
SMAP-MAILLOCHE_ROLLER_MIK,Mailloche Roller Mike Balter De Grosse Caisse,Baguettes,maillets-mailloches,sitemap-only
SMAP-BAGUETTES_GOOD_VIBES,Baguettes Good Vibes M239 2 Paires,Baguettes,musiciens,sitemap-only
SMAP-BAGUETTES_MIKE_BATLE,Baguettes Mike Batler Mushroom Head Series Numero 62 Manche Rotin La Paire,Baguettes,musiciens,sitemap-only
SMAP-BALAIS_REGAL_TIP,Balais Regal Tip,Baguettes,balais,sitemap-only
SMAP-BALAIS_REGAL_TIP_BLA,Balais Regal Tip Blastick,Baguettes,balais,sitemap-only
SMAP-BAGUETTES_XYLOPHONE_,Baguettes Xylophone Adams Xb6 Manche Bouleau La Paire,Baguettes,musiciens,sitemap-only
SMAP-ATTACHE_POUR_WOOD_BL,Attache Pour Wood Block Et Chocoblock,Portiques-Supports-Accessoires,attaches,sitemap-only
SMAP-ATTACHE_ARTICULABLE_,Attache Articulable Pour Cymbale,Portiques-Supports-Accessoires,attaches,sitemap-only
SMAP-ATTACHE_POUR_CLOCHE_,Attache Pour Cloche Accordee Octave Aigue,Portiques-Supports-Accessoires,attaches,sitemap-only
SMAP-ATTACHE_CLOCHE_MAMBO,Attache Cloche Mambo Sur Crochet,Portiques-Supports-Accessoires,attaches,sitemap-only
SMAP-ATTACHE_POUR_CROTALE,Attache Pour Crotale Individuelle Hauteur 6 Cm,Portiques-Supports-Accessoires,attaches,sitemap-only
SMAP-ATTACHE_DE_TAMBOUR_D,Attache De Tambour De Basque,Portiques-Supports-Accessoires,attaches,sitemap-only
SMAP-PINCE_A_TRIANGLE,Pince A Triangle,Portiques-Supports-Accessoires,attaches,sitemap-only
SMAP-ATTACHE_DE_TRIANGLE_,Attache De Triangle Rythmes Sons,Portiques-Supports-Accessoires,attaches,sitemap-only
SMAP-ATTACHE_TRIANGLE_RYT,Attache Triangle Rythmes Sons Pour Pied Individuel Avec Silenblock,Portiques-Supports-Accessoires,attaches,sitemap-only
SMAP-CROCHET_POUR_POLYBLO,Crochet Pour Polyblocks Avec Caoutchouc,Portiques-Supports-Accessoires,attaches,sitemap-only
SMAP-BAGUETTES_MALLETECH_,Baguettes Malletech Hinger Rouges Manche Aluminium La Paire,Baguettes,musiciens,sitemap-only
SMAP-MAILLOCHE_ADAMS_GROS,Mailloche Adams Grosse Caisse Tete Moyenne L Unite,Baguettes,maillets-mailloches,sitemap-only
SMAP-BAGUETTES_ADAMS_XB2_,Baguettes Adams Xb2 Manche Bouleau La Paire,Baguettes,musiciens,sitemap-only
SMAP-BAGUETTES_TIMBALE_AD,Baguettes Timbale Adams Tr3 Manche Bouleau La Paire,Baguettes,musiciens,sitemap-only
SMAP-SUPPORT_ATTACHE_CLOC,Support Attache Cloche Sur Cercle De Grosse Caisse,Portiques-Supports-Accessoires,attaches,sitemap-only
SMAP-BAGUETTE_ADAMS_MB1_L,Baguette Adams Mb1 La Paire,Baguettes,musiciens,sitemap-only
SMAP-MAILLOCHE_LOURDE_ADA,Mailloche Lourde Adams Pour Gong Et Tam Tam,Baguettes,maillets-mailloches,sitemap-only
SMAP-MAILLOCHE_LEGERE_ADA,Mailloche Legere Adams Pour Gong Et Tam Tam,Baguettes,maillets-mailloches,sitemap-only
SMAP-MAILLOCHES_ADAMS_DE_,Mailloches Adams De Grosse Caisse Roller La Paire,Baguettes,maillets-mailloches,sitemap-only
SMAP-MAILLOCHE_ADAMS_DE_G,Mailloche Adams De Grosse Caisse Tete Grosse L Unite,Baguettes,maillets-mailloches,sitemap-only
SMAP-BAGUETTES_VIBRAWELL_,Baguettes Vibrawell V4R Manche Rotin La Paire,Baguettes,musiciens,sitemap-only
SMAP-SUPERBALL_VIBRAWELL_,Superball Vibrawell 30 Mm,Baguettes,musiciens,sitemap-only
SMAP-MAILLOCHE_VIBRAWELL_,Mailloche Vibrawell M5 De Grosse Caisse,Baguettes,maillets-mailloches,sitemap-only
SMAP-BAGUETTES_JUNIOR_J7_,Baguettes Junior J7 Manche Plastique La Paire,Baguettes,musiciens,sitemap-only
SMAP-BAGUETTES_JUNIOR_J3_,Baguettes Junior J3 Manche Plastique La Paire,Baguettes,musiciens,sitemap-only
SMAP-BAGUETTES_JUNIOR_J1_,Baguettes Junior J1 Manche Plastique La Paire,Baguettes,musiciens,sitemap-only
SMAP-BAGUETTES_GLOCKENSPI,Baguettes Glockenspiel Xr6 Manche Rotin La Paire,Baguettes,musiciens,sitemap-only
SMAP-MAILLOCHE_CONCORDE_T,Mailloche Concorde Tg2 Pour Gong Et Tam Tam,Baguettes,maillets-mailloches,sitemap-only
SMAP-BAGUETTES_SAMUELS_DS,Baguettes Samuels Ds18 Manche Rotin La Paire,Baguettes,musiciens,sitemap-only
SMAP-BAGUETTES_D_FRIEDMAN,Baguettes D Friedmann Jc16 Manche Rotin La Paire,Baguettes,musiciens,sitemap-only
SMAP-BAGUETTES_BOB_BECKER,Baguettes Bob Becker Bb34 Manche Rotin La Paire,Baguettes,musiciens,sitemap-only
SMAP-MAILLOCHE_LUDWIG_GRO,Mailloche Ludwig Grosse Caisse Roller La Paire,Baguettes,maillets-mailloches,sitemap-only
SMAP-MAILLOCHE_LUDWIG_DE_,Mailloche Ludwig De Grosse Caisse Tete Noire L Unite,Baguettes,maillets-mailloches,sitemap-only
SMAP-BAGUETTES_DE_CAISSE_,Baguettes De Caisse Claire Vic Firth American Custom Sd2 Bolero,Baguettes,musiciens,sitemap-only
SMAP-BAGUETTES_VIC_FIRTH_,Baguettes Vic Firth Aa Conquistador Pour Timbale Creole La Paire,Baguettes,musiciens,sitemap-only
SMAP-BAGUETTES_REGAL_TIP_,Baguettes Regal Tip Olive Bois 2B Pour Caisse Claire,Baguettes,musiciens,sitemap-only
SMAP-MAILLOCHE_PUSTJENS_B,Mailloche Pustjens B4 De Grosse Caisse L Unite,Baguettes,maillets-mailloches,sitemap-only
SMAP-REHAUSSE_DE_10_CM_PO,Rehausse De 10 Cm Pour Podium De Direction,Podiums,accessoires,sitemap-only
SMAP-HOUSSE_POUR_PODIUM_A,Housse Pour Podium Avec Rehausse,Podiums,accessoires,sitemap-only
SMAP-PEDALE_DE_GROSSE_CAI,Pedale De Grosse Caisse Yamaha Fp9315,Portiques-Supports-Accessoires,pedales,sitemap-only
SMAP-ADAMS_PHILHARMONIC_C,Adams Philharmonic Classique 29 Pouces Dresden A Cremaillere,Timbales,philharmoniques,sitemap-only
SMAP-ADAMS_PHILHARMONIC_L,Adams Philharmonic Light 32 Pouces Berlin A Friction,Timbales,philharmoniques,sitemap-only
SMAP-SUPPORT_DOUBLE_KOENI,Support Double Koenig Meyer Hautbois,Supports-Pour-Instruments-De-Musique,instruments-vent,sitemap-only
SMAP-BAGUETTES_AMERICAN_C,Baguettes American Classic Hickory Vic Firth Caisse Claire,Baguettes,musiciens,sitemap-only
SMAP-PIED_POUR_2_TOMS_DE_,Pied Pour 2 Toms De Concert Cadeson,Portiques-Supports-Accessoires,supports-instruments,sitemap-only
SMAP-PROLONGATEUR_POUR_20,Prolongateur Pour 20 Eclairages De Pupitre,Eclairages-Pour-Pupitres-De-Musiciens,lampes-de-pupitre,sitemap-only
SMAP-PEDALE_CHARLESTON_DO,Pedale Charleston Double Embase Rotative Yamaha,Portiques-Supports-Accessoires,pedales,sitemap-only
SMAP-CHARIOT_MANHASSET_19,Chariot Manhasset 1920 Pupitres Manhasset,Chariots-De-Transport,flightcases-pupitres,sitemap-only
SMAP-BAGUETTES_ADAMS_XB3_,Baguettes Adams Xb3 Manche Bouleau Tete Bois La Paire,Baguettes,musiciens,sitemap-only
SMAP-ECLAIRAGE_12235_POUC,Eclairage 12235 Pouces Koenig Meyer Km A Led,Eclairages-Pour-Pupitres-De-Musiciens,lampes-de-pupitre,sitemap-only
SMAP-PIED_DE_CYMBALES_YAM,Pied De Cymbales Yamaha Simple Embase Standard,Portiques-Supports-Accessoires,supports-instruments,sitemap-only
SMAP-ETUI_A_BAGUETTE_BACK,Etui A Baguette Back Pack,Baguettes,etuis-baguettes,sitemap-only
SMAP-4_ROULETTES_POUR_POR,4 Roulettes Pour Portique De Gongs Et Tam Tams,Portiques-Supports-Accessoires,portiques-gongs-tam-tams,sitemap-only
SMAP-ETUI_HARDCASE_HN15T_,Etui Hardcase Hn15T Tom 15Pouces,Flight-Cases-Instruments,flightcases-percussions-peaux,sitemap-only
SMAP-RYTHMES_SONS_COMPACT,Compacte Chaise Orchestre H45Cm,Chaises-Musiciens,chaises-percussionnistes,sitemap-only
SMAP-CHAISE_RYTHMES_SONS_,Chaise Rythmes Sons 2 Reposes Pieds Contrebassiste,Chaises-Musiciens,chaises-contrebassiste,sitemap-only
SMAP-MAILLOCHE_RS_DE_GONG,Mailloche Rs De Gong Et Tam Tam Feutre 180,Baguettes,maillets-mailloches,sitemap-only
SMAP-MALLE_1200X700X700_C,Malle 1200X700X700 Capitonnage Cloisons,Flight-Cases-Instruments,flightcases-accessoires,sitemap-only
SMAP-ETUI_HARDCASE_HN40W_,Etui Hardcase Hn40W Rectangulaire 40Pouces Roul Pieds,Flight-Cases-Instruments,flightcases-accessoires,sitemap-only
SMAP-BAGUETTE_TIMBALE_ADA,Baguette Timbale Adams Tt2 Manche Bambou De Tonkin La Paire,Baguettes,musiciens,sitemap-only
SMAP-SIEGE_ERGONOMIQUE_AV,Siege Ergonomique Avec Dossier Pearl Pha D200Br,Tabourets-Banquettes-Musiciens,tabourets-musiciens,sitemap-only
SMAP-SIEGE_DE_BATTEUR_MAP,Siege De Batteur Mapex T550,Tabourets-Banquettes-Musiciens,sieges-batteurs,sitemap-only
SMAP-ETUI_HARDCASE_HN8T_T,Etui Hardcase Hn8T Tom 8Pouces,Flight-Cases-Instruments,flightcases-percussions-peaux,sitemap-only
SMAP-ETUI_HARDCASE_HN18B_,Etui Hardcase Hn18B Grosse Caisse 18Pouces Roulettes,Flight-Cases-Instruments,flightcases-percussions-peaux,sitemap-only
SMAP-ETUI_HARDCASE_GROSSE,Etui Hardcase Grosse Caisse De Concert 20Pouces,Flight-Cases-Instruments,flightcases-percussions-peaux,sitemap-only
SMAP-HARDCASE_RECTANGULAI,Hardcase Rectangulaire 36 Pouces Avec Roul Pour Pieds,Flight-Cases-Instruments,flightcases-accessoires,sitemap-only
SMAP-MANHASSET_54_PUPITRE,Manhasset 54 Pupitre De Chef 81 5X40Cm Embase Double,Pupitres-Musiciens,pupitres-chef-orchestre,sitemap-only
SMAP-PIED_CYMBALE_DROIT_Y,Pied Cymbale Droit Yamaha Cs750,Portiques-Supports-Accessoires,supports-instruments,sitemap-only
SMAP-PEAU_BLANCHE_REMO_TI,Peau Blanche Remo Timbale Premier 32 Pouces Sauf Elite,Timbales,peaux-de-rechange,sitemap-only
SMAP-ADAMS_PHILHARMONIC_M,Adams Philharmonic Marinus Komst 26 Pouces Berlin A Friction,Timbales,philharmoniques,sitemap-only
SMAP-ETUI_HARDCASE_HNQUIN,Etui Hardcase Hnquinto Quinto 11Pouces,Flight-Cases-Instruments,flightcases-percussions-peaux,sitemap-only
SMAP-ETUI_HARDCASE_HNCONG,Etui Hardcase Hnconga Conga 11Pouces 3 4,Flight-Cases-Instruments,flightcases-percussions-peaux,sitemap-only
SMAP-ETUI_HARDCASE_HNTUMB,Etui Hardcase Hntumba Tumba 12Pouces 1 2,Flight-Cases-Instruments,flightcases-percussions-peaux,sitemap-only
SMAP-YAMAHA_JHS850_PEDALE,Yamaha Jhs850 Pedale De Charleston Double Embase Rotative,Portiques-Supports-Accessoires,pedales,sitemap-only
SMAP-CHARIOT_WENGER_POUR_,Chariot Wenger Pour 18 Chaises Etudiant,Chariots-De-Transport,flightcases-chaises-orchestre,sitemap-only
SMAP-CHARIOT_POUR_4_CONTR,Chariot Pour 4 Contrebasses Ou 6 Violoncelles,Supports-Pour-Instruments-De-Musique,chariot-contrebasses-violoncelles,sitemap-only
SMAP-ETUI_DE_TRANSPORT_PO,Etui De Transport Pour Marimba 5100A,Claviers,sacs-de-transport,sitemap-only
SMAP-CHARIOT_POUR_3_CONTR,Chariot Pour 3 Contrebasses Ou 4 Violoncelles,Supports-Pour-Instruments-De-Musique,chariot-contrebasses-violoncelles,sitemap-only
SMAP-PEAU_OPAQUE_EVANS_ST,Peau Opaque Evans Strata Timbale Premier D20Pouces,Timbales,peaux-de-rechange,sitemap-only
SMAP-ETUI_HARDCASE_HNBONG,Etui Hardcase Hnbongo Bongo,Flight-Cases-Instruments,flightcases-percussions-peaux,sitemap-only
SMAP-PUPITRE_TALL_SYMPHON,Pupitre Tall Symphony Manhasset,Pupitres-Musiciens,pupitres,sitemap-only
SMAP-PUPITRE_CONCERTINO_M,Pupitre Concertino Manhasset,Pupitres-Musiciens,pupitres,sitemap-only
SMAP-CHAISE_D_ORCHESTRE_W,Chaise D Orchestre Ws Fixe,Chaises-Musiciens,chaises-percussionnistes,sitemap-only
SMAP-LIAISON_CHAISE_A_CHA,Liaison Chaise A Chaise,Chaises-Musiciens,accessoires,sitemap-only
SMAP-LIAISON_RANGEE_A_RAN,Liaison Rangee A Rangee,Chaises-Musiciens,accessoires,sitemap-only
SMAP-CHAISE_CONTREBASSIST,Chaise Contrebassiste Rs 2 Repose Pied Tubulaires,Chaises-Musiciens,chaises-contrebassiste,sitemap-only
SMAP-CHAISE_DE_CONTREBASS,Chaise De Contrebassiste Ws 2 Repose Pieds Plats,Chaises-Musiciens,chaises-contrebassiste,sitemap-only
SMAP-TABOURET_ASSIS_DEBOU,Tabouret Assis Debout,Tabourets-Banquettes-Musiciens,tabourets-musiciens,sitemap-only
SMAP-TABOURET_POUR_CONTRE,Tabouret Pour Contrebassiste,Tabourets-Banquettes-Musiciens,tabourets-musiciens,sitemap-only
SMAP-BANQUETTE_DE_PIANO_R,Banquette De Piano Reglable Avec Coussin,Tabourets-Banquettes-Musiciens,banquettes-musiciens,sitemap-only
SMAP-DOSSIER_AMOVIBLE_KON,Dossier Amovible Konig Meyer 14032 Tabouret Ref Sie 6014 Sie 6020,Chaises-Musiciens,accessoires,sitemap-only
SMAP-STAND_DOUBLE_EMBASE_,Stand Double Embase Pour 2 Toms De Concert Yamaha,Portiques-Supports-Accessoires,supports-instruments,sitemap-only
SMAP-CHAISE_ORCHESTRA_RYT,Chaise Orchestra Rythmes Sons H49Cm,Chaises-Musiciens,chaises-percussionnistes,sitemap-only
SMAP-FLIGHT_CASE_12_PUPIT,Flight Case 12 Pupitres Pliants A Trous,Chariots-De-Transport,flightcases-pupitres,sitemap-only
SMAP-ETUI_SOUPLE_POUR_UN_,Etui Souple Pour Un Pupitre A Trous,Pupitres-Musiciens,accessoires,sitemap-only
SMAP-BANQUETTE_DE_PIANO_U,Banquette De Piano Usage Professionnel Revetement Velour,Tabourets-Banquettes-Musiciens,banquettes-musiciens,sitemap-only
SMAP-TABLETTE_ADAPTABLE,Tablette Adaptable,Pupitres-Musiciens,accessoires,sitemap-only
SMAP-CHAISE_COMPACTE_RYTH,Chaise Compacte Rythmes Sons H49Cm,Chaises-Musiciens,chaises-percussionnistes,sitemap-only
SMAP-PUPITRE_PLIANT_A_TRO,Pupitre Pliant A Trous,Pupitres-Musiciens,pupitres,sitemap-only
SMAP-PUPITRE_HARMONY_MANH,Pupitre Harmony Manhasset,Pupitres-Musiciens,pupitres,sitemap-only
SMAP-PUPITRE_ORCHESTRAL_M,Pupitre Orchestral Manhasset,Pupitres-Musiciens,pupitres,sitemap-only
SMAP-PUPITRE_PLIANT_ORCHE,Pupitre Pliant Orchestra Touring Simple Rebord,Pupitres-Musiciens,pupitres,sitemap-only
SMAP-PORTIQUE_ROND_POUR_T,Portique Rond Pour Tam Tams 32 Pouces Et 34 Pouces,Portiques-Supports-Accessoires,portiques-gongs-tam-tams,sitemap-only
SMAP-PORTIQUE_POUR_GONGS_,Portique Pour Gongs Et Tam Tams Grand,Portiques-Supports-Accessoires,portiques-gongs-tam-tams,sitemap-only
SMAP-CHASSIS_POUR_GONGS,Chassis Pour Gongs,Portiques-Supports-Accessoires,chassis,sitemap-only
SMAP-MAILLOCHE_TETE_CUIR_,Mailloche Tete Cuir Legere,Baguettes,maillets-mailloches,sitemap-only
SMAP-PUPITRE_PLIANT_VOYAG,Pupitre Pliant Voyager Manhasset,Pupitres-Musiciens,pupitres,sitemap-only
SMAP-CHAISE_FILAIRE_EMPIL,Chaise Filaire Empilable,Chaises-Musiciens,chaises-percussionnistes,sitemap-only
SMAP-RACCORD_CROCHET_POUR,Raccord Crochet Pour Portique Acier Pour Gongs Et Tam Tams,Portiques-Supports-Accessoires,portiques-gongs-tam-tams,sitemap-only
SMAP-PROTECTIONS_SOL_MANH,Protections Sol Manhasset 1700 Pupitre Manhasset,Pupitres-Musiciens,accessoires,sitemap-only
SMAP-SUPPORT_DE_SOURDINE_,Support De Sourdine Manhasset 1340 Trombone,Supports-Pour-Instruments-De-Musique,instruments-vent,sitemap-only
SMAP-SUPPORT_MANHASSET_13,Support Manhasset 1320 Sourdine De Trompette,Supports-Pour-Instruments-De-Musique,instruments-vent,sitemap-only
SMAP-LOT_DE_20_PUPITRES_R,Lot De 20 Pupitres Rythmes Sons Flight Cases Voyager 52 Pupitre De Chef Vicenzo Flight Case Rythmes Sons,Pupitres-Musiciens,pupitres,sitemap-only
SMAP-ACCROCHE_VIOLON_MANH,Accroche Violon Manhasset 1300 Pupitre,Supports-Pour-Instruments-De-Musique,instruments-cordes,sitemap-only
SMAP-EXTENSION_MANHASSET_,Extension Manhasset 1650 Plateau De Pupitre,Pupitres-Musiciens,accessoires,sitemap-only
SMAP-CLIP_PORTE_STYLO,Clip Porte Stylo,Pupitres-Musiciens,accessoires,sitemap-only
SMAP-DOUBLE_REBORD_ABS_MA,Double Rebord Abs Manhasset 1100,Pupitres-Musiciens,accessoires,sitemap-only
SMAP-TABLETTE_POUR_PUPITR,Tablette Pour Pupitre Manhasset,Pupitres-Musiciens,accessoires,sitemap-only
SMAP-PUPITRE_OPERA_RYTHME,Pupitre Opera Rythmes Sons,Pupitres-Musiciens,pupitres,sitemap-only
SMAP-CLIP_PRESSE_PARTITIO,Clip Presse Partition Manhasset 1200,Pupitres-Musiciens,accessoires,sitemap-only
SMAP-MAILLOCHE_TETE_PEAU_,Mailloche Tete Peau Agneau De Grosse Caisse,Baguettes,maillets-mailloches,sitemap-only
SMAP-DIABLE_POUR_6_CHAISE,Diable Pour 6 Chaises D Orchestre Rs,Chariots-De-Transport,flightcases-chaises-orchestre,sitemap-only
SMAP-PLANCHER_ACOUSTIQUE_,Plancher Acoustique Isofloor,Produits-Acoustiques-Pour-Musiciens,reflecteurs-acoustiques,sitemap-only
SMAP-2_ABSORBEURS_ACOUSTI,2 Absorbeurs Acoustiques Hauteur 168Cm,Produits-Acoustiques-Pour-Musiciens,reflecteurs-acoustiques,sitemap-only
SMAP-DEUX_ABSORBEURS_ACOU,Deux Absorbeurs Acoustiques Hauteur 122 Cm,Produits-Acoustiques-Pour-Musiciens,reflecteurs-acoustiques,sitemap-only
SMAP-1_ABSORBEUR_ACOUSTIQ,1 Absorbeur Acoustique Hauteur 61Cm,Produits-Acoustiques-Pour-Musiciens,reflecteurs-acoustiques,sitemap-only
SMAP-EXTENSION_POUR_ECRAN,Extension Pour Ecrans Acoustiques Hauteur 168 Cm,Produits-Acoustiques-Pour-Musiciens,reflecteurs-acoustiques,sitemap-only
SMAP-DIABLE_POUR_CHAISES_,Diable Pour Chaises D Orchestre Ws,Chariots-De-Transport,flightcases-chaises-orchestre,sitemap-only
SMAP-ECRANS_ACOUSTIQUES_H,Ecrans Acoustiques Hauteur 168 Cm,Produits-Acoustiques-Pour-Musiciens,reflecteurs-acoustiques,sitemap-only
SMAP-FLIGHT_POUR_10_BOUCL,Flight Pour 10 Boucliers Acoustiques,Chariots-De-Transport,produits-acoustiques,sitemap-only
SMAP-FLIGHT_POUR_12_REFLE,Flight Pour 12 Reflecteurs Facetises,Chariots-De-Transport,produits-acoustiques,sitemap-only
SMAP-FLIGHT_CASE_POUR_12_,Flight Case Pour 12 Reflecteurs Plats,Chariots-De-Transport,produits-acoustiques,sitemap-only
SMAP-FLIGHT_CASE_POUR_5_A,Flight Case Pour 5 Altos En Etui,Flight-Cases-Instruments,flightcases-cordes,sitemap-only
SMAP-FLIGHT_CASE_COMPACT_,Flight Case Compact Pour Violons Et Altos,Flight-Cases-Instruments,flightcases-cordes,sitemap-only
SMAP-ECLAIRAGE_HALOGENE_2,Eclairage Halogene 230V Pour Pupitre Wilde Spieth,Eclairages-Pour-Pupitres-De-Musiciens,lampes-de-pupitre,sitemap-only
SMAP-ECLAIRAGE_HALOGENE_P,Eclairage Halogene Pour Pupitre Wilde Spieth,Eclairages-Pour-Pupitres-De-Musiciens,lampes-de-pupitre,sitemap-only
SMAP-PORTE_FLUTE_KOENIG_M,Porte Flute Koenig Meyer,Supports-Pour-Instruments-De-Musique,instruments-vent,sitemap-only
SMAP-VALISE_POUR_CLAVIER_,Valise Pour Clavier De Marimba 4 Oct 1 3,Flight-Cases-Instruments,flightcases-claviers,sitemap-only
SMAP-FLIGHT_CASE_VIBRA_AD,Flight Case Vibra Adams 3 Oct Assemble,Flight-Cases-Instruments,flightcases-claviers,sitemap-only
SMAP-ETUI_POUR_VIOLONCELL,Etui Pour Violoncelle,Flight-Cases-Instruments,flightcases-cordes,sitemap-only
SMAP-PLANCHE_A_ROULETTES_,Planche A Roulettes Pour Podium Avec Rehause,Podiums,accessoires,sitemap-only
SMAP-BAGUETTES_YAMAHA_KEI,Baguettes Yamaha Keiko Abe Numero 7 La Paire,Baguettes,musiciens,sitemap-only
SMAP-CHAISE_CB_RS_1_REPOS,Chaise Cb Rs 1 Repose Pied Tube 1 Repose Pied Plat,Chaises-Musiciens,chaises-contrebassiste,sitemap-only
SMAP-RYTHMES_SONS_ORCHEST,Orchestra Chaise Orchestre H47Cm,Chaises-Musiciens,chaises-percussionnistes,sitemap-only
SMAP-BERCEAU_ET_PIED_POUR,Berceau Et Pied Pour Tambour De Bois Schlagwerk,Portiques-Supports-Accessoires,chassis,sitemap-only
SMAP-ETUI_HARDCASE_HN10T_,Etui Hardcase Hn10T Tom 10Pouces,Flight-Cases-Instruments,flightcases-percussions-peaux,sitemap-only
SMAP-PUPITRE_D_ORCHESTRE_,Pupitre D Orchestre Plateau Bois Km Finition Noire,Pupitres-Musiciens,pupitres,sitemap-only
SMAP-HARDCASES_POUR_CAISS,Hardcases Pour Caisse Claire 14 Pouces ,Flight-Cases-Instruments,flightcases-percussions-peaux,sitemap-only
SMAP-ETUI_HARDCASE_HN13T_,Etui Hardcase Hn13T Tom 13Pouces,Flight-Cases-Instruments,flightcases-percussions-peaux,sitemap-only
SMAP-ETUI_HARDCASE_HN14T_,Etui Hardcase Hn14T Tom 14Pouces,Flight-Cases-Instruments,flightcases-percussions-peaux,sitemap-only
SMAP-ETUI_HARDCASE_HN22BW,Etui Hardcase Hn22Bw Grosse Caisse 22Pouces Roulettes,Flight-Cases-Instruments,flightcases-percussions-peaux,sitemap-only
SMAP-ETUI_HARDCASE_HN16T_,Etui Hardcase Hn16T Tom Basse De Concert 16Pouces,Flight-Cases-Instruments,flightcases-percussions-peaux,sitemap-only
SMAP-ETUI_HARDCASE_HN12T_,Etui Hardcase Hn12T Tom 12Pouces,Flight-Cases-Instruments,flightcases-percussions-peaux,sitemap-only
SMAP-ETUI_HARDCASE_HN9CYM,Etui Hardcase Hn9Cym22 Cymbales 22Pouces,Flight-Cases-Instruments,flightcases-metaux,sitemap-only
SMAP-KONIG_MEYER_12273_EC,Konig Meyer 12273 Eclairage Double Led,Eclairages-Pour-Pupitres-De-Musiciens,lampes-de-pupitre,sitemap-only
