id	cat2	cat3	slug
1	timbales	accessoires	controleur-de-tension-de-peau
85	portiques-supports-accessoires	attaches	crochet-pour-polyblocks-avec-caoutchouc
86	portiques-supports-accessoires	attaches	attache-de-triangle-rythmes-sons-pour-pied-individuel
87	portiques-supports-accessoires	attaches	attache-triangle-rythmes-sons-pour-pied-individuel-avec-silenblock
88	portiques-supports-accessoires	attaches	attache-de-triangle-rythmes-sons
89	portiques-supports-accessoires	attaches	pince-a-triangle
90	portiques-supports-accessoires	attaches	attache-de-tambour-de-basque-pour-pied-individuel
91	portiques-supports-accessoires	attaches	attache-de-tambour-de-basque
92	portiques-supports-accessoires	attaches	attache-cloche-mambo-sur-crochet
94	portiques-supports-accessoires	attaches	attache-pour-cloche-accordee-octave-basse
95	portiques-supports-accessoires	attaches	attache-pour-cloche-accordee-octave-medium
96	portiques-supports-accessoires	attaches	attache-pour-cloche-accordee-octave-aigue
97	portiques-supports-accessoires	attaches	attache-articulable-pour-cymbale
101	portiques-supports-accessoires	attaches	attache-pour-wood-block-et-chocoblock
103	portiques-supports-accessoires	attaches	attache-pour-crotale-individuelle-hauteur-6-cm
104	portiques-supports-accessoires	attaches	attache-pour-crotale-individuelle-hauteur-8-5-cm
106	portiques-supports-accessoires	attaches	support-attache-cloche-sur-cercle-de-grosse-caisse
117	baguettes	maillets-mailloches	mailloche-adams-grosse-caisse-tete-moyenne-l-unite
118	baguettes	maillets-mailloches	mailloche-adams-de-grosse-caisse-tete-grosse-l-unite
119	baguettes	maillets-mailloches	mailloches-adams-de-grosse-caisse-roller-la-paire
120	baguettes	maillets-mailloches	mailloche-legere-adams-pour-gong-et-tam-tam
121	baguettes	maillets-mailloches	mailloche-lourde-adams-pour-gong-et-tam-tam
122	baguettes	musiciens	baguette-adams-mb1-la-paire
123	baguettes	musiciens	baguettes-timbale-adams-tc0-manche-erable-la-paire
124	baguettes	musiciens	baguettes-timbale-adams-tm0-manche-erable-la-paire
125	baguettes	musiciens	baguettes-timbale-adams-tm1-manche-erable-la-paire
126	baguettes	musiciens	baguettes-timbale-adams-tm2-manche-erable-la-paire
127	baguettes	musiciens	baguettes-timbale-adams-tm3-manche-erable-la-paire
128	baguettes	musiciens	baguettes-timbale-adams-tr1-manche-bouleau-la-paire
129	baguettes	musiciens	baguettes-timbale-adams-tr2-manche-bouleau-la-paire
130	baguettes	musiciens	baguettes-timbale-adams-tr3-manche-bouleau-la-paire
131	baguettes	musiciens	baguettes-adams-xb2-manche-bouleau-la-paire
132	baguettes	musiciens	baguettes-xylophone-adams-xb6-manche-bouleau-la-paire
136	baguettes	balais	balais-regal-tip-blastick
137	baguettes	balais	balais-regal-tip
155	baguettes	musiciens	baguettes-adams-classic-cd1-bambou-dure-la-paire
156	baguettes	musiciens	baguettes-adams-classic-cd2-manche-hickory-dure-la-paire
157	baguettes	musiciens	baguettes-adams-classic-cd3-bambou-medium-la-paire
158	baguettes	musiciens	baguettes-adams-classic-cd4-manche-hickory-medium-la-paire
159	baguettes	musiciens	baguettes-adams-classic-cd5-bambou-douce-la-paire
160	baguettes	musiciens	baguettes-adams-classic-cd6-manche-hickory-tres-lourde-paire
161	baguettes	musiciens	baguettes-cloyd-duff-bambou-tres-douce-la-paire
162	baguettes	musiciens	baguettes-adams-classic-cd8-manche-hickory-tete-bois-la-paire
163	baguettes	musiciens	baguettes-adams-classic-cd9-manche-hickory-double-son-paire
164	baguettes	musiciens	baguettes-adams-classic-cd10-manche-hickory-chamois-la-paire
166	baguettes	maillets-mailloches	mailloche-de-grosse-caisse-mike-balter
167	baguettes	maillets-mailloches	mailloche-general-mike-balter-de-grosse-caisse
169	baguettes	maillets-mailloches	mailloche-roller-mike-balter-de-grosse-caisse
177	baguettes	musiciens	baguettes-mike-balter-unwood-series-numero-9-manche-rotin-la-paire
178	baguettes	musiciens	baguettes-mike-balter-unwood-series-numero-9a-manche-rotin-la-paire
179	baguettes	musiciens	baguettes-mike-balter-unwood-series-numero-10-manche-rotin-la-paire
181	baguettes	musiciens	baguettes-mike-balter-ensemble-series-numero-12-la-paire
182	baguettes	musiciens	baguettes-mike-balter-ensemble-series-numero-13-la-paire
184	baguettes	musiciens	baguettes-mike-balter-ensemble-series-numero-14-la-paire
185	baguettes	musiciens	baguettes-mike-balter-ensemble-series-numero-15-la-paire
187	baguettes	musiciens	baguettes-mike-balter-pro-vibes-series-numero-22-manche-rotin-la-paire
188	baguettes	musiciens	baguettes-mike-balter-pro-vibes-series-numero-23-manche-rotin-la-paire
190	baguettes	musiciens	baguettes-mike-balter-pro-vibes-series-numero-24-manche-rotin-la-paire
194	baguettes	musiciens	baguettes-mike-balter-mushroom-head-series-numero-61-manche-rotin-la-paire
195	baguettes	musiciens	baguettes-mike-batler-mushroom-head-series-numero-62-manche-rotin-la-paire
212	metaux	cloches-clochettes-asiatiques	arbre-de-27-cloches-sur-support
213	metaux	cloches-clochettes-asiatiques	une-paire-de-clochettes-5-cm
241	baguettes	musiciens	baguettes-good-vibes-m228-2-paires
242	baguettes	musiciens	baguettes-good-vibes-m229-2-paires
243	baguettes	musiciens	baguettes-good-vibes-m233-2-paires
244	baguettes	musiciens	baguettes-good-vibes-m235-2-paires
245	baguettes	musiciens	baguettes-good-vibes-m236-2-paires
246	baguettes	musiciens	baguettes-good-vibes-m237-2-paires
247	baguettes	musiciens	baguettes-good-vibes-m239-2-paires
252	baguettes	musiciens	baguettes-malletech-hinger-rouges-manche-aluminium-la-paire
253	baguettes	musiciens	baguettes-malletech-hinger-vertes-manche-aluminium-la-paire
254	baguettes	musiciens	baguettes-malletech-hinger-jaunes-manche-aluminium-la-paire
255	baguettes	musiciens	baguettes-malletech-hinger-bleues-manche-aluminium-la-paire
259	baguettes	musiciens	baguettes-malletech-hinger-rouges-manche-bois-la-paire
260	baguettes	musiciens	baguettes-malletech-hinger-vertes-manche-bois-la-paire
261	baguettes	musiciens	baguettes-malletech-hinger-jaunes-manche-bois-la-paire
262	baguettes	musiciens	baguettes-malletech-hinger-bleues-manche-bois-la-paire
272	baguettes	maillets-mailloches	mailloche-ludwig-de-grosse-caisse-tete-noire-l-unite
273	baguettes	maillets-mailloches	mailloche-ludwig-grosse-caisse-roller-la-paire
274	baguettes	maillets-mailloches	mailloche-ludwig-grosse-caisse-tete-blanche-l-unite
276	baguettes	musiciens	baguettes-bob-becker-bb34-manche-rotin-la-paire
279	baguettes	musiciens	baguettes-d-friedmann-jc12-manche-rotin-la-paire
280	baguettes	musiciens	baguettes-d-friedmann-jc16-manche-rotin-la-paire
281	baguettes	musiciens	baguettes-samuels-ds11-manche-rotin-la-paire
282	baguettes	musiciens	baguettes-samuels-ds18-manche-rotin-la-paire
306	instruments-peaux	bongos-congas-et-timbales-latines	bongos-meinl-7-pouces-et-8-pouces-peaux-animales
310	instruments-peaux	bongos-congas-et-timbales-latines	bongos-lp-generation-ii-7-pouces-1-4-8-pouces-5-8
313	instruments-peaux	bongos-congas-et-timbales-latines	bongos-sonor-peaux-plastiques
315	instruments-peaux	cooldrums-boobams	boo-bam-6-pouces
326	baguettes	maillets-mailloches	mailloche-concorde-tg1-pour-gong-et-tam-tam
327	baguettes	maillets-mailloches	mailloche-concorde-tg2-pour-gong-et-tam-tam
328	baguettes	maillets-mailloches	mailloche-concorde-tg3-pour-gong-et-tam-tam
341	baguettes	maillets-mailloches	mailloche-concorde-b1-de-grosse-caisse-l-unite
342	baguettes	maillets-mailloches	mailloche-concorde-b2-de-grosse-caisse-l-unite
343	baguettes	maillets-mailloches	mailloche-concorde-b3-de-grosse-caisse-l-unite
344	baguettes	maillets-mailloches	mailloche-pustjens-b4-de-grosse-caisse-l-unite
345	baguettes	maillets-mailloches	mailloche-concorde-b5-de-grosse-caisse-la-paire
346	baguettes	maillets-mailloches	mailloche-concorde-b6-de-grosse-caisse-la-paire
358	baguettes	musiciens	baguettes-regal-tip-olive-bois-2b-pour-caisse-claire
363	baguettes	musiciens	baguettes-vic-firth-aa-conquistador-pour-timbale-creole-la-paire
385	baguettes	musiciens	baguettes-de-caisse-claire-vic-firth-american-custom-sd2-bolero
409	baguettes	musiciens	paire-de-baguettes-vic-firth-american-custom-t3-staccato
422	baguettes	musiciens	baguettes-vibrawell-c1-manche-bambou-la-paire
423	baguettes	musiciens	baguettes-vibrawell-c2-manche-bambou-la-paire
424	baguettes	musiciens	baguettes-vibrawell-c3-manche-bambou-la-paire
425	baguettes	musiciens	baguettes-vibrawell-c4-manche-bambou-la-paire
429	baguettes	maillets-mailloches	mailloche-vibrawell-m1-de-grosse-caisse
430	baguettes	musiciens	baguettes-vibrawell-m2t1-marimba
431	baguettes	musiciens	baguettes-vibrawell-m2t2-marimba
432	baguettes	maillets-mailloches	mailloche-vibrawell-m2-de-grosse-caisse
433	baguettes	maillets-mailloches	mailloche-vibrawell-m3-de-grosse-caisse
434	baguettes	maillets-mailloches	mailloche-vibrawell-m4-de-grosse-caisse
435	baguettes	maillets-mailloches	mailloche-vibrawell-m5-de-grosse-caisse
436	baguettes	musiciens	superball-vibrawell-50mm
438	baguettes	musiciens	superball-vibrawell-30-mm
443	baguettes	musiciens	baguettes-vibrawell-s3
450	baguettes	musiciens	baguettes-vibrawell-etude-noire-bambou-la-paire
451	baguettes	musiciens	baguettes-vibrawell-etude-rouge-bambou-la-paire
452	baguettes	musiciens	baguettes-vibrawell-etude-rouge-bambou-la-paire
453	baguettes	musiciens	baguettes-xylophone-etude-ex1-manche-bois-la-paire
454	baguettes	musiciens	baguettes-xylophone-etude-ex3-manche-bois-la-paire
456	baguettes	musiciens	baguettes-xylophone-etude-ex4-manche-bois-la-paire
457	baguettes	musiciens	baguettes-xylophone-etude-ex5-manche-bois-la-paire
469	baguettes	musiciens	baguettes-vibrawell-v1r-manche-rotin-la-paire
471	baguettes	musiciens	baguettes-vibrawell-v2r-manche-rotin-la-paire
473	baguettes	musiciens	baguettes-vibrawell-v3r-manche-rotin-la-paire
475	baguettes	musiciens	baguettes-vibrawell-v4r-manche-rotin-la-paire
477	baguettes	musiciens	baguettes-vibrawell-v5r-manche-rotin-la-paire
479	baguettes	musiciens	baguettes-vibrawell-v6r-manche-rotin-la-paire
481	baguettes	musiciens	baguettes-vibrawell-v7r-manche-rotin-la-paire
484	baguettes	musiciens	baguettes-vibrawell-v8r-manche-rotin-la-paire
488	baguettes	musiciens	baguettes-xylophone-xr1-manche-rotin-la-paire
490	baguettes	musiciens	baguettes-xylophone-xr2-manche-rotin-la-paire
492	baguettes	musiciens	baguettes-xylophone-xr3-manche-rotin-la-paire
494	baguettes	musiciens	baguettes-xylophone-xr4-manche-rotin-la-paire
496	baguettes	musiciens	baguettes-xylophone-xr5-manche-rotin-la-paire
498	baguettes	musiciens	baguettes-glockenspiel-xr6-manche-rotin-la-paire
502	baguettes	musiciens	baguettes-xylophone-xr8-manche-rotin-la-paire
503	baguettes	musiciens	baguettes-junior-j1-manche-plastique-la-paire
504	baguettes	musiciens	baguettes-junior-j3-manche-plastique-la-paire
505	baguettes	musiciens	baguettes-junior-j7-manche-plastique-la-paire
509	baguettes	musiciens	baguettes-adams-van-sice-signature-m1-la-paire
510	baguettes	musiciens	baguettes-adams-van-sice-m2-la-paire
511	baguettes	musiciens	baguettes-adams-van-sice-m3-la-paire
512	baguettes	musiciens	baguettes-adams-van-sice-r3-la-paire
513	baguettes	musiciens	baguettes-adams-van-sice-m4-la-paire
514	baguettes	musiciens	baguettes-adams-van-sice-r4-la-paire
515	baguettes	musiciens	baguettes-adams-van-sice-m5-la-paire
516	baguettes	musiciens	baguettes-adams-van-sice-r5-la-paire
517	baguettes	musiciens	baguettes-adams-van-sice-m6-la-paire
518	baguettes	musiciens	baguettes-adams-van-sice-r6-la-paire
519	baguettes	musiciens	baguettes-adams-van-sice-m11-la-paire
520	baguettes	musiciens	baguettes-adams-van-sice-m12-la-paire
521	baguettes	musiciens	baguettes-adams-van-sice-m13-la-paire
522	baguettes	musiciens	baguettes-adams-van-sice-m14-la-paire
523	baguettes	musiciens	baguettes-adams-van-sice-m15-la-paire
524	baguettes	musiciens	baguettes-adams-van-sice-m16-la-paire
574	metaux	cymbales	cymbales-sabian-aa-heavy-ride-serie-22-pouces-56-cm
575	instruments-effets	cabassas-guiros-et-kokiriko	cabassa
576	instruments-effets	cabassas-guiros-et-kokiriko	cabassa-lp-modele-grand
618	bois	castagnettes-claves	castagnette-d-etude-sur-manche-aigu
619	bois	castagnettes-claves	castagnette-d-etude-sur-manche-medium
625	bois	castagnettes-claves	castagnette-sur-manche-aigu
626	bois	castagnettes-claves	castagnette-sur-manche-medium
629	bois	castagnettes-claves	castagnette-sur-socle-aigu
630	bois	castagnettes-claves	castagnette-sur-socle-medium
641	instruments-peaux	caisses-claires-pads-tambours	caisse-claire-ludwig-supraphonic-14-pouces-x6-pouces-1-2-fut-metal
642	instruments-peaux	caisses-claires-pads-tambours	caisse-claire-ludwig-supraphonic-14-pouces-x6-pouces-1-2-fut-aluminium-martele
643	instruments-peaux	caisses-claires-pads-tambours	caisse-claire-ludwig-lm411-supra-phonic-super-sensitive-14-6pouces-1-2-fut-aluminium
650	instruments-peaux	caisses-claires-pads-tambours	caisse-claire-sonor-s-class-maple-fut-bois-maple-light
651	instruments-peaux	caisses-claires-pads-tambours	caisse-claire-sonor-designer-fut-bois-maple-light
659	instruments-peaux	caisses-claires-pads-tambours	caisse-claire-linko-d-etude-14-pouces-x5-pouces
671	claviers	celestas	celesta-schiedmayer-5-octaves-do3-do8
673	claviers	celestas	celesta-schiedmayer-compact-5-octaves-1-2-do3-fa8
674	claviers	celestas	celesta-schiedmayer-studio-5-octaves-1-2
675	claviers	glockenspiels	glockenspiel-a-clavier-schiedmayer-pagageno-3-octaves-1-2-do5-sol8
676	claviers	celestas	celesta-yamaha-5-octaves-1-2
677	portiques-supports-accessoires	attaches	montage-d-une-attache-de-cencerro-9-a-13-cm
678	portiques-supports-accessoires	attaches	montage-d-une-attache-de-cencerro-6-a-8-cm
681	metaux	cloches-vache-cencerros-cloche-latines	cencerro-6-cm-x-l8-cm
682	metaux	cloches-vache-cencerros-cloche-latines	cencerro-6-cm-l10-cm
683	metaux	cloches-vache-cencerros-cloche-latines	cencerro-7-cm-l12-cm
684	metaux	cloches-vache-cencerros-cloche-latines	cencerro-8-cm-l14-cm
685	metaux	cloches-vache-cencerros-cloche-latines	cencerro-9-cm-l16-cm
686	metaux	cloches-vache-cencerros-cloche-latines	cencerro-9-cm-l19-cm
687	metaux	cloches-vache-cencerros-cloche-latines	cencerro-10-cm-l22-cm
688	metaux	cloches-vache-cencerros-cloche-latines	cencerro-11-cm-l25-cm
689	metaux	cloches-vache-cencerros-cloche-latines	cencerro-13-cm-l30-cm
712	metaux	triangles-chimes	bar-chimes-lp-36-barres-alu
726	bois	chocoblocks-wood-blocks-et-mokubio	chocoblock-rythmes-sons-incassable
727	chariots-de-transport	flightcases-pupitres	chariot-rythmes-sons-pour-10-pupitres-manhasset
728	pupitres-musiciens	accessoires	housse-pour-chariot-de-10-pupitres-manhasset
729	chariots-de-transport	flightcases-pupitres	chariot-rythmes-sons-pour-20-pupitres-manhasset
730	pupitres-musiciens	accessoires	housse-pour-chariot-de-20-pupitres-manhasset
731	chariots-de-transport	flightcases-pupitres	chariot-rythmes-sons-pour-20-pupitres-manhasset-harmony
732	chariots-de-transport	flightcases-chaises-orchestre	chariot-de-transport-rythmes-sons-pour-10-chaises-d-orchestre-rythmes-sons
733	chariots-de-transport	flightcases-chaises-orchestre	chariot-de-transport-pour-25-chaises-filaires
737	chariots-de-transport	flightcases-chaises-orchestre	chariot-de-transport-pour-20-chaises-pliantes
738	chaises-musiciens	accessoires	housse-de-protection-pour-chariot-ref-chr-7118-02
739	chariots-de-transport	flightcases-chaises-orchestre	chariot-de-transport-chaises-pliantes
742	portiques-supports-accessoires	chassis	chassis-a-1-niveau
743	portiques-supports-accessoires	chassis	chassis-a-2-niveaux
745	portiques-supports-accessoires	chassis	chassis-a-3-niveaux
750	portiques-supports-accessoires	chassis	chassis-rond-pour-4-klaxons
757	portiques-supports-accessoires	chassis	chassis-zildjian-pour-1-octave-de-crotales-grave
758	portiques-supports-accessoires	chassis	chassis-zildjian-pour-1-octave-de-crotale-aigue
760	portiques-supports-accessoires	chassis	berceau-pour-tambour-de-bois-rythmes-et-sons
769	metaux	cymbales	cymbale-istanbul-agop-china-tradition-20-pouces
771	metaux	cymbales	cymbale-istanbul-agop-china-tradition-22-pouces
797	metaux	cymbales	cymbale-istanbul-agop-hit-hat-heavy-13-pouces
798	metaux	cymbales	cymbale-istanbul-agop-hit-hat-heavy-14-pouces
804	metaux	cymbales	cymbale-istanbul-jazz-ride-20-pouces-51-cm
805	metaux	cymbales	cymbale-istanbul-jazz-ride-22-pouces-56-cm
810	metaux	cymbales	cymbale-istanbul-agop-medium-crash-16-pouces
812	metaux	cymbales	cymbale-istanbul-agop-medium-crash-18-pouces
822	metaux	cymbales	cymbale-istanbul-agop-medium-ride-20-pouces
823	metaux	cymbales	cymbale-istanbul-agop-medium-ride-21-pouces
829	metaux	cymbales	cymbales-d-orchestre-istanbul-agop-14-pouces
831	metaux	cymbales	cymbales-d-orchestre-istanbul-agop-16-pouces
833	metaux	cymbales	cymbales-d-orchestre-istanbul-agop-18-pouces
835	metaux	cymbales	cymbales-d-orchestre-istanbul-agop-20-pouces
856	metaux	cymbales	cymbale-istanbul-agop-splash-8-pouces
857	metaux	cymbales	cymbale-istanbul-agop-splash-10-pouces
858	metaux	cymbales	cymbale-istanbul-agop-splash-11-pouces
863	metaux	cymbales	cymbale-istanbul-agop-thin-crash-13-pouces
865	metaux	cymbales	cymbale-istanbul-agop-thin-crash-14-pouces
867	metaux	cymbales	cymbale-istanbul-agop-thin-crash-16-pouces
869	metaux	cymbales	cymbale-istanbul-thin-crash-18-pouces-46-cm
925	claviers	cloches-tubes	cloches-tubes-deagan-symphonic-chrome-1-octave-1-2
929	claviers	cloches-tubes	cloches-tubes-adams-symphonic-chrome-1-octave-1-2
930	claviers	cloches-tubes	cloches-tubes-adams-symphonic-laiton-chrome-1-octave-1-2
932	claviers	cloches-tubes	cloches-tubes-adams-philharmonic-chrome-1-octave-1-2
933	claviers	cloches-tubes	cloches-tubes-adams-philharmonic-satine-1-octave-1-2
934	bois	castagnettes-claves	paire-de-claves-wenge-en-bois-dur
935	bois	castagnettes-claves	paire-de-claves-en-palissandre
936	bois	castagnettes-claves	paire-de-claves-en-bois
937	bois	castagnettes-claves	paire-de-claves-en-fibre-de-verre
945	instruments-peaux	bongos-congas-et-timbales-latines	conga-meinl-marathon-11-pouces-avec-panier
946	instruments-peaux	bongos-congas-et-timbales-latines	conga-meinl-marathon-11-pouces-3-4-avec-panier
947	instruments-peaux	bongos-congas-et-timbales-latines	conga-meinl-marathon-12-pouces-1-2-avec-panier
952	instruments-peaux	bongos-congas-et-timbales-latines	tumba-michel-delaporte-new-habana-frene-12-pouces-1-2
953	instruments-peaux	bongos-congas-et-timbales-latines	conga-michel-delaporte-new-habana-frene-11-pouces-3-4
954	instruments-peaux	bongos-congas-et-timbales-latines	quinto-michel-delaporte-new-habana-frene-10-pouces
983	metaux	cloches-vache-cencerros-cloche-latines	cloche-agogo-a-2-cloches
985	metaux	cloches-vache-cencerros-cloche-latines	cloche-mambo-l11-5-cm
987	metaux	cloches-vache-cencerros-cloche-latines	cloche-mambo-l16-cm
988	metaux	cloches-vache-cencerros-cloche-latines	cloche-mambo-l20-cm
989	metaux	cymbales	cymbales-paiste-flat-ride-serie-20-pouces-51-cm
1003	instruments-effets	crecelles-vibraslaps-flexatones	crecelle-attache
1007	metaux	crotales	jeu-de-crotales-paiste-2-octaves-grave-fa6-fa8
1008	metaux	crotales	jeu-de-crotales-paiste-2-octaves-grave-do6-do8
1010	metaux	crotales	crotale-zildjian-grave-la-6
1013	metaux	crotales	crotale-zildjian-grave-la6
1016	metaux	crotales	crotale-zildjian-grave-si6
1019	metaux	crotales	crotale-zildjian-grave-do-6
1022	metaux	crotales	crotale-zildjian-grave-do-6
1025	metaux	crotales	crotale-zildjian-grave-re-6
1028	metaux	crotales	crotale-zildjian-grave-re-6
1031	metaux	crotales	crotale-zildjian-grave-mi-6
1034	metaux	crotales	crotale-zildjian-grave-fa-6
1037	metaux	crotales	crotale-zildjian-grave-fa-6
1040	metaux	crotales	crotale-zildjian-grave-sol-6
1043	metaux	crotales	crotale-zildjian-grave-sol-6
1046	metaux	crotales	crotale-zildjian-aigu-la-7
1049	metaux	crotales	crotale-zildjian-aigu-la-7
1052	metaux	crotales	crotale-zildjian-aigu-si-7
1055	metaux	crotales	crotale-zildjian-aigu-do-7
1058	metaux	crotales	crotale-zildjian-aigu-do-7
1061	metaux	crotales	crotale-zildjian-aigu-re-7
1064	metaux	crotales	crotale-zildjian-aigu-re-7
1067	metaux	crotales	crotale-zildjian-aigu-mi-7
1070	metaux	crotales	crotale-zildjian-aigu-fa-7
1073	metaux	crotales	crotale-zildjian-aigu-fa7
1076	metaux	crotales	crotale-zildjian-aigu-sol-7
1079	metaux	crotales	crotale-zildjian-aigu-sol-7
1082	metaux	crotales	crotale-zildjian-aigu-do-8
1085	metaux	crotales	jeu-de-crotales-zildjian-octave-grave-do-do-accord-442
1087	metaux	crotales	jeu-de-crotales-zildjian-octave-aigue-do-do-accord-442
1105	metaux	cloches-vache-cencerros-cloche-latines	cloche-a-vache-accordee-contrebasse-la
1106	metaux	cloches-vache-cencerros-cloche-latines	cloche-a-vache-accordee-contrebasse-la
1107	metaux	cloches-vache-cencerros-cloche-latines	cloche-a-vache-accordee-contrebasse-si
1108	metaux	cloches-vache-cencerros-cloche-latines	cloche-a-vache-accordee-contrebasse-fa
1109	metaux	cloches-vache-cencerros-cloche-latines	cloche-a-vache-accordee-contrebasse-fa
1110	metaux	cloches-vache-cencerros-cloche-latines	cloche-a-vache-accordee-contrebasse-sol
1111	metaux	cloches-vache-cencerros-cloche-latines	cloche-a-vache-accordee-contrebasse-sol
1112	metaux	cloches-vache-cencerros-cloche-latines	cloche-a-vache-accordee-basse-la
1113	metaux	cloches-vache-cencerros-cloche-latines	cloche-a-vache-accordee-basse-la
1114	metaux	cloches-vache-cencerros-cloche-latines	cloche-a-vache-accordee-basse-si
1115	metaux	cloches-vache-cencerros-cloche-latines	cloche-a-vache-accordee-basse-do
1116	metaux	cloches-vache-cencerros-cloche-latines	cloche-a-vache-accordee-basse-do
1117	metaux	cloches-vache-cencerros-cloche-latines	cloche-a-vache-accordee-basse-re
1118	metaux	cloches-vache-cencerros-cloche-latines	cloche-a-vache-accordee-basse-re
1119	metaux	cloches-vache-cencerros-cloche-latines	cloche-a-vache-accordee-basse-mi
1120	metaux	cloches-vache-cencerros-cloche-latines	cloche-a-vache-accordee-basse-fa
1121	metaux	cloches-vache-cencerros-cloche-latines	cloche-a-vache-accordee-basse-fa
1122	metaux	cloches-vache-cencerros-cloche-latines	cloche-a-vache-accordee-basse-sol
1123	metaux	cloches-vache-cencerros-cloche-latines	cloche-a-vache-accordee-basse-sol
1124	metaux	cloches-vache-cencerros-cloche-latines	cloche-a-vache-accordee-medium-la
1125	metaux	cloches-vache-cencerros-cloche-latines	cloche-a-vache-accordee-medium-la
1126	metaux	cloches-vache-cencerros-cloche-latines	cloche-a-vache-accordee-medium-si
1127	metaux	cloches-vache-cencerros-cloche-latines	cloche-a-vache-accordee-medium-do
1128	metaux	cloches-vache-cencerros-cloche-latines	cloche-a-vache-accordee-medium-do
1129	metaux	cloches-vache-cencerros-cloche-latines	cloche-a-vache-accordee-medium-re
1130	metaux	cloches-vache-cencerros-cloche-latines	cloche-a-vache-accordee-medium-re
1131	metaux	cloches-vache-cencerros-cloche-latines	cloche-a-vache-accordee-medium-mi
1132	metaux	cloches-vache-cencerros-cloche-latines	cloche-a-vache-accordee-medium-fa
1133	metaux	cloches-vache-cencerros-cloche-latines	cloche-a-vache-accordee-medium-fa
1134	metaux	cloches-vache-cencerros-cloche-latines	cloche-a-vache-accordee-medium-sol
1135	metaux	cloches-vache-cencerros-cloche-latines	cloche-a-vache-accordee-medium-sol
1136	metaux	cloches-vache-cencerros-cloche-latines	cloche-a-vache-accordee-aigue-la
1137	metaux	cloches-vache-cencerros-cloche-latines	cloche-a-vache-accordee-aigue-la
1138	metaux	cloches-vache-cencerros-cloche-latines	cloche-a-vache-accordee-aigue-si
1139	metaux	cloches-vache-cencerros-cloche-latines	cloche-a-vache-accordee-aigue-do
1140	metaux	cloches-vache-cencerros-cloche-latines	cloche-a-vache-accordee-aigue-do
1141	metaux	cloches-vache-cencerros-cloche-latines	cloche-a-vache-accordee-aigue-re
1142	metaux	cloches-vache-cencerros-cloche-latines	cloche-a-vache-accordee-aigue-re
1143	metaux	cloches-vache-cencerros-cloche-latines	cloche-a-vache-accordee-aigue-mi
1144	metaux	cloches-vache-cencerros-cloche-latines	cloche-a-vache-accordee-aigue-fa
1145	metaux	cloches-vache-cencerros-cloche-latines	cloche-a-vache-accordee-aigue-fa
1146	metaux	cloches-vache-cencerros-cloche-latines	cloche-a-vache-accordee-aigue-sol
1147	metaux	cloches-vache-cencerros-cloche-latines	cloche-a-vache-accordee-aigue-sol
1148	metaux	cloches-vache-cencerros-cloche-latines	cloche-a-vache-accordee-aigue-do
1149	metaux	cloches-vache-cencerros-cloche-latines	jeux-chromatique-cloches-a-vache-contrebasse
1150	metaux	cloches-vache-cencerros-cloche-latines	jeux-chromatique-cloches-a-vache-basse
1151	metaux	cloches-vache-cencerros-cloche-latines	jeux-chromatique-cloches-a-vache-medium
1152	metaux	cloches-vache-cencerros-cloche-latines	jeux-chromatique-cloches-a-vache-aigue
1166	metaux	cymbales	cymbalette-chinoise-15-cm
1167	metaux	cymbales	cymbalette-chinoise-6-pouces-1-2
1168	metaux	cymbales	cymbalette-chinoise-7-pouces
1169	metaux	crotales	une-paire-de-crotales-tibetaines-7-cm
1178	metaux	cymbales	cymbale-chinoise-wu-han-12-pouces
1181	metaux	cymbales	cymbale-chinoise-wu-han-14-pouces
1185	metaux	cymbales	cymbale-chinoise-wu-han-16-pouces
1188	metaux	cymbales	cymbale-chinoise-wu-han-18-pouces
1192	metaux	cymbales	cymbale-chinoise-wu-han-20-pouces
1194	metaux	cymbales	cymbale-chinoise-wu-han-22-pouces
1196	metaux	cymbales	cymbale-chinoise-wu-han-24-pouces
1200	metaux	cymbales	cymbales-zildjian-splash-10pouces
1201	metaux	cymbales	cymbale-zildjian-splash-12-pouces-30-cm-avec-pied
1209	metaux	cymbales	cymbales-d-orchestre-zildjian-francaises-18-pouces
1210	metaux	cymbales	cymbales-d-orchestre-zildjian-francaises-20-pouces
1211	metaux	cymbales	cymbales-orchestre-zildjian-symphonic-allemande-d18pouces
1212	metaux	cymbales	cymbales-orchestre-zildjian-symphonic-allemande-d20pouces
1214	metaux	cymbales	cymbale-de-batterie-zildjian-serie-k-hit-hat-14-pouces
1216	metaux	cymbales	cymbale-de-batterie-zildjian-serie-k-ride-20-pouces
1219	metaux	cymbales	cymbales-d-orchestre-zildjian-viennoises-18-pouces
1220	metaux	cymbales	cymbales-d-orchestre-zildjian-viennoises-20-pouces
1223	instruments-peaux	djembes-darboukas-tablas	darbouka-6-pouces-fut-aluminium-lisse
1224	instruments-peaux	djembes-darboukas-tablas	darbouka-7-pouces-fut-aluminium-lisse
1226	instruments-peaux	djembes-darboukas-tablas	darbouka-8-pouces-fut-aluminium-lisse
1237	instruments-peaux	djembes-darboukas-tablas	djembe-meinl-12-pouces-serie-hevea
1312	eclairages-pour-pupitres-de-musiciens	lampes-de-pupitre	eclairage-12250-pouces-koenig-meyer-km-pour-pupitre-simple
1314	eclairages-pour-pupitres-de-musiciens	lampes-de-pupitre	eclairage-de-pupitre-fluorescent
1316	eclairages-pour-pupitres-de-musiciens	lampes-de-pupitre	eclairage-de-pupitre-opera-230-v
1317	eclairages-pour-pupitres-de-musiciens	lampes-de-pupitre	eclairage-de-pupitre-opera-24-v
1319	eclairages-pour-pupitres-de-musiciens	lampes-de-pupitre	eclairage-12260-pouces-koenig-meyer-km-pour-pupitre-double
1320	eclairages-pour-pupitres-de-musiciens	lampes-de-pupitre	eclairage-de-pupitre-double
1322	eclairages-pour-pupitres-de-musiciens	accessoires	prolongateur-electrique-5-m
1322	eclairages-pour-pupitres-de-musiciens	lampes-de-pupitre	prolongateur-electrique-5-m
1323	eclairages-pour-pupitres-de-musiciens	accessoires	prolongateur-electrique-10-m
1323	eclairages-pour-pupitres-de-musiciens	lampes-de-pupitre	prolongateur-electrique-10-m
1326	eclairages-pour-pupitres-de-musiciens	accessoires	bloc-prise-6x2p
1340	eclairages-pour-pupitres-de-musiciens	accessoires	ampoule-230-v-25-w-e14-colorenta
1341	eclairages-pour-pupitres-de-musiciens	lampes-de-pupitre	ampoule-230v-40w-e14-krypton
1342	eclairages-pour-pupitres-de-musiciens	lampes-de-pupitre	ampoule-24-v-25-w-e14
1343	eclairages-pour-pupitres-de-musiciens	lampes-de-pupitre	ampoule-24-v-40-w-e14
1401	baguettes	etuis-baguettes	etui-a-baguettes-20-paires
1402	baguettes	etuis-baguettes	etui-a-baguettes-40-paires
1403	baguettes	etuis-baguettes	etuis-a-baguettes-30-a-50-paires
1404	baguettes	etuis-baguettes	etuis-a-baguettes-type-sacoche-50-a-70-paires
1754	flight-cases-instruments	flightcases-claviers	flight-case-pour-celesta-schiedmayer-5-ou-5oct-1-2-compact
1797	instruments-effets	crecelles-vibraslaps-flexatones	flexatone-lp-grand-modele
1798	instruments-effets	crecelles-vibraslaps-flexatones	flexatone-lp-standard
1871	chariots-de-transport	eclairages-pupitres	flight-case-10-eclairages-opera
1874	chariots-de-transport	eclairages-pupitres	flight-case-20-eclairages-km-doubles
1892	chariots-de-transport	flightcases-pupitres	flight-case-20-pupitres-orchestra-simple-rebord
1893	chariots-de-transport	flightcases-pupitres	flight-case-pour-20-pupitres-manhasset-voyager
1894	chariots-de-transport	flightcases-pupitres	flight-case-rythmes-sons-pour-20-pup-manhasset-voyager-1-pup-de-chef-rythmes-sons-pliant
1895	chariots-de-transport	flightcases-pupitres	flight-case-20-pupitres-orchestra-double-rebord
1906	chariots-de-transport	flightcases-chaises-orchestre	flight-case-20-chaises-pliantes
1908	instruments-effets	fouet-bois-et-baton-de-pluie	fouet-en-bois-clap-rythmes-sons-grand
1911	instruments-effets	fouet-bois-et-baton-de-pluie	wooden-clap-fouet-a-5-lames-en-hetre
1912	flight-cases-instruments	flightcases-accessoires	flight-case-accessoires-de-percussion
1923	flight-cases-instruments	flightcases-percussions-peaux	flight-case-pour-grosse-caisse-81cm
1924	flight-cases-instruments	flightcases-percussions-peaux	flight-case-pour-grosse-caisse-91cm
1925	flight-cases-instruments	flightcases-percussions-peaux	flight-case-grosse-caisse-91-cm-sur-cercle
1926	flight-cases-instruments	flightcases-percussions-peaux	flight-case-pour-grosse-caisse-101cm
1927	flight-cases-instruments	flightcases-percussions-peaux	flight-case-grosse-caisse-101-cm-sur-cercle
1938	flight-cases-instruments	flightcases-claviers	flight-case-pour-glockenspiel-bergerault-modele-radio-fance-plie
1941	flight-cases-instruments	flightcases-claviers	flight-case-glockenspiel-musser-646
2032	flight-cases-instruments	flightcases-timbales	flight-case-pour-timbale-de-20-pouces
2033	flight-cases-instruments	flightcases-timbales	flight-case-pour-timbale-de-23-pouces
2034	flight-cases-instruments	flightcases-timbales	flight-case-pour-timbale-de-26-pouces
2036	flight-cases-instruments	flightcases-timbales	flight-case-pour-timbale-de-29-pouces-peaux
2037	flight-cases-instruments	flightcases-timbales	flight-case-pour-timbale-de-32-pouces
2086	flight-cases-instruments	flightcases-timbales	flight-case-pour-timbale-de-22-pouces
2087	flight-cases-instruments	flightcases-timbales	flight-case-pour-timbale-de-25-pouces
2089	flight-cases-instruments	flightcases-timbales	flight-case-pour-timbale-de-28-pouces
2091	flight-cases-instruments	flightcases-timbales	flight-case-pour-timbale-de-30-pouces-peaux
2113	flight-cases-instruments	flightcases-claviers	flight-case-pour-vibraphone-musser-m55-complet-plie
2123	flight-cases-instruments	flightcases-claviers	valise-clavier-de-vibraphone-3-oct-
2128	flight-cases-instruments	flightcases-claviers	flight-case-pour-xylophone-concorde-6002-plie
2130	flight-cases-instruments	flightcases-claviers	flight-case-pour-xylophone-concorde-8002-8002g-plie
2133	flight-cases-instruments	flightcases-claviers	flight-case-xylophone-adams-4oct-demonte
2134	flight-cases-instruments	flightcases-claviers	flight-case-pour-xylophone-musser-m51-plie
2136	flight-cases-instruments	flightcases-cordes	flight-case-pour-contrebasse
2137	flight-cases-instruments	flightcases-cordes	flight-case-contrebasse
2140	flight-cases-instruments	flightcases-cordes	flight-case-pour-1-violoncelle-en-etui
2141	flight-cases-instruments	flightcases-cordes	flight-case-isotherme-pour-1-violoncelle
2142	flight-cases-instruments	flightcases-cordes	flight-case-pour-2-violoncelles-en-etui
2143	flight-cases-instruments	flightcases-cordes	flight-case-isotherme-pour-2-violoncelles
2146	flight-cases-instruments	flightcases-cordes	flight-case-pour-6-violons-en-etui
2147	flight-cases-instruments	flightcases-cordes	flight-case-isotherme-pour-6-violons-en-etui
2574	instruments-peaux	grosses-caisses	grosse-caisse-adams-sur-stand-peau-remo-81cm
2575	instruments-peaux	grosses-caisses	housse-pour-grosse-caisse-de-concert-adams-fixe-81-cm-32-pouces
2576	instruments-peaux	grosses-caisses	grosse-caisse-adams-sur-stand-peau-remo-91cm
2577	instruments-peaux	grosses-caisses	housse-pour-grosse-caisse-de-concert-adams-fixe-91-cm-36-pouces
2578	instruments-peaux	grosses-caisses	grosse-caisse-adams-suspendue-peau-remo-91cm
2579	instruments-peaux	grosses-caisses	housse-pour-grosse-caisse-de-concert-adams-suspendue-91cm-36-pouces
2580	instruments-peaux	grosses-caisses	grosse-caisse-adams-suspendue-peau-remo-101cm
2581	instruments-peaux	grosses-caisses	grosse-caisse-adams-suspendue-peau-animale-101cm
2582	instruments-peaux	grosses-caisses	housse-pour-grosse-caisse-de-concert-adams-suspendue-101cm-40-pouces
2584	instruments-peaux	grosses-caisses	grosse-caisse-de-concert-capelle-50x91-avec-stand
2601	claviers	glockenspiels	glockenspiel-bergerault-radio-france-3-octaves-fa5-mi8
2602	claviers	glockenspiels	glockenspiel-bergerault-radio-france-3-octaves-fa5-mi8-reglable
2605	claviers	glockenspiels	glockenspiel-yamaha-250d-2-octaves-1-2-fa5-do8
2606	claviers	glockenspiels	glockenspiel-musser-m645-2-octaves-1-2-sol5-do8
2607	claviers	glockenspiels	glockenspiel-musser-m646-2-octaves-1-2-sol5-do8-avec-etouffoir
2611	claviers	glockenspiels	glockenspiel-yamaha-1210-2-octaves-1-2-fa5-do8
2612	claviers	glockenspiels	glockenspiel-deagan-2-octaves-1-2
2613	claviers	glockenspiels	glockenspiel-saito-2001-2-octaves-1-2
2614	claviers	glockenspiels	glockenspiel-saito-3001-2-octaves-1-2
2676	metaux	gongs-tam-tams	octave-de-gongs-thailandais-oct-basse
2677	metaux	gongs-tam-tams	octave-de-gongs-thailandais-oct-medium
2678	metaux	gongs-tam-tams	octave-de-gongs-thailandais-oct-aigue
2682	metaux	gongs-tam-tams	gong-thailandais-14-15-cm
2683	metaux	gongs-tam-tams	gong-thailandais-16-17-cm
2685	metaux	gongs-tam-tams	gong-thailandais-18-cm
2687	metaux	gongs-tam-tams	gong-thailandais-20-21cm
2688	metaux	gongs-tam-tams	gong-thailandais-22-23-cm
2690	metaux	gongs-tam-tams	gong-thailandais-24-25-cm
2692	metaux	gongs-tam-tams	gong-thailandais-28-29cm
2693	metaux	gongs-tam-tams	gong-thailandais-30-31-cm
2696	metaux	gongs-tam-tams	gong-thailandais-33-cm
2697	metaux	gongs-tam-tams	gong-thailandais-36-37-cm
2699	metaux	gongs-tam-tams	gong-thailandais-40-41cm
2700	metaux	gongs-tam-tams	gong-thailandais-44-45-cm
2701	metaux	gongs-tam-tams	gong-thailandais-45-cm
2702	metaux	gongs-tam-tams	gong-thailandais-48-cm
2704	metaux	gongs-tam-tams	gong-thailandais-50-51cm
2705	metaux	gongs-tam-tams	gong-thailandais-52-53-cm
2707	metaux	gongs-tam-tams	gong-thailandais-58-59-cm
2708	metaux	gongs-tam-tams	gong-thailandais-60-61-cm
2715	metaux	gongs-tam-tams	gong-d-opera-chinois-ascendant-aigu
2716	metaux	gongs-tam-tams	gong-d-opera-chinois-ascendant-grave
2717	metaux	gongs-tam-tams	gongs-d-opera-chinois-ascendants-sur-cadre-aigu-et-grave
2718	metaux	gongs-tam-tams	gong-pekinois-descendant-aigu
2719	metaux	gongs-tam-tams	gong-pekinois-descendant-grave
2720	metaux	gongs-tam-tams	gong-pekinois-descendant-medium
2723	metaux	cloches-clochettes-asiatiques	cloche-de-temple-hindou
2727	metaux	grelots	bracelet-de-grelots-3-rangees
2729	metaux	grelots	collier-de-grelots
2732	metaux	grelots	grelots-sur-manche-5-pieces
2733	metaux	grelots	grelots-sur-manche-7-pieces
2734	metaux	grelots	grelots-sur-manche-9-pieces
2736	metaux	grelots	grelots-concert-sur-manche-25-pieces
2739	instruments-effets	cabassas-guiros-et-kokiriko	guiro-bois-vernis-grattoir-40-cm
2742	instruments-effets	cabassas-guiros-et-kokiriko	multi-guiro-lp-peigne
2743	instruments-effets	cabassas-guiros-et-kokiriko	peigne-pour-guiro
2751	instruments-peaux	peaux-de-rechange	peau-animal-lp-bongo-d8pouces-5-8
2752	instruments-peaux	peaux-de-rechange	peau-animal-lp-bongo-d7pouces-1-4
2757	instruments-peaux	peaux-de-rechange	peau-animal-conga-12pouces
2759	instruments-peaux	peaux-de-rechange	peau-animal-lp-cuica-8pouces
2842	timbales	peaux-de-rechange	peau-opaque-premier-timbale-premier-elite-d32pouces
2843	timbales	peaux-de-rechange	peau-opaque-premier-pour-timbale-premier-elite-32-pouces
2845	timbales	peaux-de-rechange	peau-opaque-premier-pour-timbale-premier-elite-30-pouces
2846	timbales	peaux-de-rechange	peau-opaque-premier-timbale-premier-d28pouces
2847	timbales	peaux-de-rechange	peau-opaque-premier-pour-timbale-premier-elite-28-pouces
2849	timbales	peaux-de-rechange	peau-opaque-premier-timbale-premier-elite-d25pouces
2850	timbales	peaux-de-rechange	peau-opaque-premier-pour-timbale-premier-elite-25-pouces
2851	timbales	peaux-de-rechange	peau-opaque-premier-timbale-premier-elite-d22pouces
2852	timbales	peaux-de-rechange	peau-opaque-premier-pour-timbale-premier-elite-22-pouces
2855	timbales	peaux-de-rechange	peau-transparente-premier-pour-timbale-premier-elite-32-pouces
2862	timbales	peaux-de-rechange	peau-transparente-premier-pour-timbale-premier-elite-25-pouces
2864	timbales	peaux-de-rechange	peau-transparente-premier-pour-timbale-premier-elite-22-pouces
2865	timbales	peaux-de-rechange	peau-transparente-premier-timbale-premier-standard-d22pouces
2866	instruments-peaux	peaux-de-rechange	peau-remo-ambassador-blanche-lisse-grosse-caisse-32-pouces
2867	instruments-peaux	peaux-de-rechange	peau-remo-ambassador-blanche-lisse-grosse-caisse-36-pouces
2868	instruments-peaux	peaux-de-rechange	peau-remo-ambassador-blanche-lisse-grosse-caisse-40-pouces
2869	instruments-peaux	peaux-de-rechange	peau-remo-ambassador-sablee-pour-tom-6-pouces
2870	instruments-peaux	peaux-de-rechange	peau-remo-ambassador-sablee-pour-tom-8-pouces
2871	instruments-peaux	peaux-de-rechange	peau-remo-ambassador-sablee-pour-tom-10-pouces
2873	instruments-peaux	peaux-de-rechange	peau-remo-ambassador-sablee-pour-tom-12-pouces
2875	instruments-peaux	peaux-de-rechange	peau-remo-ambassador-sablee-pour-tom-13-pouces
2877	instruments-peaux	peaux-de-rechange	peau-remo-ambassador-sablee-pour-tom-14-pouces
2878	instruments-peaux	peaux-de-rechange	peau-remo-ambassador-sablee-timbre-pour-tom-14-pouces
2879	instruments-peaux	peaux-de-rechange	peau-remo-ambassador-sablee-pour-tom-15-pouces
2880	instruments-peaux	peaux-de-rechange	peau-remo-ambassador-sablee-timbre-pour-tom-15-pouces
2881	instruments-peaux	peaux-de-rechange	peau-remo-ambassador-sablee-pour-tom-16-pouces
2883	instruments-peaux	peaux-de-rechange	peau-remo-ambassador-sablee-grosse-caisse-de-batterie-d18pouces
2885	instruments-peaux	peaux-de-rechange	peau-remo-ambassador-sablee-pour-tom-20-pouces
2886	instruments-peaux	peaux-de-rechange	peau-remo-ambassador-sablee-pour-tom-22-pouces
2887	instruments-peaux	peaux-de-rechange	peau-remo-ambassador-sablee-pour-tom-24-pouces
2889	instruments-peaux	peaux-de-rechange	peau-remo-ambassador-sablee-pour-grosse-caisse-32-pouces
2890	instruments-peaux	peaux-de-rechange	peau-remo-ambassador-sablee-pour-grosse-caisse-34-pouces
2891	instruments-peaux	peaux-de-rechange	peau-remo-ambassador-sablee-pour-grosse-caisse-36-pouces
2892	instruments-peaux	peaux-de-rechange	peau-remo-ambassador-sablee-pour-grosse-caisse-40-pouces
2893	instruments-peaux	peaux-de-rechange	peau-remo-ambassador-transparente-pour-tom-6-pouces
2894	instruments-peaux	peaux-de-rechange	peau-remo-ambassador-transparente-pour-tom-8-pouces
2895	instruments-peaux	peaux-de-rechange	peau-remo-ambassador-transparente-pour-tom-10-pouces
2896	instruments-peaux	peaux-de-rechange	peau-remo-ambassador-transparente-pour-tom-12-pouces
2897	instruments-peaux	peaux-de-rechange	peau-remo-ambassador-transparente-pour-tom-13-pouces
2898	instruments-peaux	peaux-de-rechange	peau-remo-ambassador-transparente-pour-tom-14-pouces
2899	instruments-peaux	peaux-de-rechange	peau-remo-ambassador-transparente-pour-tom-15-pouces
2900	instruments-peaux	peaux-de-rechange	peau-remo-ambassador-transparente-pour-tom-16-pouces
2901	instruments-peaux	peaux-de-rechange	peau-remo-ambassador-transparente-pour-tom-18-pouces
2902	instruments-peaux	peaux-de-rechange	peau-remo-ambassador-transparente-pour-tom-20-pouces
2903	instruments-peaux	peaux-de-rechange	peau-remo-ambassador-transparente-pour-tom-22-pouces
2904	instruments-peaux	peaux-de-rechange	peau-remo-ambassador-transparente-pour-tom-24-pouces
2905	instruments-peaux	peaux-de-rechange	peau-remo-cs-pour-tom-6-pouces
2906	instruments-peaux	peaux-de-rechange	peau-remo-cs-pour-tom-8-pouces
2907	instruments-peaux	peaux-de-rechange	peau-remo-cs-pour-tom-10-pouces
2908	instruments-peaux	peaux-de-rechange	peau-remo-cs-pour-tom-12-pouces
2909	instruments-peaux	peaux-de-rechange	peau-remo-cs-pour-tom-13-pouces
2910	instruments-peaux	peaux-de-rechange	peau-remo-cs-pour-tom-14-pouces
2911	instruments-peaux	peaux-de-rechange	peau-remo-cs-pour-tom-15-pouces
2912	instruments-peaux	peaux-de-rechange	peau-remo-cs-pour-tom-16-pouces
2913	instruments-peaux	peaux-de-rechange	peau-remo-cs-pour-tom-18-pouces
2914	instruments-peaux	peaux-de-rechange	peau-remo-diplomat-pour-tom-10-pouces
2915	instruments-peaux	peaux-de-rechange	peau-remo-diplomat-pour-tom-12-pouces
2916	instruments-peaux	peaux-de-rechange	peau-remo-diplomat-pour-tom-13-pouces
2917	instruments-peaux	peaux-de-rechange	peau-remo-diplomat-pour-tom-14-pouces
2918	instruments-peaux	peaux-de-rechange	peau-remo-diplomat-timbre-pour-tom-14-pouces
2919	instruments-peaux	peaux-de-rechange	peau-remo-diplomat-pour-tom-15-pouces
2920	instruments-peaux	peaux-de-rechange	peau-remo-diplomat-pour-tom-16-pouces
2924	instruments-peaux	peaux-de-rechange	peau-remo-fiberskin-pour-tom-11-pouces
2928	instruments-peaux	peaux-de-rechange	peau-remo-fiberskin-pour-grosse-caisse-32-pouces
2929	instruments-peaux	peaux-de-rechange	peau-remo-fiberskin-pour-grosse-caisse-36-pouces
2930	instruments-peaux	peaux-de-rechange	peau-remo-fiberskin-pour-grosse-caisse-40-pouces
2932	instruments-peaux	peaux-de-rechange	peau-remo-pinstripe-ps-pour-tom-6-pouces
2933	instruments-peaux	peaux-de-rechange	peau-remo-pin-stripe-ps-pour-tom-8-pouces
2934	instruments-peaux	peaux-de-rechange	peau-remo-pinstripe-ps-pour-tom-10-pouces
2935	instruments-peaux	peaux-de-rechange	peau-remo-pin-stripe-ps-pour-tom-12-pouces
2936	instruments-peaux	peaux-de-rechange	peau-remo-pinstripe-sablee-pour-tom-12-pouces
2937	instruments-peaux	peaux-de-rechange	peau-remo-pinstripe-ps-pour-tom-13-pouces
2938	instruments-peaux	peaux-de-rechange	peau-remo-pinstripe-ps-pour-tom-14-pouces
2939	instruments-peaux	peaux-de-rechange	peau-remo-pinstripe-ps-pour-tom-15-pouces
2940	instruments-peaux	peaux-de-rechange	peau-remo-pinstripe-ps-pour-tom-16-pouces
2941	instruments-peaux	peaux-de-rechange	peau-remo-pinstripe-ps-pour-tom-18-pouces
2942	instruments-peaux	peaux-de-rechange	peau-remo-pinstripe-ps-pour-tom-20-pouces
2943	instruments-peaux	peaux-de-rechange	peau-remo-pinstripe-ps-pour-tom-22-pouces
2944	instruments-peaux	peaux-de-rechange	peau-remo-pinstripe-ps-pour-tom-24-pouces
2948	instruments-peaux	peaux-de-rechange	peau-remo-renaissance-pour-tom-14-pouces
2949	instruments-peaux	peaux-de-rechange	peau-remo-renaissance-pour-grosse-caisse-36-pouces
2950	instruments-peaux	peaux-de-rechange	peau-remo-renaissance-pour-grosse-caisse-40-pouces
3078	bois	cajons	kalimba-9-lames
3079	instruments-effets	cabassas-guiros-et-kokiriko	kokiriko
3080	instruments-effets	cabassas-guiros-et-kokiriko	kokiriko-instrument-traditionnel-japonais
3526	baguettes	maillets-mailloches	maillet-de-cloches-tubes-double-sons
3527	baguettes	maillets-mailloches	maillet-de-cloches-tubes-buffle-180g
3528	baguettes	maillets-mailloches	maillet-de-cloches-tubes-buffle-225g
3531	claviers	marimbas	marimba-adams-artist-classic-5-octaves
3533	claviers	marimbas	marimba-adams-artist-van-sice-4-octaves-1-3
3534	claviers	marimbas	marimba-adams-artist-van-sice-4-octaves-2-3
3536	claviers	marimbas	marimba-adams-artist-van-sice-5-octaves
3537	claviers	marimbas	marimba-adams-junior-3-octaves
3538	claviers	marimbas	marimba-adams-junior-4-octaves
3541	claviers	marimbas	marimba-adams-concert-voyager-4-octaves-1-3-palissandre
3544	claviers	marimbas	marimba-adams-concert-voyager-4-octaves-1-3-padouk
3546	claviers	marimbas	marimba-adams-solist-voyager-4-octaves-1-3-palissandre
3549	claviers	marimbas	marimba-adams-solist-voyager-4-octaves-1-3-padouk
3560	claviers	marimbas	marimba-yamaha-kym-1430-4-octaves-1-3-padouk
3561	claviers	marimbas	marimba-yamahaym-2400r-4-octaves-1-3-palissandre
3564	claviers	marimbas	marimba-concorde-m4001-4-octaves-1-3
3567	claviers	marimbas	marimba-concorde-4003d-4-octaves-1-3
3570	claviers	marimbas	marimba-yamaha-5100a-5-octaves
3573	claviers	marimbas	marimba-concorde-6001-4-octaves-1-3
3576	claviers	marimbas	marimba-concorde-8001-4-octaves-1-2
3580	claviers	marimbas	marimba-concorde-8000-5-octaves
3597	bois	chocoblocks-wood-blocks-et-mokubio	mokubio-carre-15-cm
3598	bois	chocoblocks-wood-blocks-et-mokubio	mokubio-carre-13-cm
3599	bois	chocoblocks-wood-blocks-et-mokubio	mokubio-carre-11-cm
3639	instruments-effets	shakers-cherekes-et-maracas	maracas-bois-aigue
3640	instruments-effets	shakers-cherekes-et-maracas	maracas-bois-medium
3643	instruments-effets	shakers-cherekes-et-maracas	petite-maracas-aigue
3647	instruments-effets	shakers-cherekes-et-maracas	mini-maracas-club-salsa-plastiques
3766	flight-cases-instruments	flightcases-accessoires	malle-open-road-800x400x400
3832	instruments-peaux	caisses-claires-pads-tambours	boite-de-12-tonegel-wincent
3833	instruments-peaux	caisses-claires-pads-tambours	tampon-silencieux-14-pouces-pour-caisse-claire
3834	instruments-peaux	caisses-claires-pads-tambours	pad-10-pouces-remo-avec-peau
3836	instruments-peaux	caisses-claires-pads-tambours	pad-8-pouces-remo-avec-peau
4007	claviers	sacs-de-transport	adaptation-pedale-musser-pour-vibraphone-m55
4143	supports-pour-instruments-de-musique	support-planche-de-pique-contrebasse-violoncelle	rythmes-sons-planche-de-pique-rebords
4144	supports-pour-instruments-de-musique	support-planche-de-pique-contrebasse-violoncelle	planche-de-pique
4150	portiques-supports-accessoires	supports-instruments	pied-de-cymbale-droit-leger
4152	portiques-supports-accessoires	supports-instruments	pied-de-cymbale-double-embase
4153	portiques-supports-accessoires	supports-instruments	pied-de-cymbale-double-embase-yamaha
4158	portiques-supports-accessoires	supports-instruments	pied-de-cymbale-perche-double-embase-standard
4160	portiques-supports-accessoires	supports-instruments	pied-de-cymbale-perche-double-embase-yamaha
4166	portiques-supports-accessoires	supports-instruments	pied-de-caisse-claire-leger
4168	portiques-supports-accessoires	supports-instruments	pied-de-caisse-claire-double-embase
4169	portiques-supports-accessoires	supports-instruments	pied-de-caisse-claire-a-rotule-yamaha
4171	portiques-supports-accessoires	supports-instruments	stand-individuel-reglable-pour-conga
4178	portiques-supports-accessoires	supports-instruments	stand-meinl-conga
4182	portiques-supports-accessoires	supports-instruments	pied-de-cymbales-pour-bongos-sonor
4185	portiques-supports-accessoires	supports-instruments	pied-de-cymbale-frappees-lourd
4187	portiques-supports-accessoires	supports-instruments	stand-lourd-noir-pour-bongo
4192	portiques-supports-accessoires	supports-instruments	stand-polyvalent
4194	portiques-supports-accessoires	supports-instruments	stand-ludwig-pour-glockenspiel
4195	portiques-supports-accessoires	supports-instruments	stand-en-x-pour-glockenspiel
4196	portiques-supports-accessoires	trap-tables	plateau-mousse-rythmes-sons-pour-glockenspiel
4200	portiques-supports-accessoires	supports-instruments	stand-remo-pour-1-a-3-rototoms
4202	portiques-supports-accessoires	supports-instruments	stand-stagg-pour-pad-avec-peau
4206	portiques-supports-accessoires	supports-instruments	stand-pour-2-boo-bams-rythmes-et-sons
4216	baguettes	trap-table	trap-table-rythmes-sons-365x590-mm
4216	portiques-supports-accessoires	trap-tables	trap-table-rythmes-sons-365x590-mm
4217	baguettes	trap-table	trap-table-rythmes-sons-avec-compartiments-pour-baguettes
4217	portiques-supports-accessoires	trap-tables	trap-table-rythmes-sons-avec-compartiments-pour-baguettes
4218	baguettes	trap-table	trap-table-rythmes-sons-365x305-mm
4218	portiques-supports-accessoires	trap-tables	trap-table-rythmes-sons-365x305-mm
4232	supports-pour-instruments-de-musique	support-planche-de-pique-contrebasse-violoncelle	support-de-contrebasse
4234	supports-pour-instruments-de-musique	instruments-vent	support-de-flute-tige-18-mm
4235	supports-pour-instruments-de-musique	instruments-vent	support-de-hautbois
4237	supports-pour-instruments-de-musique	instruments-vent	support-de-basson-ou-de-clarinette-basse
4238	supports-pour-instruments-de-musique	instruments-vent	support-de-clarinette-en-la-ou-en-si
4239	supports-pour-instruments-de-musique	instruments-vent	support-double-pour-2-clarinettes
4240	supports-pour-instruments-de-musique	instruments-vent	support-de-cor-d-harmonie
4241	supports-pour-instruments-de-musique	instruments-vent	support-de-trompette
4242	supports-pour-instruments-de-musique	instruments-vent	support-de-trombone
4243	supports-pour-instruments-de-musique	instruments-vent	support-de-trombone-basse
4244	supports-pour-instruments-de-musique	instruments-vent	support-de-baryton
4245	supports-pour-instruments-de-musique	instruments-vent	support-de-saxophone
4270	bois	polyblocks-et-temple-blocks	polyblock-amovible-rythmes-sons-sur-crochet-1er-grand
4271	bois	polyblocks-et-temple-blocks	polyblock-amovible-rythmes-sons-sur-crochet-2e
4272	bois	polyblocks-et-temple-blocks	polyblock-amovible-rythmes-sons-sur-crochet-3e
4273	bois	polyblocks-et-temple-blocks	polyblockamovible-rythmes-sons-sur-crochet-4e
4274	bois	polyblocks-et-temple-blocks	polyblockamovible-rythmes-sons-sur-crochet-5e
4275	bois	polyblocks-et-temple-blocks	polyblockamovible-rythmes-sons-sur-crochet-6e
4282	bois	polyblocks-et-temple-blocks	jeu-de-3-polyblock-amovibles-chassis-1-niveau
4284	bois	polyblocks-et-temple-blocks	jeu-de-5-polyblock-amovibles-chassis-3-niveaux
4285	bois	polyblocks-et-temple-blocks	jeu-de-6-polyblock-amovibles-chassis-3-niveaux
4286	bois	polyblocks-et-temple-blocks	jeu-de-3-polyblock-piccolos-amovibles
4336	podiums	podiums-de-direction	podium-de-direction-rythmes-sons-en-hetre-verni
4337	podiums	podiums-de-direction	podium-de-direction-rythmes-sons-en-contreplaque-noir
4338	podiums	accessoires	rehausse-de-10-cm-pour-podium-de-direction
4339	podiums	accessoires	planche-a-roulettes-pour-podium-avec-rehause
4340	podiums	accessoires	housse-pour-podium-avec-rehausse
4341	podiums	podiums-de-direction	podium-de-direction-rythmes-sons-en-contreplaque-noir-pliant
4776	portiques-supports-accessoires	chassis	chassis-pour-gongs
4779	portiques-supports-accessoires	portiques-gongs-tam-tams	portique-pour-gongs-et-tam-tams-petit
4784	portiques-supports-accessoires	portiques-gongs-tam-tams	portique-pour-gongs-et-tam-tams-grand
4785	portiques-supports-accessoires	portiques-gongs-tam-tams	portique-rond-pour-tam-tams-20-pouces-et-22-pouces
4789	portiques-supports-accessoires	portiques-gongs-tam-tams	portique-rond-pour-tam-tams-32-pouces-et-34-pouces
4790	portiques-supports-accessoires	portiques-gongs-tam-tams	portique-rond-pour-tam-tams-36-pouces-38-pouces-et-40-pouces
4808	pupitres-musiciens	pupitres-musiciens-plateau-pliant	pupitre-pliant-compact-noir-koenig-meyer-km
4809	pupitres-musiciens	pupitres	pupitre-pliant-compact-nickele-koenig-meyer-km
4811	pupitres-musiciens	pupitres	pupitre-symphony-manhasset
4813	pupitres-musiciens	pupitres	pupitre-orchestral-manhasset
4819	pupitres-musiciens	pupitres	pupitre-harmony-manhasset
4825	pupitres-musiciens	accessoires	chemise-de-choriste-portable-manhasset-ancien-modele
4827	pupitres-musiciens	pupitres	pupitre-pliant-a-trous
4828	pupitres-musiciens	pupitres	pupitre-pliant-orchestra-touring-simple-rebord
4829	pupitres-musiciens	pupitres	pupitre-pliant-orchestra-touring-double-rebord
4831	pupitres-musiciens	pupitres	lot-de-20-pupitres-rythmes-sons-flight-cases-voyager-52-pupitre-de-chef-vicenzo-flight-case-rythmes-sons
4832	pupitres-musiciens	pupitres	pupitre-pliant-voyager-manhasset
4834	pupitres-musiciens	pupitres	pupitre-rythmes-sons-orchestra-touring
4839	pupitres-musiciens	pupitres	pupitre-opera-rythmes-sons
4849	pupitres-musiciens	accessoires	tablette-pour-pupitre-manhasset
4854	pupitres-musiciens	accessoires	double-rebord-abs-manhasset-1100
4855	pupitres-musiciens	accessoires	clip-porte-stylo
4856	pupitres-musiciens	accessoires	extension-manhasset-1650-plateau-de-pupitre
4857	pupitres-musiciens	accessoires	clip-presse-partition-manhasset-1200
4858	supports-pour-instruments-de-musique	instruments-cordes	accroche-violon-manhasset-1300-pupitre
4859	supports-pour-instruments-de-musique	instruments-vent	support-manhasset-1320-sourdine-de-trompette
4860	supports-pour-instruments-de-musique	instruments-vent	support-de-sourdine-manhasset-1340-trombone
4867	pupitres-musiciens	accessoires	protections-sol-manhasset-1700-pupitre-manhasset
4879	portiques-supports-accessoires	portiques-gongs-tam-tams	raccord-crochet-pour-portique-acier-pour-gongs-et-tam-tams
4969	metaux	cymbales	poignees-de-cymbales-frappees
4982	instruments-effets	fouet-bois-et-baton-de-pluie	rainmaker-traditionnel-lp
5010	metaux	rins	rin-japonais-en-laiton-7-cm
5011	metaux	rins	rin-japonais-en-laiton-8-cm
5012	metaux	rins	rin-japonais-en-laiton-8-5-cm
5013	metaux	rins	rin-japonais-en-laiton-9-cm
5014	metaux	rins	rin-japonais-en-laiton-10-5
5015	metaux	rins	rin-japonais-en-laiton-12-cm
5016	metaux	rins	rin-japonais-en-laiton-13-5-cm
5017	metaux	rins	rin-japonais-en-laiton-15-cm
5019	metaux	rins	rin-chinois-en-bronze-noir-9-cm
5020	metaux	rins	rin-chinois-en-bronze-noir-10-5
5021	metaux	rins	rin-chinois-en-bronze-noir-12-cm
5022	metaux	rins	rin-chinois-en-bronze-noir-13-5-cm
5023	metaux	rins	rin-chinois-en-bronze-noir-15-cm
5024	metaux	rins	rin-chinois-en-bronze-noir-18-cm
5025	metaux	rins	rin-chinois-en-bronze-noir-21-cm
5105	instruments-peaux	cooldrums-boobams	jeu-de-3-rototoms-avec-stand
5107	instruments-peaux	cooldrums-boobams	rototom-6-pouces-remo
5108	instruments-peaux	cooldrums-boobams	rototom-8-pouces-remo
5109	instruments-peaux	cooldrums-boobams	rototom-10-pouces-remo
5110	instruments-peaux	cooldrums-boobams	rototom-12-pouces-remo
5111	instruments-peaux	cooldrums-boobams	rototom-14-pouces-remo
5136	instruments-effets	shakers-cherekes-et-maracas	soft-shaker-lp-double-shaker
5137	instruments-effets	cabassas-guiros-et-kokiriko	guiro-shaker-torpedo-lp-peigne
5178	chaises-musiciens	chaises-percussionnistes	chaise-filaire-empilable
5181	chaises-musiciens	chaises-percussionnistes	chaise-orchestra-rythmes-sons-h45cm
5183	chaises-musiciens	chaises-percussionnistes	chaise-compacte-rythmes-sons-h47cm
5185	chaises-musiciens	chaises-percussionnistes	chaise-orchestra-rythmes-sons-h47cm
5186	chaises-musiciens	chaises-percussionnistes	chaise-compacte-rythmes-sons-h49cm
5189	chaises-musiciens	chaises-percussionnistes	chaise-orchestra-rythmes-sons-h49cm
5193	chaises-musiciens	chaises-percussionnistes	chaise-d-orchestre-ws-fixe
5194	chaises-musiciens	chaises-percussionnistes	chaise-d-orchestre-ws-hauteur-reglable
5195	chaises-musiciens	chaises-percussionnistes	chaise-d-orchestre-ws-multifonctions
5197	chaises-musiciens	accessoires	liaison-chaise-a-chaise
5197	chaises-public	accessoires-chaises	liaison-chaise-a-chaise
5198	chaises-musiciens	accessoires	liaison-rangee-a-rangee
5198	chaises-public	accessoires-chaises	liaison-rangee-a-rangee
5201	chaises-musiciens	chaises-pliantes	chaise-pliante-tissu-noir-musiciens
5201	chaises-public	chaises-pliantes	chaise-pliante-tissu-noir-musiciens
5208	chaises-musiciens	chaises-percussionnistes	chaise-haute-fixe-rythmes-sons-pour-percussionniste
5221	chaises-musiciens	chaises-contrebassiste	chaise-contrebassiste-rs-2-repose-pied-tubulaires
5222	chaises-musiciens	chaises-contrebassiste	chaise-de-contrebassiste-ws-2-repose-pieds-plats
5223	tabourets-banquettes-musiciens	tabourets-musiciens	tabouret-assis-debout
5224	tabourets-banquettes-musiciens	tabourets-musiciens	tabouret-pour-contrebassiste
5225	tabourets-banquettes-musiciens	banquettes-musiciens	banquette-de-piano-reglable-avec-coussin
5228	metaux	grelots	sistre-grand-modele-14-cymbalettes
5229	metaux	crotales	jingle-sticks-lp-6-cymbalettes
5254	timbales	accessoires	housse-pour-timbale-adams-20-pouces
5256	timbales	accessoires	housse-pour-timbale-adams-23-pouces
5258	timbales	accessoires	housse-pour-timbale-adams-26-pouces
5260	timbales	accessoires	housse-pour-timbale-adams-29-pouces
5262	timbales	accessoires	housse-pour-timbale-adams-32-pouces
5263	timbales	accessoires	housse-renforcee-pour-timbale-adams-20-pouces
5264	timbales	accessoires	housse-renforcee-pour-timbale-adams-23-pouces
5265	timbales	accessoires	housse-renforcee-pour-timbale-adams-26-pouces
5266	timbales	accessoires	housse-renforcee-pour-timbale-adams-29-pouces
5267	timbales	accessoires	housse-renforcee-pour-timbale-adams-32-pouces
5268	timbales	accessoires	plateau-de-protection-pour-timbale-adams-32-pouces
5269	timbales	accessoires	plateau-de-protection-pour-timbale-adams-29-pouces
5270	timbales	accessoires	plateau-de-protection-pour-timbale-adams-26-pouces
5271	timbales	accessoires	plateau-de-protection-pour-timbale-adams-23-pouces
5272	timbales	accessoires	plateau-de-protection-pour-timbale-adams-20-pouces
5273	timbales	accessoires	plateau-de-protection-pour-timbale-premier-elite-32-pouces
5274	timbales	accessoires	plateau-de-protection-pour-timbale-premier-elite-30-pouces
5275	timbales	accessoires	plateau-de-protection-pour-timbale-premier-elite-28-pouces
5276	timbales	accessoires	plateau-de-protection-pour-timbale-premier-elite-25-pouces
5277	timbales	accessoires	plateau-de-protection-pour-timbale-premier-elite-22-5-pouces
5278	timbales	accessoires	plateau-de-protection-pour-timbale-premier-32-pouces-concert-ou-pro-symphonic
5279	timbales	accessoires	plateau-de-protection-pour-timbale-premier-30-pouces-concert-ou-pro-symphonic
5280	timbales	accessoires	plateau-de-protection-pour-timbale-premier-28-pouces-concert-ou-pro-symphonic
5281	timbales	accessoires	plateau-de-protection-pour-timbale-premier-25-pouces-concert-ou-pro-symphonic
5282	timbales	accessoires	plateau-de-protection-pour-timbale-premier-22-5-pouces-concert-ou-pro-symphonic
5283	timbales	accessoires	housse-pour-timbale-majestic
5298	timbales	accessoires	sac-de-transport-timbale-adams-universal-26pouces
5299	timbales	accessoires	sac-de-transport-timbale-adams-universal-29pouces
5308	metaux	gongs-tam-tams	tam-tam-paiste-51-cm
5309	metaux	gongs-tam-tams	tam-tam-paiste-61-cm
5310	metaux	gongs-tam-tams	tam-tam-paiste-71-cm
5311	metaux	gongs-tam-tams	tam-tam-paiste-76-cm
5312	metaux	gongs-tam-tams	tam-tam-paiste-81-cm
5313	metaux	gongs-tam-tams	tam-tam-paiste-86-cm
5314	metaux	gongs-tam-tams	tam-tam-paiste-92-cm
5315	metaux	gongs-tam-tams	tam-tam-paiste-96-cm
5316	metaux	gongs-tam-tams	tam-tam-paiste-101-cm
5317	metaux	gongs-tam-tams	tam-tam-chinois-wu-han-40-cm
5318	metaux	gongs-tam-tams	tam-tam-chinois-wu-han-45-cm
5320	metaux	gongs-tam-tams	tam-tam-chinois-wu-han-50-cm
5322	metaux	gongs-tam-tams	tam-tam-chinois-wu-han-55-cm
5323	metaux	gongs-tam-tams	tam-tam-chinois-wu-han-60-cm
5324	metaux	gongs-tam-tams	tam-tam-chinois-wu-han-65-cm
5325	metaux	gongs-tam-tams	tam-tam-chinois-wu-han-70-cm
5326	metaux	gongs-tam-tams	tam-tam-chinois-wu-han-75-cm
5327	metaux	gongs-tam-tams	tam-tam-chinois-wu-han-80-cm
5329	metaux	gongs-tam-tams	tam-tam-chinois-wu-han-90-cm
5330	metaux	gongs-tam-tams	tam-tam-chinois-wu-han-100-cm
5331	metaux	gongs-tam-tams	tam-tam-chinois-wu-han-110-cm
5332	metaux	gongs-tam-tams	tam-tam-chinois-wu-han-120-cm
5333	metaux	gongs-tam-tams	tam-tam-chinois-wu-han-125-cm
5334	metaux	gongs-tam-tams	tam-tam-chinois-wu-han-130-cm
5338	metaux	gongs-tam-tams	tam-tam-chinois-plat-fen-luo-55-cm
5339	timbales	philharmoniques	adams-philharmonic-light-20-pouces-dresden-a-friction
5340	timbales	philharmoniques	adams-philharmonic-light-23-pouces-dresden-a-friction
5342	timbales	philharmoniques	adams-philharmonic-light-26-pouces-dresden-a-friction
5344	timbales	philharmoniques	adams-philharmonic-light-29-pouces-dresden-a-friction
5346	timbales	philharmoniques	adams-philharmonic-light-32-pouces-dresden-a-friction
5351	instruments-peaux	tambourins-et-hand-drums	tambourin-20-cm-8-pouces-1-rangee-cymb-peau-animale
5352	instruments-peaux	tambourins-et-hand-drums	tambourin-26-cm-10-pouces-1-rangee-cymb-peau-animale
5353	instruments-peaux	tambourins-et-hand-drums	tambourin-26-cm-10-pouces-2-rangees-cymb-peau-animale
5354	instruments-peaux	tambourins-et-hand-drums	tambourin-26-cm-10-pouces-sans-cymb-peau-synthetique
5355	instruments-peaux	tambourins-et-hand-drums	tambourin-26-cm-10-pouces-1-rangee-cymb-peau-synthetique
5359	instruments-peaux	tambourins-et-hand-drums	tambour-basque-d-orchestre-cymbalettes-25
5362	instruments-peaux	tambourins-et-hand-drums	tambour-basque-d-orchestre-cymbalettes-25
5363	instruments-peaux	tambourins-et-hand-drums	tambour-basque-d-orchestre-cymbalettes-28
5365	instruments-peaux	tambourins-et-hand-drums	hand-drum-remo-8-pouces-20-cm
5366	instruments-peaux	tambourins-et-hand-drums	hand-drum-remo-10-pouces-26-cm
5367	instruments-peaux	tambourins-et-hand-drums	hand-drum-remo-12-pouces-31-cm
5368	instruments-peaux	tambourins-et-hand-drums	hand-drum-remo-14-pouces-36-cm
5369	instruments-peaux	tambourins-et-hand-drums	hand-drum-remo-22-pouces-56-cm
5370	instruments-peaux	tambourins-et-hand-drums	tambourin-20-cm-8-pouces-1-rangee-cymb-peau-synthetique
5372	instruments-peaux	tambourins-et-hand-drums	tambourin-20-cm-8-pouces-2-rangees-cymb-peau-synthetique
5373	instruments-peaux	tambourins-et-hand-drums	tambourin-26-cm-10-pouces-2-rangees-cymb-peau-synthetique
5374	instruments-peaux	tambourins-et-hand-drums	tambourin-bresilien-lp
5378	instruments-peaux	tambourins-et-hand-drums	ocean-drum-16-pouces-40-cm
5379	instruments-peaux	tambourins-et-hand-drums	ocean-drum-22-pouces-56-cm
5381	instruments-peaux	tambourins-et-hand-drums	tambourin-20-cm-8-pouces-1-rangee-cymb
5382	instruments-peaux	tambourins-et-hand-drums	tambourin-26-cm-10-pouces-1-rangee-cymb
5383	instruments-peaux	tambourins-et-hand-drums	tambourin-25-cm-10-pouces-2-rangees-cymb
5403	instruments-peaux	djembes-darboukas-tablas	paire-de-tablas-indiens-avec-coussins
5408	instruments-peaux	tambourins-et-hand-drums	dafri
5410	bois	tambours-de-bois	tambour-de-bois-rythmes-sons-standard
5411	bois	tambours-de-bois	tambour-de-bois-padouk-schlagwerk-4-tons
5415	bois	tambours-de-bois	tambour-de-bois-schlagwerk-10-tons
5416	bois	tambours-de-bois	tambour-de-bois-padouk-schlagwerk-petit-4-tons
5417	bois	tambours-de-bois	tambour-de-bois-padouk-schlagwerk-6-tons
5418	bois	tambours-de-bois	tambour-de-bois-schlagwerk-basse-4-tons
5422	bois	cajons	cajon-schlagwerk-2-surfaces-de-jeu
5432	bois	tambours-de-bois	tambour-de-bois-rythmes-sons-grave
5433	bois	tambours-de-bois	tambour-de-bois-rythmes-sons-medium
5434	bois	tambours-de-bois	tambour-de-bois-rythmes-sons-aigu
5452	instruments-peaux	tambourins-et-hand-drums	tambour-sur-cadre-peau-cousue-41
5453	instruments-peaux	tambourins-et-hand-drums	tambour-sur-cadre-peau-cousue-46
5454	instruments-peaux	tambourins-et-hand-drums	tambour-sur-cadre-peau-cousue-52
5479	bois	polyblocks-et-temple-blocks	jeu-de-5-temple-blocks-schlagwerk-stand
5492	instruments-peaux	bongos-congas-et-timbales-latines	timbales-latines-lp-tito-puente-14-pouces-15-pouces-fut-chromees
5493	instruments-peaux	bongos-congas-et-timbales-latines	timbales-latines-lp-tito-puente-14-pouces-15-pouces-fut-cuivrees
5528	timbales	classiques	timbale-majestic-grand-symphonic-martele-20-pouces-
5529	timbales	classiques	timbale-majestic-grand-symphonic-martele-23-pouces-
5530	timbales	classiques	timbale-majestic-grand-symphonic-martele-26-pouces-
5531	timbales	classiques	timbale-majestic-grand-symphonic-martele-29-pouces-
5532	timbales	classiques	timbale-majestic-grand-symphonic-martele-32-pouces-
5543	timbales	classiques	timbale-majestic-harmonic-fibre-de-verre-20-pouces-
5544	timbales	classiques	timbale-majestic-harmonic-fibre-de-verre-23-pouces-
5545	timbales	classiques	timbale-majestic-harmonic-fibre-de-verre-26-pouces-
5546	timbales	classiques	timbale-majestic-harmonic-fibre-de-verre-29-pouces-
5547	timbales	classiques	timbale-majestic-harmonic-fibre-de-verre-32-pouces-
5558	timbales	classiques	timbale-majestic-symphonic-cuivre-martele-20-pouces-
5559	timbales	classiques	timbale-majestic-symphonic-cuivre-martele-23-pouces-
5560	timbales	classiques	timbale-majestic-symphonic-cuivre-martele-26-pouces-
5561	timbales	classiques	timbale-majestic-symphonic-cuivre-martele-29-pouces-
5562	timbales	classiques	timbale-majestic-symphonic-cuivre-martele-32-pouces-
5581	instruments-peaux	toms-de-concert	jeu-de-2-toms-8-pouces-10-pouces-avec-pied
5583	instruments-peaux	toms-de-concert	jeu-de-2-toms-10-pouces-12-pouces-avec-pied
5585	instruments-peaux	toms-de-concert	jeu-de-2-toms-15-pouces-16-pouces-avec-pied
5590	instruments-peaux	toms-de-concert	tom-melodique-capelle-une-peau-6-pouces-
5592	instruments-peaux	toms-de-concert	tom-melodique-capelle-une-peau-8-pouces-
5594	instruments-peaux	toms-de-concert	tom-melodique-capelle-une-peau-10-pouces-
5596	instruments-peaux	toms-de-concert	tom-melodique-capelle-une-peau-12-pouces-
5598	instruments-peaux	toms-de-concert	tom-melodique-capelle-une-peau-13-pouces-
5600	instruments-peaux	toms-de-concert	tom-melodique-capelle-une-peau-14-pouces-
5602	instruments-peaux	toms-de-concert	tom-melodique-capelle-une-peau-15-pouces-
5604	instruments-peaux	toms-de-concert	tom-melodique-capelle-une-peau-16-pouces-
5620	timbales	classiques	timbale-adams-professionel-martele-parabolique-20-pouces-
5621	timbales	classiques	timbale-adams-professionel-martele-parabolique-23-pouces-
5622	timbales	classiques	timbale-adams-professionel-martele-parabolique-26-pouces-
5623	timbales	classiques	timbale-adams-professionel-martele-parabolique-29-pouces-
5624	timbales	classiques	timbale-adams-professionel-martele-parabolique-32-pouces-
5625	timbales	classiques	timbale-adams-professionnel-fut-lisse-parabolique-20-pouces-
5626	timbales	classiques	timbale-adams-professionnel-fut-lisse-parabolique-23-pouces-
5627	timbales	classiques	timbale-adams-professionnel-fut-lisse-parabolique-26-pouces-
5628	timbales	classiques	timbale-adams-professionnel-fut-lisse-parabolique-29-pouces-
5629	timbales	classiques	timbale-adams-professionnel-fut-lisse-parabolique-32-pouces-
5630	timbales	classiques	premier-elite-22-5-pouces-cuivre-lisse-parabolique
5631	timbales	classiques	timbale-premier-elite-cuivre-lisse-25-pouces
5632	timbales	classiques	premier-elite-28-pouces-cuivre-lisse-parabolique
5633	timbales	classiques	premier-elite-30-pouces-cuivre-lisse-parabolique
5634	timbales	classiques	premier-elite-32-pouces-cuivre-lisse-parabolique
5636	timbales	classiques	timbale-adams-professionnel-fibre-de-verre-20-pouces-
5637	timbales	classiques	timbale-adams-professionnel-fibre-de-verre-23-pouces-
5638	timbales	classiques	timbale-adams-professionnel-fibre-de-verre-26-pouces-
5639	timbales	classiques	timbale-adams-professionnel-fibre-de-verre-29-pouces-
5640	timbales	classiques	timbale-adams-professionnel-fibre-de-verre-32-pouces-
5642	timbales	classiques	premier-concert-22-5-pouces-cuivre-lisse-parabolique
5644	timbales	classiques	premier-concert-25-pouces-cuivre-lisse-parabolique
5646	timbales	classiques	premier-concert-28-pouces-cuivre-lisse-parabolique
5648	timbales	classiques	premier-concert-30-pouces-cuivre-lisse-parabolique
5649	timbales	classiques	premier-concert-32-pouces-cuivre-lisse-parabolique
5650	timbales	classiques	premier-pro-symphonic-22-5-pouces-cuivre-lisse-parabolique
5651	timbales	classiques	premier-pro-symphonic-25-pouces-cuivre-lisse-parabolique
5652	timbales	classiques	premier-pro-symphonic-28-pouces-cuivre-lisse-parabolique
5653	timbales	classiques	premier-pro-symphonic-30-pouces-cuivre-lisse-parabolique
5654	timbales	classiques	premier-pro-symphonic-32-pouces-cuivre-lisse-parabolique
5660	metaux	triangles-chimes	batte-de-triangle-obus-rythmes-sons
5661	metaux	triangles-chimes	jeu-de-4-battes-de-triangle-grover-tubulaires-standard-tb-ts
5662	metaux	triangles-chimes	jeu-de-5-battes-de-triangle-rythmes-sons
5664	metaux	triangles-chimes	triangle-d-etude-13-cm-avec-batte
5665	metaux	triangles-chimes	triangle-d-etude-15-cm-avec-batte
5666	metaux	triangles-chimes	triangle-d-etude-18-cm-avec-batte
5667	metaux	triangles-chimes	triangle-d-etude-20-cm-avec-batte
5669	metaux	triangles-chimes	triangle-d-etude-meinl-15-cm-avec-batte
5671	metaux	triangles-chimes	triangle-d-etude-meinl-20-cm-avec-batte
5676	metaux	triangles-chimes	triangle-studio-49-10-cm-avec-batte
5677	metaux	triangles-chimes	triangle-studio-49-15-cm-avec-batte
5678	metaux	triangles-chimes	triangle-studio-49-20-cm-avec-batte
5679	metaux	triangles-chimes	triangle-studio-49-25-cm-avec-batte
5680	metaux	triangles-chimes	triangle-studio-49-30-cm-avec-batte
5681	metaux	triangles-chimes	triangle-grover-super-overtone-15-cm
5682	metaux	triangles-chimes	triangle-grover-super-overtone-23-cm
5683	metaux	triangles-chimes	triangle-grover-bronze-dore-12-cm
5684	metaux	triangles-chimes	triangle-grover-bronze-dore-18-cm
5686	timbales	classiques	timbale-adams-symphonic-cuivre-profond-20-pouces-
5688	timbales	classiques	timbale-adams-symphonic-cuivre-profond-23-pouces-
5690	timbales	classiques	timbale-adams-symphonic-cuivre-profond-26-pouces-
5692	timbales	classiques	timbale-adams-symphonic-cuivre-profond-29-pouces-
5694	timbales	classiques	timbale-adams-symphonic-cuivre-profond-32-pouces-
5695	timbales	classiques	timbale-adams-symphonic-martele-parabolique-20-pouces
5696	timbales	classiques	timbale-adams-symphonic-martele-parabolique-23-pouces
5697	timbales	classiques	timbale-adams-symphonic-martele-parabolique-26-pouces
5698	timbales	classiques	timbale-adams-symphonic-martele-parabolique-29-pouces
5699	timbales	classiques	timbale-adams-symphonic-martele-parabolique-32-pouces
5700	timbales	classiques	timbale-adams-symphonic-fut-lisse-parabolique-20-pouces
5701	timbales	classiques	timbale-adams-symphonic-fut-lisse-parabolique-23-pouces
5702	timbales	classiques	timbale-adams-symphonic-fut-lisse-parabolique-26-pouces
5703	timbales	classiques	timbale-adams-symphonic-fut-lisse-parabolique-29-pouces
5704	timbales	classiques	timbale-adams-symphonic-fut-lisse-parabolique-32-pouces
5720	timbales	classiques	adams-universel-20-pouces-cuivre-lisse-parabolique
5721	timbales	classiques	adams-universel-23-pouces-cuivre-lisse-parabolique
5722	timbales	classiques	adams-universel-26-pouces-cuivre-lisse-parabolique
5723	timbales	classiques	adams-universel-29-pouces-cuivre-lisse-parabolique
5724	timbales	classiques	adams-universel-32-pouces-cuivre-lisse-parabolique
5725	timbales	classiques	adams-universel-20-pouces-cuivre-martele-parabolique
5726	timbales	classiques	adams-universel-23-pouces-cuivre-martele-parabolique
5727	timbales	classiques	adams-universel-26-pouces-cuivre-martele-parabolique
5728	timbales	classiques	adams-universel-29-pouces-cuivre-martele-parabolique
5729	timbales	classiques	adams-universel-32-pouces-cuivre-martele-parabolique
5730	timbales	classiques	timbale-adams-universel-20pouces-fibre-de-verre-parabolique
5731	timbales	classiques	timbale-adams-universel-23pouces-fibre-de-verre-parabolique
5732	timbales	classiques	timbale-adams-universel-26pouces-fibre-de-verre-parabolique
5733	timbales	classiques	timbale-adams-universel-29pouces-fibre-de-verre-parabolique
5734	timbales	classiques	timbale-adams-universel-32pouces-fibre-de-verre-parabolique
5745	instruments-effets	crecelles-vibraslaps-flexatones	vibraslap-standard-lp
5746	instruments-effets	crecelles-vibraslaps-flexatones	vibraslap-de-luxe-lp
5792	instruments-effets	machine-vent	machine-a-vent
5793	instruments-effets	sifflets-sirene-flute-coulisse	sifflet-samba-lp-3-tons-alu
5794	instruments-effets	sifflets-sirene-flute-coulisse	jazzo-flute
5795	instruments-effets	sifflets-sirene-flute-coulisse	sirene-a-bouche-acme
5797	instruments-effets	sifflets-sirene-flute-coulisse	sirene-a-manivelle-aigue
5805	instruments-effets	klaxons	klaxons-a-poire-jeu-de-4-notes-accordees
5821	claviers	vibraphones	vibraphone-adams-artist-3-octaves
5824	claviers	vibraphones	vibraphone-musser-m55-pro-vibe-3-octaves
5827	claviers	vibraphones	vibraphone-musser-m58-piper-3-octaves
5828	claviers	vibraphones	vibraphone-musser-m75-century-3-octaves-clavier-dore
5833	claviers	vibraphones	vibraphone-yamaha-1605-3-octaves
5837	claviers	vibraphones	vibraphone-yamaha-2700-3-octaves
5839	claviers	vibraphones	vibraphone-yamaha-3710-3-octaves-clavier-dore-mate
5841	claviers	vibraphones	vibraphone-yamaha-3910-3-octaves-1-2
5843	claviers	vibraphones	vibraphone-yamaha-4110-4-octaves
6004	bois	chocoblocks-wood-blocks-et-mokubio	wood-block-schlagwerk-bois-dur-grand
6005	bois	chocoblocks-wood-blocks-et-mokubio	wood-block-schlagwerk-bois-dur-moyen
6006	bois	chocoblocks-wood-blocks-et-mokubio	wood-block-schlagwerk-bois-dur-petit
6023	claviers	xylophones	xylophone-adams-solist-voyager-3-octaves-1-2-light-rosewood
6024	claviers	xylophones	xylophone-adams-solist-voyager-4-octaves-rosewood
6027	claviers	xylophones	xylophone-adams-concert-voyager-4-octaves-palissandre
6028	claviers	xylophones	xylophone-adams-solist-voyager-3-octaves-1-2-synthetique
6029	claviers	xylophones	xylophone-adams-solist-voyager-4-octaves-palissandre
6035	claviers	xylophones	xylophone-musser-m51-3-octaves-1-2-kelon
6036	claviers	xylophones	xylophone-d-etude-rythmes-sons-3-octaves-1-2
6041	claviers	xylophones	xylophone-concorde-1001-2-octaves-1-2-padouk
6046	claviers	xylophones	xylophone-concorde-4002-4-octaves-padouk
6050	claviers	xylophones	xylophone-concorde-6002-4-octaves-palissandre
6053	claviers	xylophones	xylophone-concorde-8002-4-octaves-palissandre
6298	eclairages-pour-pupitres-de-musiciens	lampes-de-pupitre	eclairage-de-pupitre-fluorescent-koenig-meyer-km
6299	eclairages-pour-pupitres-de-musiciens	accessoires	transformateur-pour-eclairage-fluorescent
6304	pupitres-musiciens	accessoires	tablette-adaptable
6309	tabourets-banquettes-musiciens	banquettes-musiciens	banquette-de-piano-usage-professionnel-revetement-velour
6310	pupitres-musiciens	accessoires	etui-souple-pour-un-pupitre-a-trous
6312	chariots-de-transport	flightcases-pupitres	flight-case-12-pupitres-pliants-a-trous
6327	timbales	philharmoniques	adams-philharmonic-marinus-komst-32-pouces-dresden-a-friction
6328	timbales	philharmoniques	adams-philharmonic-marinus-komst-29-pouces-dresden-a-friction
6329	timbales	philharmoniques	adams-philharmonic-marinus-komst-26-pouces-dresden-a-friction
6330	timbales	philharmoniques	adams-philharmonic-marinus-komst-23-pouces-dresden-a-friction
6331	timbales	philharmoniques	adams-philharmonic-marinus-komst-20-pouces-dresden-a-friction
6333	claviers	xylophones	xylophone-yamaha-350-3-octaves-1-2-bois-de-rose
6334	claviers	marimbas	marimba-yamahaym-2400a-4-octaves-1-3-palissandre
6335	instruments-effets	crecelles-vibraslaps-flexatones	vibraslap-boule-en-bois
6336	instruments-effets	cabassas-guiros-et-kokiriko	cabassa-stagg-modele-large
6337	instruments-effets	sifflets-sirene-flute-coulisse	sifflet-samba-3-tons-en-plastique
6338	instruments-effets	crecelles-vibraslaps-flexatones	flexatone-standard
6339	metaux	grelots	grelots-sur-manche-25-pieces
6340	baguettes	musiciens	baguettes-vibrawell-ev5
6341	instruments-peaux	toms-de-concert	jeu-de-2-toms-6-pouces-et-8-pouces-avec-stand
6342	instruments-peaux	toms-de-concert	jeu-de-2-toms-10-pouces-et-12-pouces-avec-stand
6343	instruments-peaux	toms-de-concert	jeu-de-2-toms-13-pouces-et-14-pouces-avec-stand
6344	instruments-peaux	toms-de-concert	jeu-de-2-toms-15-pouces-et-16-pouces-avec-stand
6345	instruments-peaux	toms-de-concert	tom-concert-yamaha-une-peau-6-pouces-
6346	instruments-peaux	toms-de-concert	tom-concert-yamaha-une-peau-8-pouces-
6347	instruments-peaux	toms-de-concert	tom-concert-yamaha-une-peau-10-pouces-
6348	instruments-peaux	toms-de-concert	tom-concert-yamaha-une-peau-12-pouces-
6349	instruments-peaux	toms-de-concert	tom-concert-yamaha-une-peau-13-pouces-
6350	instruments-peaux	toms-de-concert	tom-concert-yamaha-une-peau-14-pouces-
6351	instruments-peaux	toms-de-concert	tom-concert-yamaha-une-peau-15-pouces-
6352	instruments-peaux	toms-de-concert	tom-concert-yamaha-une-peau-16-pouces-
6353	portiques-supports-accessoires	supports-instruments	stand-double-embase-pour-2-toms-de-concert-yamaha
6354	instruments-effets	klaxons	klaxon-a-poire-note-la3
6355	instruments-effets	klaxons	klaxon-a-poire-note-si3
6356	instruments-effets	klaxons	klaxon-a-poire-note-do4
6357	instruments-effets	klaxons	klaxon-a-poire-note-re4
6358	chaises-musiciens	accessoires	dossier-amovible-konig-meyer-14032-tabouret-ref-sie-6014-sie-6020
6359	instruments-peaux	bongos-congas-et-timbales-latines	bongos-bois-peaux-animales-6-5-pouces-8-pouces
6360	baguettes	maillets-mailloches	mailloche-tete-cuir-legere
6361	baguettes	maillets-mailloches	mailloche-tete-peau-agneau-de-grosse-caisse
6363	instruments-effets	sifflets-sirene-flute-coulisse	sifflet-arbitre-acme
6364	metaux	triangles-chimes	triangle-grover-bronze-dore-15-cm
6365	metaux	triangles-chimes	triangle-grover-bronze-dore-23-cm
6366	claviers	sacs-de-transport	sacs-de-transport-peter-vibraphone-yamaha-yv-3910-3-octaves-1-2
6367	claviers	sacs-de-transport	housse-antipoussiere-vibraphone-yamaha-yv-2700
6368	claviers	sacs-de-transport	housse-antipoussiere-vibraphone-yamaha-yv-4110
6369	claviers	sacs-de-transport	housse-antipoussiere-rythmes-sons-marimba-5100a
6370	metaux	cymbales	pack-d-idiophones-metaux
6371	instruments-peaux	sets-instruments-peaux	pack-d-idiophones-peaux
6372	bois	sets-instruments-bois	pack-d-idiophones-bois
6373	instruments-peaux	sets-instruments-peaux	pack-d-idiophones-accessoires
6375	metaux	grelots	cluster-chimes-lp-24-barres-dorees
6376	portiques-supports-accessoires	pedales	pedale-charleston-double-embase-yamaha
6379	chaises-musiciens	chaises-percussionnistes	rythmes-sons-orchestra-chaise-orchestre-h47cm
6380	chaises-musiciens	chaises-contrebassiste	chaise-cb-rs-1-repose-pied-tube-1-repose-pied-plat
6389	instruments-peaux	bongos-congas-et-timbales-latines	paire-de-congas-stagg-10-pouces-11-pouces-paniers-separes
6391	metaux	gongs-tam-tams	tam-tam-chinois-wu-han-d85cm
6392	chaises-musiciens	chaises-percussionnistes	rythmes-sons-compacte-chaise-orchestre-h47cm
6394	instruments-peaux	peaux-de-rechange	peau-remo-renaissance-pour-tom-6-pouces
6395	instruments-peaux	peaux-de-rechange	peau-remo-renaissance-pour-tom-8-pouces
6396	instruments-peaux	peaux-de-rechange	peau-remo-renaissance-pour-tom-6-pouces
6397	instruments-peaux	peaux-de-rechange	peau-remo-renaissance-pour-tom-12-pouces
6398	instruments-peaux	peaux-de-rechange	peau-remo-renaissance-pour-tom-13-pouces
6399	instruments-peaux	peaux-de-rechange	peau-remo-renaissance-pour-tom-15-pouces
6400	instruments-peaux	peaux-de-rechange	peau-remo-renaissance-pour-tom-16-pouces
6402	bois	cajons	cajon-schlagwerk-la-peru
6403	bois	cajons	etui-pour-cajon-la-peru
6404	bois	cajons	manuel-d-instruction-cajon-la-peru-en-anglais-
6405	portiques-supports-accessoires	chassis	berceau-et-pied-pour-tambour-de-bois-schlagwerk
6406	baguettes	musiciens	baguettes-yamaha-keiko-abe-numero-1-la-paire
6407	baguettes	musiciens	baguettes-yamaha-keiko-abe-numero-2-la-paire
6408	baguettes	musiciens	baguettes-yamaha-keiko-abe-numero-3-la-paire
6409	baguettes	musiciens	baguettes-yamaha-keiko-abe-numero-4-la-paire
6410	baguettes	musiciens	baguettes-yamaha-keiko-abe-numero-5-la-paire
6411	baguettes	musiciens	baguettes-yamaha-keiko-abe-numero-6-la-paire
6412	baguettes	musiciens	baguettes-yamaha-keiko-abe-numero-7-la-paire
6413	baguettes	musiciens	baguettes-yamaha-keiko-abe-numero-s7-la-paire
6414	baguettes	musiciens	baguettes-yamaha-keiko-abe-numero-8-la-paire
6415	baguettes	musiciens	baguettes-yamaha-keiko-abe-numero-9-la-paire
6417	flight-cases-instruments	flightcases-percussions-peaux	etui-hardcase-hn10t-tom-10pouces
6418	flight-cases-instruments	flightcases-percussions-peaux	etui-hardcase-hn12t-tom-12pouces
6419	flight-cases-instruments	flightcases-percussions-peaux	etui-hardcase-hn16t-tom-basse-de-concert-16pouces
6420	flight-cases-instruments	flightcases-percussions-peaux	etui-hardcase-hn22bw-grosse-caisse-22pouces-roulettes
6421	flight-cases-instruments	flightcases-percussions-peaux	etui-hardcase-hn14t-tom-14pouces
6422	flight-cases-instruments	flightcases-percussions-peaux	etui-hardcase-hn13t-tom-13pouces
6423	flight-cases-instruments	flightcases-percussions-peaux	hardcases-pour-caisse-claire-14-pouces-
6424	claviers	vibraphones	vibraphone-musser-m55-pro-vibe3-octaves
6426	flight-cases-instruments	flightcases-metaux	etui-hardcase-hn9cym22-cymbales-22pouces
6428	claviers	glockenspiels	glockenspiel-yamaha-3-octaves-1-2-do5-mi8-avec-etouffoir
6430	claviers	vibraphones	vibraphone-musser-m75-hampton-3-octaves
6431	pupitres-musiciens	pupitres	pupitre-d-orchestre-plateau-bois-verni-ws
6433	pupitres-musiciens	pupitres	pupitre-d-orchestre-plateau-bois-km-finition-bois
6434	pupitres-musiciens	pupitres	pupitre-d-orchestre-plateau-bois-km-finition-noire
6435	produits-acoustiques-pour-musiciens	reflecteurs-acoustiques	reflecteur-acoustique-plat-a-embase-decentree
6436	produits-acoustiques-pour-musiciens	reflecteurs-acoustiques	reflecteur-acoustique-plat-a-embase-pliante
6437	produits-acoustiques-pour-musiciens	reflecteurs-acoustiques	reflecteur-acoustique-facetise-a-embase-decentree
6438	produits-acoustiques-pour-musiciens	reflecteurs-acoustiques	reflecteur-acoustique-facetise-a-embase-pliante
6439	produits-acoustiques-pour-musiciens	reflecteurs-acoustiques	reflecteur-acoustique-trapezoidal-a-embase-decentree
6440	produits-acoustiques-pour-musiciens	reflecteurs-acoustiques	reflecteur-acoustique-trapezoidal-a-embase-pliante
6441	produits-acoustiques-pour-musiciens	reflecteurs-acoustiques	reflecteur-acoustique-parabolique-a-embase-decentree
6442	produits-acoustiques-pour-musiciens	reflecteurs-acoustiques	reflecteur-acoustique-parabolique-a-embase-pliante
6443	produits-acoustiques-pour-musiciens	reflecteurs-acoustiques	bouclier-acoustique-a-embase-pliante
6444	chariots-de-transport	produits-acoustiques	flight-case-pour-12-reflecteurs-plats
6445	chariots-de-transport	produits-acoustiques	flight-pour-12-reflecteurs-trapezoidaux-ou-paraboliques
6446	chariots-de-transport	produits-acoustiques	flight-pour-12-reflecteurs-facetises
6447	chariots-de-transport	produits-acoustiques	flight-pour-10-boucliers-acoustiques
6448	produits-acoustiques-pour-musiciens	reflecteurs-acoustiques	ecrans-acoustiques-hauteur-122-cm
6449	produits-acoustiques-pour-musiciens	reflecteurs-acoustiques	extension-pour-ecrans-acoustiques-hauteur-122-cm
6450	produits-acoustiques-pour-musiciens	reflecteurs-acoustiques	ecrans-acoustiques-hauteur-168-cm
6451	produits-acoustiques-pour-musiciens	reflecteurs-acoustiques	extension-pour-ecrans-acoustiques-hauteur-168-cm
6452	produits-acoustiques-pour-musiciens	reflecteurs-acoustiques	1-absorbeur-acoustique-hauteur-61cm
6453	produits-acoustiques-pour-musiciens	reflecteurs-acoustiques	deux-absorbeurs-acoustiques-hauteur-122-cm
6454	produits-acoustiques-pour-musiciens	reflecteurs-acoustiques	2-absorbeurs-acoustiques-hauteur-168cm
6455	produits-acoustiques-pour-musiciens	reflecteurs-acoustiques	plancher-acoustique-isofloor
6457	chariots-de-transport	flightcases-chaises-orchestre	diable-pour-6-chaises-d-orchestre-rs
6458	chariots-de-transport	flightcases-chaises-orchestre	diable-pour-chaises-d-orchestre-ws
6462	flight-cases-instruments	flightcases-cordes	flight-case-pour-5-altos-en-etui
6463	flight-cases-instruments	flightcases-cordes	flight-case-isotherme-pour-5-altos-en-etui
6464	flight-cases-instruments	flightcases-cordes	flight-case-compact-pour-violons-et-altos
6465	flight-cases-instruments	flightcases-cordes	etui-pour-violoncelle
6466	flight-cases-instruments	flightcases-claviers	flight-case-vibra-adams-3-oct-assemble
6467	flight-cases-instruments	flightcases-claviers	valise-pour-clavier-de-marimba-4-oct-1-3
6468	flight-cases-instruments	flightcases-claviers	flight-case-cloche-tubes-adams-symphonic
6469	flight-cases-instruments	flightcases-timbales	flight-case-pour-timbale-23-pouces-dw
6470	flight-cases-instruments	flightcases-timbales	flight-case-pour-timbale-26-pouces-dw
6471	flight-cases-instruments	flightcases-timbales	flight-case-pour-timbale-29-pouces-dw
6472	flight-cases-instruments	flightcases-timbales	flight-case-pour-timbale-32-pouces-dw
6476	portiques-supports-accessoires	pedales	pedale-de-grosse-caisse-yamaha-fp7210a
6479	supports-pour-instruments-de-musique	instruments-vent	porte-flute-koenig-meyer
6487	eclairages-pour-pupitres-de-musiciens	lampes-de-pupitre	eclairage-halogene-pour-pupitre-wilde-spieth
6488	eclairages-pour-pupitres-de-musiciens	lampes-de-pupitre	eclairage-halogene-230v-pour-pupitre-wilde-spieth
6490	instruments-peaux	peaux-de-rechange	peau-remo-diplomat-pour-tom-6-pouces
6491	instruments-peaux	peaux-de-rechange	peau-remo-diplomat-pour-tom-8-pouces
6492	instruments-peaux	peaux-de-rechange	peau-remo-diplomat-pour-tom-18-pouces
6493	instruments-peaux	peaux-de-rechange	peau-remo-diplomat-pour-tom-20-pouces
6496	baguettes	maillets-mailloches	maillet-de-cloches-tubes-mike-balter-cm1
6497	baguettes	maillets-mailloches	maillet-de-cloches-tubes-mike-balter-cm2
6498	baguettes	maillets-mailloches	maillet-de-cloches-tubes-mike-balter-cm3
6499	pupitres-musiciens	pupitres	pupitre-concertino-manhasset
6500	pupitres-musiciens	pupitres	pupitre-tall-symphony-manhasset
6503	bois	castagnettes-claves	ensemble-5-claves-accordees-steve-reich
6534	claviers	marimbas	marimba-concorde-8000r-5-octaves-reglable-en-hauteur
6619	instruments-peaux	peaux-de-rechange	peau-remo-pinstripe-sablee-pour-tom-06-pouces
6621	instruments-peaux	peaux-de-rechange	peau-remo-emperor-transparente-pour-tom-12-pouces
6622	instruments-peaux	peaux-de-rechange	peau-remo-emperor-transparente-pour-tom-13-pouces
6623	instruments-peaux	peaux-de-rechange	peau-evans-eq3-pour-grosse-caisse-18-pouces
6624	claviers	vibraphones	vibraphone-ross-concert-r715s-3-octaves
6625	claviers	vibraphones	vibraphone-ross-etude-r704-3-octaves
6626	claviers	xylophones	xylophone-ross-concert-3-octaves-1-2-palissandre
6627	claviers	xylophones	xylophone-ross-prolon-3-octaves-1-2
6628	claviers	marimbas	marimba-ross-prolon-4-octaves-1-3
6629	instruments-effets	cabassas-guiros-et-kokiriko	guiro-bois-reco-reco-grand
6630	instruments-effets	cabassas-guiros-et-kokiriko	guiro-bois-reco-reco-moyen
6631	instruments-effets	cabassas-guiros-et-kokiriko	guiro-bois-reco-reco-petit
6632	instruments-effets	cabassas-guiros-et-kokiriko	jeu-de-3-guiros-bois-reco-reco-sur-stand
6633	claviers	cloches-tubes	cloches-tubes-ross-symphonic-1-octave-1-2
6634	instruments-peaux	tambourins-et-hand-drums	frame-drum-40-cm-16-pouces
6635	instruments-peaux	tambourins-et-hand-drums	frame-drum-50-cm-20-pouces
6636	instruments-peaux	tambourins-et-hand-drums	frame-drum-60-cm-24-pouces
6638	baguettes	maillets-mailloches	mailloche-rs-de-gong-et-tam-tam-feutre-100
6639	baguettes	maillets-mailloches	mailloche-rs-de-gong-et-tam-tam-feutre-180
6754	instruments-peaux	peaux-de-rechange	peau-evans-eq3-pour-grosse-caisse-20-pouces
6756	instruments-peaux	djembes-darboukas-tablas	darbouka-8-pouces-egypte-recouvert-skai
6758	metaux	gongs-tam-tams	tam-tam-chinois-wu-han-d95cm
6776	claviers	xylophones	xylophone-adams-solist-voyager-4-octaves-synthetique
6777	bois	polyblocks-et-temple-blocks	jeu-de-3-polyblocks-amovibles
6780	metaux	cymbales	cymbale-sabian-d18pouces-molto-symphonic-serie-aa-suspendu
6783	chaises-musiciens	chaises-contrebassiste	chaise-rythmes-sons-2-reposes-pieds-contrebassiste
6795	claviers	cloches-tubes	chassis-support-pour-7-cloche-tubes-sans-etouffoir
6796	chaises-musiciens	chaises-percussionnistes	rythmes-sons-compacte-chaise-orchestre-h45cm
6822	portiques-supports-accessoires	supports-instruments	pied-de-caisse-claire-yamaha-standard
6827	claviers	glockenspiels	glockenspiel-adams-artist-voyager-3-octaves-1-3-do5-mi8
6830	timbales	baroques	adams-baroque-23-pouces
6831	timbales	baroques	adams-baroque-26-pouces
6832	claviers	vibraphones	vibraphone-yamaha-2700-3-octaves
6846	metaux	cymbales	cymbale-de-batterie-zildjian-serie-avedis-medium-thin-crash-16-pouces
6849	instruments-peaux	batteries	batterie-yamaha-junior-kit-modele-manu-katche
6851	portiques-supports-accessoires	supports-instruments	pied-de-caisse-claire-yamaha-pro-double-special
6852	tabourets-banquettes-musiciens	sieges-batteurs	tabouret-de-batterie-yamaha-assise-ronde
6853	portiques-supports-accessoires	supports-instruments	pied-de-cymbale-perche-yamaha-pro-lourd
6855	metaux	cymbales	cymbale-de-batterie-zildjian-serie-avedis-hit-hat-13-pouces
6856	metaux	cymbales	cymbale-de-batterie-zildjian-serie-avedis-ping-ride-20-pouces
6906	metaux	cymbales	cymbale-de-batterie-zildjian-serie-k-dark-crash-thin-15-pouces-38-cm
6907	metaux	cymbales	cymbale-de-batterie-zildjian-serie-k-thin-crash-16-pouces
6917	portiques-supports-accessoires	supports-instruments	pied-de-caisse-claire-grand-debattement
6918	metaux	triangles-chimes	triangle-d-etude-meinl-10-cm-avec-batte
6920	instruments-peaux	caisses-claires-pads-tambours	caisse-claire-yamaha-de-formation
6921	instruments-peaux	caisses-claires-pads-tambours	caisse-claire-yamaha-concert-fut-erable
6922	instruments-peaux	caisses-claires-pads-tambours	caisse-claire-yamaha-concert-fut-cuivre
6923	portiques-supports-accessoires	portiques-gongs-tam-tams	4-roulettes-pour-portique-de-gongs-et-tam-tams
6924	instruments-peaux	bongos-congas-et-timbales-latines	timbales-latines-bsx-13-pouces-14-pouces-sur-stand-fut-metal
6925	portiques-supports-accessoires	supports-instruments	pied-de-cymbales-yamaha-double-embase
6926	portiques-supports-accessoires	supports-instruments	pied-de-caisse-claire-yamaha-pro-double-a-rotule
6927	portiques-supports-accessoires	supports-instruments	pied-de-cymbale-perche-yamaha
6928	claviers	vibraphones	vibraphone-adams-concert-3-octaves
6929	claviers	vibraphones	vibraphone-adams-concert-3-octaves-sans-moteur
6930	claviers	vibraphones	vibraphone-adams-solist-3-1-octaves
6931	claviers	vibraphones	vibraphone-adams-solist-3-1-octaves
6980	flight-cases-instruments	flightcases-percussions-peaux	etui-hardcase-hn15t-tom-15pouces
6982	flight-cases-instruments	flightcases-accessoires	etui-hardcase-hn40w-rectangulaire-40pouces-roul-pieds
6983	flight-cases-instruments	flightcases-accessoires	hardcase-rectangulaire-36-pouces-avec-roul-pour-pieds
6989	metaux	cymbales	cymbale-de-batterie-zildjian-serie-k-thin-crash-18-pouces
7010	instruments-peaux	peaux-de-rechange	peau-remo-renaissance-timbre-pour-tom-14-pouces
7011	bois	castagnettes-claves	paire-de-claves-bumbinga-en-bois-dur
7012	metaux	rins	rin-chinois-en-bronze-noir-27-cm
7013	instruments-peaux	bongos-congas-et-timbales-latines	conga-lp-11-pouces-serie-matador
7014	instruments-peaux	bongos-congas-et-timbales-latines	conga-lp-11-pouces-3-4-serie-matador
7015	instruments-peaux	bongos-congas-et-timbales-latines	conga-lp-12-pouces-1-2-serie-matador
7019	metaux	rins	rin-chinois-en-bronze-noir-30-cm
7044	claviers	marimbas	marimba-concorde-8001r-4-octaves-1-2
7047	baguettes	musiciens	baguette-timbale-adams-tt2-manche-bambou-de-tonkin-la-paire
7048	baguettes	musiciens	baguette-timbale-adams-tto-manche-bambou-de-tonkin-la-paire
7049	baguettes	musiciens	baguette-timbale-adams-tt1-manche-bambou-de-tonkin-la-paire
7050	baguettes	musiciens	baguette-timbale-adams-tt3-manche-bambou-de-tonkin-la-paire
7051	portiques-supports-accessoires	supports-instruments	pied-de-cymbales-yamaha-simple-embase-leger
7057	instruments-peaux	caisses-claires-pads-tambours	caisse-claire-de-concert-brady-14-pouces-x-12-pouces-
7058	instruments-peaux	caisses-claires-pads-tambours	caisse-claire-de-concert-brady-14-pouces-x-8-pouces-
7059	instruments-peaux	caisses-claires-pads-tambours	caisse-claire-de-concert-brady-14-pouces-x-6-5-pouces-
7060	instruments-peaux	caisses-claires-pads-tambours	caisse-claire-brady-marri-ply-14-pouces-x6-pouces-1-2
7061	instruments-peaux	caisses-claires-pads-tambours	caisse-claire-de-concert-brady-14-pouces-x-6-5-pouces-
7062	instruments-peaux	caisses-claires-pads-tambours	caisse-claire-de-concert-brady-14-pouces-x-6-5-pouces-
7064	instruments-peaux	caisses-claires-pads-tambours	caisse-claire-brady-jarrah-ply-16-pouces-x6-pouces-1-2
7076	instruments-peaux	tambourins-et-hand-drums	hand-drum-cadeson-10-pouces-26-cm-accordable
7077	instruments-peaux	tambourins-et-hand-drums	hand-drum-cadeson-14-pouces-36-cm-accordable
7080	instruments-peaux	djembes-darboukas-tablas	djembe-meinl-serie-headliner-fut-bois
7103	pupitres-musiciens	pupitres-chef-orchestre	manhasset-54-pupitre-de-chef-81-5x40cm-embase-double
7114	claviers	marimbas	marimba-concorde-7000-5-octaves
7120	baguettes	musiciens	baguettes-american-classic-hickory-vic-firth-caisse-claire
7121	baguettes	musiciens	baguettes-american-classic-hickory-vic-firth-caisse-claire
7127	metaux	triangles-chimes	bar-chimes-double-lp-90-barres-alu
7140	claviers	cloches-tubes	chassis-adams-support-pour-7-cloches-tubes
7141	claviers	cloches-tubes	chassis-adams-pour-7-cloches-tubes-etouffoir-reglable
7144	instruments-peaux	tambourins-et-hand-drums	hand-drum-16-pouces-40-cm
7146	instruments-peaux	tambourins-et-hand-drums	tambourins-grover-8-pouces-20-cm-2-rangees-cymb-german-argent
7147	instruments-peaux	tambourins-et-hand-drums	tambourin-grover-10-pouces-25-cm-2-rangees-cymb-phosphor-bronze
7148	instruments-peaux	tambourins-et-hand-drums	tambourin-grover-10-pouces-25-cm-2-rangees-cymb-argent-bronze
7149	instruments-peaux	tambourins-et-hand-drums	tambourins-grover-10-pouces-25-cm-2-rangees-cymb-berylium-cuivre
7150	instruments-peaux	tambourins-et-hand-drums	tambourins-grover-10-pouces-25-cm-2-rangees-cymb-laiton
7151	tabourets-banquettes-musiciens	banquettes-musiciens	banquette-de-piano-avec-coussin-skai-noir
7152	instruments-peaux	tambourins-et-hand-drums	hand-drum-cadeson-8-pouces-20-cm-accordable
7153	instruments-effets	shakers-cherekes-et-maracas	maracas-plastique-meinl
7154	instruments-effets	shakers-cherekes-et-maracas	maracas-meinl-bois-ovale-multicolore
7155	instruments-effets	shakers-cherekes-et-maracas	maracas-meinl-bois-rond-ambre
7156	bois	polyblocks-et-temple-blocks	jeu-de-5-polyblocks-amovibles-chassis-1-niveau
7157	metaux	cymbales	cymbale-molto-symphonic-d20pouces-sabian
7159	flight-cases-instruments	flightcases-percussions-peaux	etui-hardcase-grosse-caisse-de-concert-20pouces
7175	claviers	vibraphones	vibraphone-yamaha-520-3-octaves-clavier-argente
7176	instruments-peaux	bongos-congas-et-timbales-latines	conga-lp-11-pouces-serie-classique
7177	instruments-peaux	bongos-congas-et-timbales-latines	conga-lp-11-pouces-3-4-serie-classique
7178	instruments-peaux	bongos-congas-et-timbales-latines	conga-lp-12-pouces-1-2-serie-classique
7179	instruments-effets	cabassas-guiros-et-kokiriko	guiro-meinl-bois-cylindrique
7180	instruments-effets	cabassas-guiros-et-kokiriko	guiro-meinl-bois-forme-obus
7181	flight-cases-instruments	flightcases-percussions-peaux	etui-hardcase-hn18b-grosse-caisse-18pouces-roulettes
7182	flight-cases-instruments	flightcases-percussions-peaux	etui-hardcase-hn8t-tom-8pouces
7203	tabourets-banquettes-musiciens	sieges-batteurs	siege-de-batteur-mapex-t250
7204	tabourets-banquettes-musiciens	sieges-batteurs	siege-de-batteur-mapex-t550
7205	tabourets-banquettes-musiciens	tabourets-musiciens	siege-ergonomique-avec-dossier-pearl-pha-d200br
7210	baguettes	etuis-baguettes	etui-a-baguette-back-pack
7218	instruments-peaux	cooldrums-boobams	cool-drum-6-pouces-rythmes-sons-black-edition
7219	instruments-peaux	cooldrums-boobams	cool-drum-6-pouces-rythmes-sons-wood-edition
7227	instruments-peaux	bongos-congas-et-timbales-latines	paire-de-congas-club-salsa-10-pouces-11-pouces-paniers-separes
7228	portiques-supports-accessoires	supports-instruments	pied-de-cymbale-perche-yamaha-standard
7229	portiques-supports-accessoires	supports-instruments	pied-de-cymbales-yamaha-simple-embase-standard
7230	portiques-supports-accessoires	pedales	pedale-charleston-double-embase-rotative-yamaha
7231	portiques-supports-accessoires	pedales	pedale-de-grosse-caisse-yamaha-fp9315
7234	instruments-peaux	djembes-darboukas-tablas	darbouka-22-cm-egypte-peint
7240	timbales	philharmoniques	adams-philharmonic-classique-29-pouces-dresden-a-cremaillere
7241	timbales	philharmoniques	adams-philharmonic-classique-26-pouces-dresden-a-cremaillere
7242	timbales	philharmoniques	adams-philharmonic-classique-23-pouces-dresden-a-cremaillere
7243	timbales	philharmoniques	adams-philharmonic-classique-32-pouces-dresden-a-cremaillere
7244	timbales	philharmoniques	adams-philharmonic-classique-20-pouces-dresden-a-cremaillere
7245	timbales	philharmoniques	adams-philharmonic-light-32-pouces-berlin-a-friction
7246	timbales	philharmoniques	adams-philharmonic-light-29-pouces-berlin-a-friction
7247	timbales	philharmoniques	adams-philharmonic-light-26-pouces-berlin-a-friction
7248	timbales	philharmoniques	adams-philharmonic-light-23-pouces-berlin-a-friction
7249	timbales	philharmoniques	adams-philharmonic-light-20-pouces-berlin-a-friction
7253	timbales	philharmoniques	adams-philharmonic-classique-32-pouces-berlin-a-cremaillere
7254	timbales	philharmoniques	adams-philharmonic-classique-29-pouces-berlin-a-cremaillere
7255	timbales	philharmoniques	adams-philharmonic-classique-26-pouces-berlin-a-cremaillere
7256	timbales	philharmoniques	adams-philharmonic-classique-23-pouces-berlin-a-cremaillere
7257	timbales	philharmoniques	adams-philharmonic-classique-20-pouces-berlin-a-cremaillere
7258	timbales	philharmoniques	adams-schnellar-32-pouces-berlin-a-cremaillere
7259	timbales	philharmoniques	adams-schnellar-29-pouces-berlin-a-cremaillere
7260	timbales	philharmoniques	adams-schnellar-26-pouces-berlin-a-cremaillere
7261	timbales	philharmoniques	adams-schnellar-23-pouces-berlin-a-cremaillere
7262	timbales	philharmoniques	adams-schnellar-20-pouces-berlin-a-cremaillere
7264	timbales	classiques	adams-professionnel-generation-ii-32-pouces-cuivre-martele-profond
7265	timbales	classiques	adams-professionnel-generation-ii-29-pouces-cuivre-martele-profond
7266	timbales	classiques	adams-professionnel-generation-ii-26-pouces-cuivre-martele-profond
7267	timbales	classiques	adams-professionnel-generation-ii-23-pouces-cuivre-martele-profond
7268	timbales	classiques	adams-professionnel-generation-ii-20-pouces-cuivre-martele-profond
7269	eclairages-pour-pupitres-de-musiciens	lampes-de-pupitre	eclairage-de-pupitre-a-led
7280	baguettes	musiciens	baguettes-adams-xb3-manche-bouleau-tete-bois-la-paire
7291	eclairages-pour-pupitres-de-musiciens	lampes-de-pupitre	eclairage-12235-pouces-koenig-meyer-km-a-led
7294	chariots-de-transport	flightcases-pupitres	chariot-manhasset-1920-pupitres-manhasset
7295	metaux	cymbales	cymbale-de-batterie-zildjian-serie-avedis-medium-thin-crash-18-pouces
7302	eclairages-pour-pupitres-de-musiciens	lampes-de-pupitre	prolongateur-pour-20-eclairages-de-pupitre
7310	metaux	triangles-chimes	4-triangles-3-battes-sabian-dores-en-etui
7311	metaux	triangles-chimes	4-triangles-3-battes-sabian-dores-marteles-en-etui
7312	claviers	cloches-tubes	extension-cloches-tubes-adams-philharmonic-satine-1-2-octave
7313	instruments-peaux	caisses-claires-pads-tambours	caisse-claire-cadeson-14-5pouces-1-2-sm-series
7314	instruments-peaux	caisses-claires-pads-tambours	caisse-claire-cadeson-14-4pouces-sm-series
7315	instruments-peaux	toms-de-concert	tom-melodique-cadeson-6-pouces-2-peaux
7316	instruments-peaux	toms-de-concert	tom-melodique-cadeson-8-pouces-2-peaux
7317	instruments-peaux	toms-de-concert	tom-melodique-cadeson-10-pouces-2-peaux
7318	instruments-peaux	toms-de-concert	tom-melodique-cadeson-12-pouces-2-peaux
7319	instruments-peaux	toms-de-concert	tom-melodique-cadeson-13-pouces-2-peaux
7320	instruments-peaux	toms-de-concert	tom-melodique-cadeson-14-pouces-2-peaux
7321	instruments-peaux	toms-de-concert	floor-tom-melodique-cadeson-16-pouces
7322	instruments-peaux	toms-de-concert	floor-tom-melodique-cadeson-18-pouces
7323	instruments-peaux	toms-de-concert	tom-basse-melodique-cadeson-24-pouces
7324	instruments-peaux	toms-de-concert	tom-basse-melodique-cadeson-22-pouces
7325	instruments-peaux	toms-de-concert	tom-basse-melodique-cadeson-20-pouces
7326	instruments-peaux	bongos-congas-et-timbales-latines	conga-cadeson-11-pouces-serie-dr81
7327	instruments-peaux	bongos-congas-et-timbales-latines	conga-cadeson-11-pouces-3-4-serie-dr81
7328	instruments-peaux	bongos-congas-et-timbales-latines	conga-cadeson-12-pouces-serie-dr81
7329	instruments-peaux	tambourins-et-hand-drums	tambourin-cadeson-8-pouces-20-cm-2-rangees-cymb
7330	instruments-peaux	tambourins-et-hand-drums	tambourin-cadeson-10-pouces-25-cm-2-rangees-cymb
7331	bois	chocoblocks-wood-blocks-et-mokubio	wood-block-bois-cadeson-petit-modele
7335	instruments-peaux	djembes-darboukas-tablas	tambours-chinois-cadeson-sur-stand-petit-modele
7336	instruments-peaux	djembes-darboukas-tablas	tambours-chinois-cadeson-sur-stand-grand-modele
7337	bois	chocoblocks-wood-blocks-et-mokubio	wood-block-bois-cadeson-grand-modele
7338	portiques-supports-accessoires	supports-instruments	pied-pour-2-toms-de-concert-cadeson
7339	instruments-peaux	caisses-claires-pads-tambours	caisse-claire-sonor-14-pouces-x-5-pouces-
7343	metaux	cymbales	cymbales-sabian-hhx-new-symphonic-viennoise-d19pouces
7344	metaux	cymbales	cymbales-sabian-hhx-new-symphonic-germanic-20-pouces
7345	metaux	cymbales	cymbales-sabian-hhx-synergy-heavy-20-pouces
7346	metaux	cymbales	cymbales-sabian-hhx-synergy-heavy-21-pouces
7347	metaux	cymbales	cymbales-sabian-hhx-synergy-medium-21-pouces
7348	bois	polyblocks-et-temple-blocks	polyblockamovible-rythmes-sons-sur-crochet-7e-petit
7350	bois	polyblocks-et-temple-blocks	jeu-de-5-temple-blocks-chinois-cadeson-stand
7351	bois	polyblocks-et-temple-blocks	jeu-de-5-temple-blocks-cadeson-stand
7354	instruments-peaux	cooldrums-boobams	cool-drum-6-pouces-rythmes-sons-black-edition-iron-head
7355	instruments-peaux	toms-de-concert	floor-tom-melodique-cadeson-14-pouces
7361	metaux	rins	rin-japonais-en-laiton-9-7-cm
7362	instruments-peaux	tambourins-et-hand-drums	tambourin-30-cm-12-pouces-2-rangees-cymb-peau-animale
7363	instruments-peaux	grosses-caisses	pedale-grosse-caisse-dw5000
7396	claviers	marimbas	marimba-adams-mckv43-concert-4-octaves-1-3
7407	baguettes	musiciens	baguettes-american-classic-hickory-vic-firth-caisse-claire
7408	metaux	cymbales	pack-4-cymbales-de-batterie-sabian-serie-hhx
7411	portiques-supports-accessoires	supports-instruments	meinl-thbs-bk-stand-bongos-headliner
7412	claviers	sacs-de-transport	housses-de-transport-adams-marimba-artist-classic-ou-van-sice-5-octaves
7414	instruments-effets	shakers-cherekes-et-maracas	chekere-avec-perles-plastiques-colorees-et-motif
7419	instruments-peaux	caisses-claires-pads-tambours	caisse-claire-cadeson-14x6pouces-master-prestige
7420	instruments-peaux	caisses-claires-pads-tambours	caisse-claire-cadeson-14x6pouces-1-2-master-prestige
7421	instruments-peaux	caisses-claires-pads-tambours	caisse-claire-cadeson-13x4pouces-1-8-master-prestige
7422	instruments-peaux	caisses-claires-pads-tambours	caisse-claire-cadeson-14x4pouces-1-8-master-prestige
7423	instruments-peaux	caisses-claires-pads-tambours	caisse-claire-cadeson-14x5pouces-1-8-master-prestige
7424	instruments-peaux	tambourins-et-hand-drums	hand-drum-cadeson-12-pouces-31-cm-accordable
7425	instruments-peaux	tambourins-et-hand-drums	hand-drum-cadeson-16-pouces-40-cm-accordable
7436	timbales	accessoires	bombe-lubrifiante-teflon-pour-timbale
7438	supports-pour-instruments-de-musique	instruments-vent	support-double-koenig-meyer-hautbois
7447	flight-cases-instruments	flightcases-accessoires	malle-1200x700x700-capitonnage-cloisons
7463	instruments-peaux	tambourins-et-hand-drums	tambourins-grover-10-pouces-25-cm-2-rangees-cymb-berylium-argent
7464	metaux	triangles-chimes	jeu-de-10-battes-de-triangle-grover-deluxe-tb-d-alloy-303
7480	portiques-supports-accessoires	supports-instruments	pied-cymbale-droit-yamaha-cs750
7481	portiques-supports-accessoires	supports-instruments	pied-cymbale-perche-yamaha-cs755
7491	bois	tambours-de-bois	tambour-de-bois-schlagwerk-8-tons
7492	bois	tambours-de-bois	tambour-de-bois-schlagwerk-8-tons
7493	timbales	classiques	adams-revolution-32-pouces-fibre-de-verre
7494	timbales	classiques	adams-revolution-29-pouces-fibre-de-verre
7495	timbales	classiques	adams-revolution-26-pouces-fibre-de-verre
7496	timbales	classiques	adams-revolution-23-pouces-fibre-de-verre
7497	timbales	classiques	timbale-adams-revolution-fibre-verre-parabolique-20-pouces
7498	timbales	classiques	adams-revolution-32-pouces-cuivre-martele-parabolique
7499	timbales	classiques	adams-revolution-29-pouces-cuivre-martele-parabolique
7500	timbales	classiques	adams-revolution-26-pouces-cuivre-martele-parabolique
7501	timbales	classiques	adams-revolution-23-pouces-cuivre-martele-parabolique
7502	timbales	classiques	adams-revolution-20-pouces-cuivre-martele-parabolique
7510	claviers	marimbas	marimba-yamaha-6100-grand-concert-5-octaves
7518	supports-pour-instruments-de-musique	support-planche-de-pique-contrebasse-violoncelle	support-de-contrebasse-reglable
7519	baguettes	musiciens	paire-de-baguettes-yamaha-pro-doux
7520	baguettes	musiciens	paire-de-baguettes-yamaha-pro-moyen-dur
7526	claviers	sacs-de-transport	housses-transport-adams-marimba-artist-van-sice-4-octaves-1-3
7533	claviers	marimbas	extension-5-octaves-pour-marimba-adams-artist-4-oct-1-3
7548	chariots-de-transport	flightcases-chaises-orchestre	chariot-wenger-pour-18-chaises-etudiant
7553	instruments-peaux	bongos-congas-et-timbales-latines	bongos-tycoon-supremo-7-pouces-8-5-pouces
7554	metaux	cymbales	cymbales-sabian-hhx-synergy-medium-17-pouces
7555	metaux	cymbales	cymbales-sabian-hhx-synergy-heavy-17-pouces
7560	portiques-supports-accessoires	pedales	yamaha-jhs850-pedale-de-charleston-double-embase-rotative
7561	portiques-supports-accessoires	supports-instruments	pied-de-caisse-claire-yamaha-pro-double-special-ss850
7563	instruments-peaux	peaux-de-rechange	peau-remo-renaissance-pour-tom-18-pouces
7582	instruments-peaux	caisses-claires-pads-tambours	caisse-claire-yamaha-concert-csm-1465a-ii-14-6pouces-1-2
7584	claviers	cloches-tubes	extension-cloches-tubes-adams-philharmonic-chrome-1-2-octave
7604	claviers	sacs-de-transport	housse-de-protection-xylophone-solist-4-octave
7613	flight-cases-instruments	flightcases-percussions-peaux	etui-hardcase-hntumba-tumba-12pouces-1-2
7614	flight-cases-instruments	flightcases-percussions-peaux	etui-hardcase-hnconga-conga-11pouces-3-4
7615	flight-cases-instruments	flightcases-percussions-peaux	etui-hardcase-hnquinto-quinto-11pouces
7618	produits-acoustiques-pour-musiciens	reflecteurs-acoustiques	housse-pour-ecrans-acoustiques-clearsonic-h168-cm
7632	instruments-peaux	peaux-de-rechange	peau-remo-pinstripe-sablee-pour-tom-14-pouces
7646	instruments-effets	sifflets-sirene-flute-coulisse	sirene-manuelle-avec-manivelle
7648	timbales	philharmoniques	adams-philharmonic-marinus-komst-32-pouces-berlin-a-friction
7649	timbales	philharmoniques	adams-philharmonic-marinus-komst-29-pouces-berlin-a-friction
7650	timbales	philharmoniques	adams-philharmonic-marinus-komst-26-pouces-berlin-a-friction
7651	timbales	philharmoniques	adams-philharmonic-marinus-komst-23-pouces-berlin-a-friction
7652	timbales	philharmoniques	adams-philharmonic-marinus-komst-20-pouces-berlin-a-friction
7661	claviers	sacs-de-transport	etui-de-transport-pour-marimba-5100a
7676	portiques-supports-accessoires	supports-instruments	pied-de-caisse-claire-yamaha-pro-double-ss950
7677	portiques-supports-accessoires	pedales	pedale-de-grosse-caisse-yamaha-fp8500c
7678	portiques-supports-accessoires	pedales	pedale-de-grosse-caisse-yamaha-fp9500d
7685	instruments-peaux	caisses-claires-pads-tambours	caisse-claire-yamaha-concert-csm-1450a-ii-14-5pouces
7686	instruments-peaux	caisses-claires-pads-tambours	caisse-claire-yamaha-grand-symphonic-concert-14-pouces-x5-pouces-erable
7687	instruments-peaux	caisses-claires-pads-tambours	caisse-claire-yamaha-grand-symphonic-concert-14-pouces-x5-pouces-palissandre-honduras
7688	timbales	accessoires	accordeur-electronique
7710	timbales	peaux-de-rechange	peau-opaque-evans-strata-timbale-premier-d32pouces
7711	timbales	peaux-de-rechange	peau-opaque-evans-strata-timbale-premier-d23pouces
7712	timbales	peaux-de-rechange	peau-opaque-evans-strata-timbale-premier-d20pouces
7713	chariots-de-transport	flightcases-chaises-orchestre	planche-roulettes-de-transport-rythmes-sons-chaises-reglables-ref-sie-1450n
7714	flight-cases-instruments	flightcases-percussions-peaux	etui-hardcase-hnbongo-bongo
7716	claviers	xylophones	xylophone-concorde-4002ga-4-octaves-padouk
7718	supports-pour-instruments-de-musique	chariot-contrebasses-violoncelles	chariot-pour-3-contrebasses-ou-4-violoncelles
7719	supports-pour-instruments-de-musique	chariot-contrebasses-violoncelles	chariot-pour-4-contrebasses-ou-6-violoncelles
7726	claviers	sacs-de-transport	etui-de-transport-concorde-pour-xylophone-d-etude-x1001
7732	claviers	marimbas	marimba-adams-mahcc50-custom-classic-5-octaves
7734	claviers	sacs-de-transport	housses-de-transport-yamaha-vibraphone-yv-4110
7744	timbales	peaux-de-rechange	peau-blanche-remo-pour-timbale-adams-32-pouces-
7751	timbales	accessoires	sac-de-transport-timbale-adams-universal-32pouces
7752	timbales	accessoires	sac-de-transport-timbale-adams-universal-23pouces
7753	timbales	peaux-de-rechange	peau-blanche-remo-pour-timbale-ludwig-32-pouces-
7754	timbales	peaux-de-rechange	peau-blanche-remo-pour-timbale-majestic-32-pouces-
7755	timbales	peaux-de-rechange	peau-blanche-remo-pour-timbale-yamaha-32-pouces-
7756	timbales	peaux-de-rechange	peau-blanche-remo-pour-timbale-premier-elite-30-pouces-
7757	timbales	peaux-de-rechange	peau-blanche-remo-timbale-premier-32-pouces-sauf-elite
7758	timbales	peaux-de-rechange	peau-blanche-remo-pour-timbale-adams-29-pouces-
7759	timbales	peaux-de-rechange	peau-blanche-remo-pour-timbale-ludwig-29-pouces-
7760	timbales	peaux-de-rechange	peau-blanche-remo-pour-timbale-majestic-29-pouces-
7761	timbales	peaux-de-rechange	peau-blanche-remo-pour-timbale-yamaha-29-pouces-
7762	timbales	peaux-de-rechange	peau-blanche-remo-pour-timbale-premier-elite-28-pouces-
7763	timbales	peaux-de-rechange	peau-blanche-remo-pour-timbale-premier-30-pouces-sauf-elite-
7764	timbales	peaux-de-rechange	peau-blanche-remo-pour-timbale-premier-28-pouces-sauf-elite-
7765	timbales	peaux-de-rechange	peau-blanche-remo-pour-timbale-adams-26-pouces-
7766	timbales	peaux-de-rechange	peau-blanche-remo-pour-timbale-ludwig-26-pouces-
7767	timbales	peaux-de-rechange	peau-blanche-remo-pour-timbale-majestic-26-pouces-
7768	timbales	peaux-de-rechange	peau-blanche-remo-pour-timbale-yamaha-26-pouces-
7769	timbales	peaux-de-rechange	peau-blanche-remo-pour-timbale-premier-elite-25-pouces-
7770	timbales	peaux-de-rechange	peau-blanche-remo-pour-timbale-premier-elite-22-5-pouces-
7771	timbales	peaux-de-rechange	peau-blanche-remo-pour-timbale-premier-25-pouces-sauf-elite-
7772	timbales	peaux-de-rechange	peau-blanche-remo-pour-timbale-adams-23-pouces-
7773	timbales	peaux-de-rechange	peau-blanche-remo-pour-timbale-ludwig-23-pouces-
7774	timbales	peaux-de-rechange	peau-blanche-remo-pour-timbale-majestic-23-pouces-
7775	timbales	peaux-de-rechange	peau-blanche-remo-pour-timbale-yamaha-23-pouces-
7776	timbales	peaux-de-rechange	peau-blanche-remo-pour-timbale-premier-22-5-pouces-sauf-elite-
7777	timbales	peaux-de-rechange	peau-blanche-remo-pour-timbale-adams-20-pouces-
7778	timbales	peaux-de-rechange	peau-blanche-remo-pour-timbale-ludwig-20-pouces-
7779	timbales	peaux-de-rechange	peau-blanche-remo-pour-timbale-majestic-20-pouces-
7780	timbales	peaux-de-rechange	peau-blanche-remo-pour-timbale-yamaha-20-pouces-
7781	timbales	peaux-de-rechange	peau-renaissance-remo-pour-timbale-premier-elite-32-pouces-
7782	timbales	peaux-de-rechange	peau-renaissance-remo-pour-timbale-adams-32-pouces-
7783	timbales	peaux-de-rechange	peau-renaissance-remo-pour-timbale-ludwig-32-pouces-
7784	timbales	peaux-de-rechange	peau-renaissance-remo-pour-timbale-majestic-32-pouces-
7785	timbales	peaux-de-rechange	peau-renaissance-remo-pour-timbale-yamaha-32-pouces-
7786	timbales	peaux-de-rechange	peau-renaissance-remo-pour-timbale-premier-elite-30-pouces-
7787	timbales	peaux-de-rechange	peau-renaissance-remo-pour-timbale-premier-32-pouces-sauf-elite-
7788	timbales	peaux-de-rechange	peau-renaissance-remo-pour-timbale-adams-29-pouces-
7789	timbales	peaux-de-rechange	peau-renaissance-remo-pour-timbale-ludwig-29-pouces-
7790	timbales	peaux-de-rechange	peau-renaissance-remo-pour-timbale-majestic-29-pouces-
7791	timbales	peaux-de-rechange	peau-renaissance-remo-pour-timbale-yamaha-29-pouces-
7792	timbales	peaux-de-rechange	peau-renaissance-remo-pour-timbale-premier-elite-28-pouces-
7793	timbales	peaux-de-rechange	peau-renaissance-remo-pour-timbale-premier-30-pouces-sauf-elite-
7794	timbales	peaux-de-rechange	peau-renaissance-remo-pour-timbale-premier-28-pouces-sauf-elite-
7795	timbales	peaux-de-rechange	peau-renaissance-remo-pour-timbale-adams-26-pouces-
7796	timbales	peaux-de-rechange	peau-renaissance-remo-pour-timbale-ludwig-26-pouces-
7797	timbales	peaux-de-rechange	peau-renaissance-remo-pour-timbale-majestic-26-pouces-
7798	timbales	peaux-de-rechange	peau-renaissance-remo-pour-timbale-yamaha-26-pouces-
7799	timbales	peaux-de-rechange	peau-renaissance-remo-pour-timbale-premier-elite-25-pouces-
7800	timbales	peaux-de-rechange	peau-renaissance-remo-pour-timbale-premier-elite-22-5-pouces-
7801	timbales	peaux-de-rechange	peau-renaissance-remo-pour-timbale-premier-25-pouces-sauf-elite-
7802	timbales	peaux-de-rechange	peau-renaissance-remo-pour-timbale-adams-23-pouces-
7803	timbales	peaux-de-rechange	peau-renaissance-remo-pour-timbale-ludwig-23-pouces-
7804	timbales	peaux-de-rechange	peau-renaissance-remo-pour-timbale-majestic-23-pouces-
7805	timbales	peaux-de-rechange	peau-renaissance-remo-pour-timbale-yamaha-23-pouces-
7806	timbales	peaux-de-rechange	peau-renaissance-remo-pour-timbale-premier-22-5-pouces-sauf-elite-
7807	timbales	peaux-de-rechange	peau-renaissance-remo-pour-timbale-adams-20-pouces-
7808	timbales	peaux-de-rechange	peau-renaissance-remo-pour-timbale-ludwig-20-pouces-
7809	timbales	peaux-de-rechange	peau-renaissance-remo-pour-timbale-majestic-20-pouces-
7810	timbales	peaux-de-rechange	peau-renaissance-remo-pour-timbale-yamaha-20-pouces-
7813	instruments-peaux	cooldrums-boobams	jeu-de-3-cool-drum-trio-6-pouces-black-edition
7814	claviers	marimbas	marimba-yamaha-5-octaves-kym-5100-a-etuis
7815	pupitres-musiciens	pupitres	lot-de-18-pupitres-symphony-manhasset
7816	claviers	vibraphones	vibraphone-musser-m55-pro-vibe-3-octaves-valise-lames
7817	pupitres-musiciens	pupitres	lot-de-20-pupitres-pliants-voyager-manhasset
7818	claviers	xylophones	xylophone-d-etude-rythmes-sons-3-octaves-1-2
7819	timbales	classiques	jeu-de-2-timbales-adams-symphonic
7820	timbales	classiques	lot-de-2-timbales-adams-professionel
7821	timbales	classiques	jeu-de-2-timbales-adams-universel-29-pouces-26-pouces
7822	pupitres-musiciens	pupitres-chef-orchestre	pupitre-rythmes-sons-avec-eclairage-integre
7823	chaises-musiciens	chaises-pliantes	chaise-pliante-finition-polypropylene
7824	chaises-public	chaises-pliantes	chaise-pliante-en-polypropylene
7825	chaises-musiciens	chaises-pliantes	chaise-pliante-finition-tissu-anthracite
7826	chaises-public	chaises-pliantes	chaise-pliante-finition-tissu
7862	instruments-peaux	tambourins-et-hand-drums	tambourin-black-swamp-d10pouces-26cm-tc1-chrome-bronze
7863	instruments-peaux	tambourins-et-hand-drums	tambourin-black-swamp-d10pouces-26cm-td1-chrome-25
7864	instruments-peaux	tambourins-et-hand-drums	tambourin-black-swamp-d10pouces-26cm-td3-argent
7865	chaises-musiciens	chaises-chef-orchestre	chaise-haute-fixe-rythmes-sons
7866	chaises-musiciens	chaises-percussionnistes	chaise-haute-fixe-rythmes-sons-pour-percussionniste
7866	chaises-musiciens	chaises-regisseur-technicien	chaise-haute-fixe-rythmes-sons-pour-percussionniste
7867	chaises-musiciens	chaises-contrebassiste	chaise-haute-fixe-rythmes-sons-pour-contrebassiste
7868	chaises-musiciens	chaises-chef-orchestre	chaise-haute-multifonctions-rythmes-sons
7869	chaises-musiciens	chaises-percussionnistes	chaise-orchestre-multi-reglable-rythmes-sons-assise-carre
7869	chaises-musiciens	chaises-regisseur-technicien	chaise-orchestre-multi-reglable-rythmes-sons-assise-carre
7870	timbales	peaux-de-rechange	peau-blanche-remo-pour-timbale-premier-elite-32-pouces-
7871	chaises-musiciens	chaises-contrebassiste	chaise-2-reposes-pieds-tubulaires-rythmes-sons-pour-contrebassiste
7872	pupitres-musiciens	pupitres-chef-orchestre	pupitre-rythmes-sons-90x60-cm-embase-plate
7873	pupitres-musiciens	pupitres-chef-orchestre	pupitre-rythmes-sons-70x50-cm-embase-plate
7874	pupitres-musiciens	pupitres-chef-orchestre	pupitre-rythmes-sons-70x50-cm-embase-5-branches
7875	pupitres-musiciens	pupitres-chef-orchestre	pupitre-rythmes-sons-70x50-cm-embase-pliante
7876	flight-cases-instruments	flightcases-accessoires	800x600xh800-flight-case-openroad-bacs-et-etagere-amovibles-accessoires
7886	timbales	philharmoniques	adams-schnellar-32-pouces-dresden-a-cremaillere
7888	flight-cases-instruments	flightcases-percussions-peaux	flight-case-toms-6-pouces-8-pouces-10-pouces-14-pouces-15-pouces-pieds
7889	flight-cases-instruments	flightcases-percussions-peaux	flight-case-pour-toms-12-pouces-13-pouces-16-pouces
7890	claviers	sacs-de-transport	housses-transport-musser-vibraphone-m55
7892	timbales	philharmoniques	adams-schnellar-29-pouces-dresden-a-cremaillere
7893	timbales	philharmoniques	adams-schnellar-26-pouces-dresden-a-cremaillere
7894	timbales	philharmoniques	adams-schnellar-23-pouces-dresden-a-cremaillere
7895	timbales	philharmoniques	adams-schnellar-20-pouces-dresden-a-cremaillere
7904	baguettes	maillets-mailloches	mailloches-grosse-caisse-adams-roller-double-tete-l-unite
7905	instruments-peaux	tambourins-et-hand-drums	tambourin-meinl-demi-lune-noir-avec-attache
7909	timbales	accessoires	sac-de-transport-timbale-adams-universal-20pouces
7912	claviers	xylophones	xylophone-concorde-6002ga-4-octaves-palissandre
7913	claviers	sacs-de-transport	sacs-de-transport-peter-marimba-yamaha-6000-5-octaves
7917	eclairages-pour-pupitres-de-musiciens	lampes-de-pupitre	mini-eclairage-koenig-meyer-km-a-led
7918	claviers	xylophones	xylophone-concorde-8002ga-4-octaves-palissandre
7924	instruments-peaux	grosses-caisses	grosse-caisse-de-concert-cadeson-26-pouces-x20-pouces-peau-synthetique
7925	instruments-peaux	cooldrums-boobams	jeu-de-3-rototoms-6-pouces-8-pouces-et-10-pouces-cadeson-stand
7926	instruments-peaux	cooldrums-boobams	jeu-de-2-rototoms-12-pouces-et-14-pouces-cadeson-stand
7927	instruments-peaux	cooldrums-boobams	rototom-16-pouces-cadeson-stand
7928	instruments-peaux	cooldrums-boobams	rototom-18-pouces-cadeson-stand
7940	supports-pour-instruments-de-musique	instruments-vent	stand-koenig-meyer-cimbasso-contrebasson
7942	claviers	xylophones	xylophone-yamaha-yx-500r-modele-professionnel
7943	claviers	marimbas	marimba-saito-msk5500-5-octaves
7944	claviers	marimbas	marimba-saito-ms60r-4-octaves-1-3-palissandre
7946	claviers	marimbas	marimba-saito-ms55p-4-octaves-1-3-padouk
7947	claviers	xylophones	xylophone-saito-sx90-4-octaves-palissandre
7948	claviers	vibraphones	vibraphone-saito-vs-4000dc-4-octaves-1-3
7949	claviers	vibraphones	vibraphone-saito-vs-4000dc-4-octaves
7950	claviers	vibraphones	vibraphone-saito-vs-1500dc-3-octaves
7951	claviers	vibraphones	vibraphone-saito-vs-180dc-3-octaves
7952	claviers	glockenspiels	glockenspiel-saito-d4-2-octaves-1-2-fa5-do8
7953	claviers	glockenspiels	glockenspiel-saito-sg100-pro-set-2-octaves-1-2-fa5-do8
7956	instruments-peaux	tambourins-et-hand-drums	tambourin-cadeson-10-pouces-25-cm-style-egyptien
7957	metaux	triangles-chimes	wind-chimes-bambou-cadeson-16-barres-bambou
7958	baguettes	etuis-baguettes	etui-a-baguettes-cadeson-petit-modele
7959	baguettes	etuis-baguettes	etui-a-baguettes-cadeson-grand-modele
7960	portiques-supports-accessoires	supports-instruments	stand-cadeson-pour-bongo
7961	claviers	eveil-musical	jeu-de-8-lames-bois-basse-s-resonateurs
7962	claviers	eveil-musical	jeu-de-8-lames-bois-alto-s-resonateurs
7963	claviers	eveil-musical	jeu-de-8-lames-bois-soprano-s-resonateurs
7964	claviers	eveil-musical	jeu-de-8-lames-alu-basse-s-resonateurs
7965	claviers	eveil-musical	jeu-de-8-lames-alu-alto-s-resonateurs
7966	claviers	eveil-musical	jeu-de-8-lames-alu-soprano-s-resonateurs
7967	claviers	eveil-musical	xylophone-cadeson-basse-do3-la4
7968	claviers	eveil-musical	xylophone-cadeson-alto-do4-la5
7969	claviers	eveil-musical	xylophone-cadeson-soprano-do5-la6
7970	claviers	eveil-musical	metallophone-cadeson-basse-do3-la4
7971	claviers	eveil-musical	metallophone-cadeson-alto-do4-la5
7972	claviers	eveil-musical	metallophone-cadeson-soprano-do5-la6
7973	bois	polyblocks-et-temple-blocks	jeu-de-6-ebony-blocks-cadeson-accordes-chassis-2-niveaux
7974	instruments-effets	shakers-cherekes-et-maracas	shaker-cadeson-sandwich-cymbalettes-3-niv-cymbalettes
7975	instruments-peaux	sets-instruments-peaux	pack-d-idiophones-cadeson
7976	portiques-supports-accessoires	supports-instruments	stand-cadeson-pour-pack-multi-percussion
7977	portiques-supports-accessoires	supports-instruments	arbre-a-cymbales-cadeson
7978	portiques-supports-accessoires	supports-instruments	support-cadeson-pour-cymbales-frappees
7983	metaux	triangles-chimes	jeu-de-8-battes-de-triangle-cadeson-etui
7984	instruments-peaux	sets-instruments-peaux	pack-d-idiophones-accessoires
7985	bois	sets-instruments-bois	pack-d-idiophones-bois
7986	metaux	cymbales	pack-d-idiophone-metaux
7987	instruments-peaux	sets-instruments-peaux	pack-d-idiophones-peaux
8005	portiques-supports-accessoires	supports-instruments	pied-de-caisse-claire-double-embase
8006	chaises-musiciens	chaises-pliantes	chaise-pliante-agil
8007	timbales	classiques	jeu-de-2-timbales-adams-universel-29-pouces-26-pouces-housse
8008	timbales	classiques	jeu-de-2-timbales-adams-symphonic-housse
8009	chaises-musiciens	chaises-pliantes	lot-de-20-chaises-agil-pliantes
8020	metaux	cymbales	cymbal-istanbul-agop-serie-special-edition-jazz-ride-d20pouces
8021	metaux	cymbales	cymbal-istanbul-agop-serie-special-edition-jazz-ride-22-pouces
8023	eclairages-pour-pupitres-de-musiciens	lampes-de-pupitre	eclairage-led-professionnel-rythmes-sons-18-led-2900degresk-ancien-modele
8024	eclairages-pour-pupitres-de-musiciens	lampes-de-pupitre	eclairage-led-professionnel-rythmes-sons-18-led-3400degresk-ancien-modele
8027	instruments-effets	shakers-cherekes-et-maracas	maracas-meinl-plastique
8054	eclairages-pour-pupitres-de-musiciens	lampes-de-pupitre	mini-eclairage-duet2-pouces-mighty-bright-a-led
8066	claviers	xylophones	xylophone-yamaha-yx-135-modele-conservatoire-3-octaves-1-2
8067	claviers	xylophones	xylophone-d-etude-yamaha-yx-30g-3-octaves
8069	tabourets-banquettes-musiciens	banquettes-musiciens	banquette-de-piano-avec-coussin-simili-cuir
8093	metaux	cymbales	cymbales-sabian-hhx-new-symphonic-viennoise-18-pouces
8105	eclairages-pour-pupitres-de-musiciens	lampes-de-pupitre	eclairage-led-professionnel-rythmes-sons-24-led-2900degresk-ancien-modele
8117	bois	cajons	bazoomba-bois-naturel
8118	bois	cajons	bazoomba-noir
8119	claviers	sacs-de-transport	housses-transport-vibraphone-yamaha-yv-2700
8120	instruments-peaux	tambourins-et-hand-drums	tambourin-black-swamp-d10pouces-26cm-td4-beryllium-cuivre
8125	flight-cases-instruments	flightcases-claviers	lot-de-4-flight-cases-pour-marimba-yamaha-5100a-demonte
8127	pupitres-musiciens	pupitres	lot-de-12-pupitres-manhasset-symphony-simples-rebords
8131	pupitres-musiciens	pupitres	lot-de-12-pupitres-manhasset-harmony
8133	instruments-peaux	peaux-de-rechange	peau-remo-renaissance-pour-tom-20-pouces
8137	timbales	classiques	premier-elite-30pouces-cuivre-lisse-parabolique
8148	flight-cases-instruments	flightcases-claviers	lot-de-4-flight-cases-pour-marimba-adams-ahc5-ahv5-demonte
8152	flight-cases-instruments	flightcases-claviers	lot-de-3-flight-cases-marimba-concorde-8001-demonte
8156	flight-cases-instruments	flightcases-claviers	lot-de-3-flight-cases-pour-marimba-concorde-6001-demonte
8161	flight-cases-instruments	flightcases-timbales	flight-case-pour-timbale-adams-symphonic-32-pouces
8163	flight-cases-instruments	flightcases-claviers	lot-de-3-flight-cases-pour-marimba-adams-mchv-mcpv-demonte
8164	flight-cases-instruments	flightcases-claviers	lot-de-3-flight-cases-marimba-adams-mshv-mspv-demonte
8170	flight-cases-instruments	flightcases-claviers	lot-de-5-flight-cases-pour-marimba-concorde-8000-demonte
8172	flight-cases-instruments	flightcases-claviers	lot-de-5-flight-cases-pour-marimba-concorde-8000r-demonte
8174	flight-cases-instruments	flightcases-claviers	lot-de-5-flight-cases-pour-marimba-concorde-7000-demonte
8175	metaux	triangles-chimes	jeu-de-6-battes-de-triangle-grover-standard-tb-s-alloy-303
8179	flight-cases-instruments	flightcases-claviers	flight-case-pour-xylophone-adams-xchv-demonte
8180	claviers	marimbas	marimba-d-etude-adams-solist-academy-3-octaves
8182	flight-cases-instruments	flightcases-claviers	lot-de-3-flight-cases-pour-vibraphone-musser-m55-demonte
8183	flight-cases-instruments	flightcases-claviers	flight-case-pour-vibraphone-musser-m55-assemble
8184	flight-cases-instruments	flightcases-claviers	flight-case-pour-vibraphone-yamaha-4110-4-oct-assemble
8187	flight-cases-instruments	flightcases-claviers	lot-de-2-flight-cases-pour-vibraphone-yamaha-4110-demonte
8188	flight-cases-instruments	flightcases-claviers	lot-de-2-flight-cases-pour-vibraphone-yamaha-3910-demonte
8189	flight-cases-instruments	flightcases-claviers	flight-case-pour-vibraphone-yamaha-3910-3-oct-1-2-assemble
8190	flight-cases-instruments	flightcases-claviers	flight-case-pour-vibraphone-adams-artist-3-oct-assemble
8191	flight-cases-instruments	flightcases-claviers	flight-case-pour-vibraphone-adams-solist-3-oct-assemble
8192	flight-cases-instruments	flightcases-claviers	flight-case-pour-vibraphone-adams-concert-3-oct-assemble
8196	flight-cases-instruments	flightcases-claviers	lot-de-3-flight-cases-pour-vibraphone-yamaha-2700-demonte
8200	flight-cases-instruments	flightcases-claviers	flight-case-pour-vibraphone-yamaha-2700-3-oct-assemble
8203	flight-cases-instruments	flightcases-claviers	flight-case-pour-vibraphone-yamaha-1600-3-oct-assemble
8204	timbales	classiques	yamaha-serie-3100-32-pouces-aluminium
8205	timbales	classiques	yamaha-serie-3100-29-pouces-aluminium
8206	timbales	classiques	yamaha-serie-3100-26-pouces-aluminium
8207	timbales	classiques	yamaha-serie-3100-23-pouces-aluminium
8208	instruments-peaux	tambourins-et-hand-drums	kanjira-remo-7-pouces-18-cm-accordable
8209	portiques-supports-accessoires	attaches	support-de-triangle-cadeson-avec-2-battes-digitales
8210	metaux	crotales	jeu-de-crotales-zildjian-octave-grave-do-do-accord-en-440
8211	metaux	crotales	jeu-de-crotales-zildjian-octave-aigue-do-do-accord-440
8212	flight-cases-instruments	flightcases-claviers	flight-case-cloche-tubes-adams-standard
8214	timbales	classiques	adams-professionnel-generation-ii-32-pouces-cuivre-martele-parabolique
8215	timbales	classiques	adams-professionnel-generation-ii-29-pouces-cuivre-martele-parabolique
8216	timbales	classiques	adams-professionnel-generation-ii-26-pouces-cuivre-martele-parabolique
8217	timbales	classiques	adams-professionnel-generation-ii-23-pouces-cuivre-martele-parabolique
8218	timbales	classiques	adams-professionnel-generation-ii-20-pouces-cuivre-martele-parabolique
8219	timbales	classiques	adams-professionnel-generation-ii-32-pouces-cuivre-lisse-parabolique
8220	timbales	classiques	adams-professionnel-generation-ii-29-pouces-cuivre-lisse-parabolique
8221	timbales	classiques	adams-professionnel-generation-ii-26-pouces-cuivre-lisse-parabolique
8222	timbales	classiques	adams-professionnel-generation-ii-23-pouces-cuivre-lisse-parabolique
8223	timbales	classiques	adams-professionnel-generation-ii-20-pouces-cuivre-lisse-parabolique
8224	timbales	classiques	adams-professionnel-generation-ii-32-pouces-fibre-de-verre
8225	timbales	classiques	adams-professionnel-generation-ii-29-pouces-fibre-de-verre
8226	timbales	classiques	adams-professionnel-generation-ii-26-pouces-fibre-de-verre
8227	timbales	classiques	adams-professionnel-generation-ii-23-pouces-fibre-de-verre
8228	timbales	classiques	adams-professionnel-generation-ii-20-pouces-fibre-de-verre
8229	claviers	marimbas	marimba-marimba-one-serie-izzy-4-octaves-2-3
8230	claviers	marimbas	marimba-marimba-one-serie-3000-5-octaves
8231	instruments-peaux	grosses-caisses	grosse-caisse-de-concert-yamaha-40-x-22-modele-cb-840c
8232	instruments-peaux	grosses-caisses	stand-a-roulettes-yamaha-pour-grosse-caisse-cb-840c
8237	instruments-peaux	djembes-darboukas-tablas	darbouka-8-pouces-egyptienne-ethnik-sound-modele-zebre-noir-sable
8238	instruments-peaux	djembes-darboukas-tablas	darbouka-8-pouces-egyptienne-ethnik-sound-modele-ecaille-antique
8239	flight-cases-instruments	flightcases-claviers	flight-case-pour-glockenspiel-yamaha-2005
8240	flight-cases-instruments	flightcases-claviers	flight-cases-pour-glock-musser-m645-etui
8241	flight-cases-instruments	flightcases-claviers	flight-case-pour-glockenspiel-adams-artist-voyager
8242	metaux	triangles-chimes	bar-chimes-sonor-36-barres-laiton-avec-stand
8243	bois	cajons	cajon-de-gregorio-modele-bravo-red-makassar
8244	bois	cajons	cajon-de-gregorio-modele-yaqui-rosewood
8245	bois	cajons	cajon-de-gregorio-modele-chanela-noir
8246	tabourets-banquettes-musiciens	banquettes-musiciens	banquette-de-piano-coussin-tissu-koenig-meyer-14086
8247	instruments-peaux	djembes-darboukas-tablas	udu-ats-avec-tambour-peau-animale
8248	instruments-peaux	djembes-darboukas-tablas	udu-ats-avec-cloche-et-tambour
8249	instruments-peaux	djembes-darboukas-tablas	udu-ats-double-avec-cloche-et-tambour
8250	instruments-peaux	djembes-darboukas-tablas	udu-ats-soucoupe-avec-double-tambour-et-cloche
8262	timbales	peaux-de-rechange	peau-remo-standard-pour-timbale-premier-elite-32-pouces
8263	timbales	peaux-de-rechange	peau-remo-standard-pour-timbale-premier-elite-30-pouces
8264	timbales	peaux-de-rechange	peau-remo-standard-pour-timbale-premier-elite-28-pouces
8265	timbales	peaux-de-rechange	peau-remo-standard-pour-timbale-premier-elite-25-pouces
8266	timbales	peaux-de-rechange	peau-remo-standard-pour-timbale-premier-elite-22-5-pouces
8267	timbales	peaux-de-rechange	peau-remo-standard-pour-timbale-premier-32-pouces-sauf-elite
8268	timbales	peaux-de-rechange	peau-remo-standard-pour-timbale-premier-30-pouces-sauf-elite
8269	timbales	peaux-de-rechange	peau-remo-standard-pour-timbale-premier-28-pouces-sauf-elite
8270	timbales	peaux-de-rechange	peau-remo-standard-pour-timbale-premier-25-pouces-sauf-elite
8271	timbales	peaux-de-rechange	peau-remo-standard-pour-timbale-premier-22-5-pouces-sauf-elite
8272	timbales	peaux-de-rechange	peau-remo-standard-pour-timbale-adams-32-pouces
8273	timbales	peaux-de-rechange	peau-remo-standard-pour-timbale-adams-29-pouces
8274	timbales	peaux-de-rechange	peau-remo-standard-pour-timbale-adams-26-pouces
8275	timbales	peaux-de-rechange	peau-remo-standard-pour-timbale-adams-23-pouces
8276	timbales	peaux-de-rechange	peau-remo-standard-pour-timbale-adams-20-pouces
8277	portiques-supports-accessoires	chassis	chassis-de-luxe-noir-zildjian-pour-otave-grave-de-crotales
8278	portiques-supports-accessoires	chassis	chassis-de-luxe-noir-zildjian-pour-otave-aigue-de-crotales
8281	eclairages-pour-pupitres-de-musiciens	lampes-de-pupitre	lot-de-20-eclairages-12260-pouces-koenig-meyer-km
8282	timbales	classiques	lot-de-2-timbales-adams-revolution-cuivre-martele-parabolique-26-et-29-pouces
8283	baguettes	musiciens	baguettes-adams-van-sice-r2-la-paire
8284	eclairages-pour-pupitres-de-musiciens	accessoires	ampoule-a-led-blanche-3w-240v-e14
8286	metaux	gongs-tam-tams	tam-tam-chinois-135-cm
8287	metaux	gongs-tam-tams	tam-tam-chinois-140-cm
8303	eclairages-pour-pupitres-de-musiciens	lampes-de-pupitre	eclairage-led-professionnel-rythmes-sons-24-led-3400degresk-ancien-modele
8305	claviers	xylophones	xylophone-adams-artist-voyager-4-octavec-palissandre
8306	instruments-peaux	grosses-caisses	grosse-caisse-de-concert-yamaha-40-pouces-x22-pouces-modele-cb-840c-stand-modele-bs840c
8319	claviers	sacs-de-transport	housses-de-transport-yamaha-vibraphone-yv-3910
8321	claviers	cloches-tubes	extension-cloches-tubes-adams-synphonic-chrome-1-2-octave
8326	metaux	gongs-tam-tams	tam-tam-chinois-plat-fen-luo-60-cm
8327	flight-cases-instruments	flightcases-cordes	flight-case-pour-contrebasse-isotherme-cordes-vers-le-fond
8337	metaux	crotales	une-paire-de-crotales-tibetaines-6-cm
8338	metaux	crotales	une-paire-de-crotales-tibetaines-7-5-cm
8339	produits-acoustiques-pour-musiciens	reflecteurs-acoustiques	housse-pour-ecrans-acoustiques-clearsonic-h122-cm
8340	portiques-supports-accessoires	supports-instruments	arbre-a-cymbales-zildjian-pour-12-cymbales
8348	produits-acoustiques-pour-musiciens	reflecteurs-acoustiques	ecran-acoustique-hauteur-168-cm-5-vantaux
8356	eclairages-pour-pupitres-de-musiciens	lampes-de-pupitre	transformateur-pour-eclairage-a-led-mighty-bright
8403	metaux	cloches-vache-cencerros-cloche-latines	cloche-agogo-a-2-cloches-chrome
8408	metaux	triangles-chimes	triangle-gope-15-cm-avec-batte
8409	metaux	triangles-chimes	triangle-gope-20-cm-avec-batte
8410	metaux	triangles-chimes	triangle-gope-25-cm-avec-batte
8411	metaux	triangles-chimes	triangle-gope-30-cm-avec-batte
8425	chaises-musiciens	accessoires	housse-de-protection-chariot-ref-chr-5110-22
8436	chaises-musiciens	chaises-percussionnistes	chaise-multireglages-rythmes-sons
8444	instruments-peaux	toms-de-concert	tom-melodique-yamaha-6-pouces-1-peau
8445	instruments-peaux	toms-de-concert	tom-melodique-yamaha-8-pouces-1-peau
8446	instruments-peaux	toms-de-concert	tom-melodique-yamaha-10-pouces-1-peau
8447	instruments-peaux	toms-de-concert	tom-melodique-yamaha-12-pouces-1-peau
8448	instruments-peaux	toms-de-concert	tom-melodique-yamaha-13-pouces-1-peau
8449	instruments-peaux	toms-de-concert	tom-melodique-yamaha-14-pouces-1-peau
8450	instruments-peaux	toms-de-concert	tom-melodique-yamaha-15-pouces-1-peau
8451	instruments-peaux	toms-de-concert	tom-melodique-yamaha-16-pouces-1-peau
8452	portiques-supports-accessoires	supports-instruments	stand-yamaha-double-embase-pour-2-toms-de-concert
8464	claviers	sacs-de-transport	housse-antipoussiere-yamaha-marimba-5100a
8465	metaux	cymbales	cymbale-de-batterie-sabian-serie-hhx-jazz-ride-20-pouces
8469	supports-pour-instruments-de-musique	support-planche-de-pique-contrebasse-violoncelle	planche-de-pic-triangulaire-rs-en-hetre-vernis
8470	supports-pour-instruments-de-musique	support-planche-de-pique-contrebasse-violoncelle	planche-de-pic-triangulaire-rs-en-polypropylene-noir
8472	eclairages-pour-pupitres-de-musiciens	lampes-de-pupitre	bloc-prise-4x2p
8476	eclairages-pour-pupitres-de-musiciens	eclairages-professionnels-led	eclairage-notelight-rythmes-sons-petit-modele
8477	eclairages-pour-pupitres-de-musiciens	accessoires	unite-d-alimentation-dmx-dali-0-10v-pour-80-eclairages-rythmes-sons-a-led-professionel
8478	eclairages-pour-pupitres-de-musiciens	accessoires	cable-de-distribution-pour-10-eclairages-led-rs
8479	eclairages-pour-pupitres-de-musiciens	eclairages-professionnels-led	eclairage-notelight-rythmes-sons-18-led-3400-degres
8480	eclairages-pour-pupitres-de-musiciens	eclairages-professionnels-led	eclairage-notelight-rythmes-sons-grand-modele
8481	eclairages-pour-pupitres-de-musiciens	eclairages-professionnels-led	eclairage-notelight-rythmes-sons-24-led-3400-degres
8482	eclairages-pour-pupitres-de-musiciens	accessoires	rallonge-en-y-24v-2-sorties-1-ml
8483	eclairages-pour-pupitres-de-musiciens	accessoires	prolongateur-pour-cable-de-distribution-rs-24v
8484	eclairages-pour-pupitres-de-musiciens	accessoires	bloc-batterie-pour-1-eclairage-rythmes-sons-professionel-a-led
8498	eclairages-pour-pupitres-de-musiciens	lampes-de-pupitre	eclairagehammer-head-mighty-bright-a-led
8501	instruments-peaux	tambourins-et-hand-drums	tambourin-td2-bronze-phospohre-black-swamp-2-rangees-cymbalettes-d10pouces-26cm
8503	instruments-peaux	cooldrums-boobams	boo-bam-6pouces-occasion
8510	claviers	marimbas	marimba-marimba-one-serie-4000-basso-bravo-clavier-enhanced-5-octaves
8511	claviers	sacs-de-transport	sacs-de-transport-marimba-one-marimba-marimba-one-5-octaves
8512	eclairages-pour-pupitres-de-musiciens	accessoires	transformateur-graduable-pour-1-eclairage-a-led-rs
8513	eclairages-pour-pupitres-de-musiciens	accessoires	transformateur-non-graduable-pour-1-eclairage-a-led-rs
8514	eclairages-pour-pupitres-de-musiciens	accessoires	chargeur-pour-5-blocs-batterie-li-ion-24v
8515	eclairages-pour-pupitres-de-musiciens	accessoires	chargeur-pour-1-bloc-batterie-li-ion-24v
8518	instruments-peaux	bongos-congas-et-timbales-latines	tumba-lp-accents-12-pouces-1-2-serie-armando-peraza
8519	instruments-peaux	bongos-congas-et-timbales-latines	tumba-lp-accents-11-pouces-3-4-serie-armando-peraza
8520	instruments-peaux	bongos-congas-et-timbales-latines	tumba-lp-accents-11-pouces-serie-armando-peraza
8521	instruments-peaux	bongos-congas-et-timbales-latines	tumba-lp-accents-9-pouces-3-4-serie-armando-peraza
8522	timbales	baroques	adams-baroque-26-pouces-manette-d-accord-centrale
8523	timbales	baroques	adams-baroque-23-pouces-manette-d-accord-centrale
8524	claviers	glockenspiels	glockenspiel-concorde-g8001-3-octaves-1-2-do5-fa8
8525	timbales	classiques	adams-symphonic-ii-32-pouces-cuivre-lisse-parabolique
8526	timbales	classiques	adams-symphonic-ii-29-pouces-cuivre-lisse-parabolique
8527	timbales	classiques	adams-symphonic-ii-26-pouces-cuivre-lisse-parabolique
8528	timbales	classiques	adams-symphonic-ii-23-pouces-cuivre-lisse-parabolique
8529	timbales	classiques	adams-symphonic-ii-20-pouces-cuivre-lisse-parabolique
8530	timbales	classiques	adams-symphonic-ii-32-pouces-cuivre-martele-parabolique
8531	timbales	classiques	adams-symphonic-ii-29-pouces-cuivre-martele-parabolique
8532	timbales	classiques	adams-symphonic-ii-26-pouces-cuivre-martele-parabolique
8533	timbales	classiques	adams-symphonic-ii-23-pouces-cuivre-martele-parabolique
8534	timbales	classiques	adams-symphonic-ii-20-pouces-cuivre-martele-parabolique
8535	timbales	classiques	adams-symphonic-ii-32-pouces-cuivre-martele-profond
8536	timbales	classiques	adams-symphonic-ii-29-pouces-cuivre-martele-profond
8537	timbales	classiques	adams-symphonic-ii-26-pouces-cuivre-martele-profond
8538	timbales	classiques	adams-symphonic-ii-23-pouces-cuivre-martele-profond
8539	timbales	classiques	adams-symphonic-ii-20-pouces-cuivre-martele-profond
8541	claviers	xylophones	xylophone-studio-49-concert-3-octaves-1-2-modele
8542	claviers	xylophones	xylophone-studio-49-concert-4-octaves
8543	claviers	sacs-de-transport	housses-transport-adams-vibraphone-artist
8544	tabourets-banquettes-musiciens	banquettes-musiciens	banquette-de-piano-a-usage-professionel-uplift-revetement-simili-cuir
8545	flight-cases-instruments	flightcases-claviers	flight-case-pour-glockenspiel-concorde-8001
8551	chaises-musiciens	chaises-percussionnistes	chaise-wenger-h47cm-pour-etudiant
8552	pupitres-musiciens	accessoires	extension-noire-rs-pour-plateau-de-pupitre
8553	pupitres-musiciens	pupitres	pupitre-pliant-koenig-meyer-km-avec-plateau-a-trous
8554	chariots-de-transport	flightcases-pupitres	flight-case-rythmes-sons-pour-12-pupitres-pliants-noir-km
8555	tabourets-banquettes-musiciens	banquettes-musiciens	banquette-de-piano-koenig-meyer-km-a-usage-professionel-uplift-revetement-tissu
8557	instruments-peaux	peaux-de-rechange	peau-evans-emad2-grosse-caisse-de-batterie-d22pouces
8558	chaises-musiciens	chaises-timbalier	chaise-haute-multifonctions-avec-assise-triangulaire-rythmes-sons-pour-percussionniste
8558	chaises-musiciens	chaises-percussionnistes	chaise-haute-multifonctions-avec-assise-triangulaire-rythmes-sons-pour-percussionniste
8559	supports-pour-instruments-de-musique	instruments-vent	support-hercules-trompettes-ou-cornet-et-bugle
8560	pupitres-musiciens	pupitres	pupitre-pliant-koenig-meyer-km-avec-plateau-plein
8562	chariots-de-transport	eclairages-pupitres	flight-case-30-eclairages-24-led-rs
8565	chaises-musiciens	chaises-pliantes	lot-de-20-chaises-pliantes-flight-case
8565	chaises-public	chaises-pliantes	lot-de-20-chaises-pliantes-flight-case
8566	pupitres-musiciens	pupitres	lot-de-12-pupitres-pliants-koenig-meyer-km-plateau-plein-flight-case
8567	eclairages-pour-pupitres-de-musiciens	lampes-de-pupitre	lot-de-20-eclairages-hammer-head-mighty-bright-a-led
8573	timbales	classiques	adams-revolution-32-pouces-cuivre-lisse-parabolique
8574	timbales	classiques	adams-revolution-29-pouces-cuivre-lisse-parabolique
8575	timbales	classiques	adams-revolution-26-pouces-cuivre-lisse-parabolique
8576	timbales	classiques	adams-revolution-23-pouces-cuivre-lisse-parabolique
8577	timbales	classiques	adams-revolution-20-pouces-cuivre-lisse-parabolique
8579	baguettes	maillets-mailloches	mailloche-tom-gauger-tg21-vic-firth-de-grosse-caisse
8582	baguettes	maillets-mailloches	mailloche-roller-tom-gauger-tg04-vic-firth-de-grosse-caisse
8584	metaux	triangles-chimes	jeu-de-3-battes-de-triangle-black-swamp
8585	eclairages-pour-pupitres-de-musiciens	accessoires	bloc-transformateur-gradable-d-alimentation
8586	baguettes	maillets-mailloches	maillet-grover-pm3-moyen
8587	baguettes	maillets-mailloches	maillet-grover-pm4-grand
8588	claviers	marimbas	marimba-adams-artist-alpha-5-octaves
8589	portiques-supports-accessoires	supports-instruments	pied-cymbale-perche-yamaha-cs655a
8592	metaux	triangles-chimes	jeu-de-4-battes-de-triangle-grover-tubulaires-deluxe-tb-td
8595	flight-cases-instruments	flightcases-percussions-peaux	etui-hardcase-hn12p-caisse-claire-12pouces
8596	flight-cases-instruments	flightcases-percussions-peaux	etui-hardcase-hn13s-caisse-claire-13pouces
8597	chaises-musiciens	chaises-pliantes	chaise-pliante-avec-poignee-de-prehension-finition-tissu-noir
8598	claviers	marimbas	marimba-musser-practice-3-octaves
8600	instruments-effets	shakers-cherekes-et-maracas	maracas-lp-plastique
8612	tabourets-banquettes-musiciens	sieges-batteurs	siege-de-batteur-gibraltar-9608
8613	portiques-supports-accessoires	portiques-gongs-tam-tams	portique-adams-gongs-modele-600
8616	claviers	sacs-de-transport	kit-adams-convertir-marimba-ahc5-ahc43
8616	claviers	marimbas	kit-adams-convertir-marimba-ahc5-ahc43
8621	instruments-peaux	caisses-claires-pads-tambours	caisse-claire-ludwig-super-sensitive-14-pouces-x5-pouces
8628	supports-pour-instruments-de-musique	chariot-support-de-soutien-harpe	chariot-universel-harpo-pour-harpe
8710	instruments-peaux	bongos-congas-et-timbales-latines	triple-bongos-lp-generation-iii-5-pouces-1-2-7-pouces-1-4-9-pouces
8712	metaux	cymbales	cymbale-suspendue-sabian-pour-orchestre-serie-artisan-18-pouces-46-cm
8713	metaux	cymbales	cymbale-suspendue-sabian-pour-orchestre-serie-artisan-16-pouces-41-cm
8717	metaux	gongs-tam-tams	gong-thailandais-21-cm
8718	metaux	gongs-tam-tams	gong-thailandais-24-cm
8720	metaux	gongs-tam-tams	gong-thailandais-36-cm
8721	metaux	gongs-tam-tams	gong-thailandais-39-cm
8722	metaux	gongs-tam-tams	gong-thailandais-42-cm
8723	metaux	gongs-tam-tams	gong-thailandais-61-cm
8737	claviers	sacs-de-transport	housses-de-transport-adams-xylophone-solist-voyager-4-octaves
8738	claviers	sacs-de-transport	housses-transport-adams-marimba-artist-van-sice-4-octaves-2-3
8745	flight-cases-instruments	flightcases-claviers	flight-case-celesta-schiedmayer-5-oct-1-2-compact
8746	claviers	marimbas	marimba-concorde-4003g-4-octaves-1-3
8748	metaux	triangles-chimes	jeu-de-3-paires-de-battes-de-triangle-chalklin-laiton
8749	metaux	triangles-chimes	jeu-de-4-paires-de-battes-de-triangle-chalklin-laiton
8750	metaux	triangles-chimes	jeu-de-3-paires-de-battes-de-triangle-chalklin-acier
8751	metaux	triangles-chimes	jeu-de-4-paires-de-battes-de-triangle-chalklin-acier
8755	instruments-peaux	sets-instruments-peaux	pack-d-idiophones-cadeson
8767	claviers	sacs-de-transport	housses-de-transport-adams-marimba-solist-4-oct-1-3
8769	metaux	gongs-tam-tams	tam-tam-paiste-56-cm
8770	metaux	gongs-tam-tams	tam-tam-paiste-66-cm
8775	portiques-supports-accessoires	supports-instruments	stand-koenig-meyer-km-en-x-pour-glockenspiel-et-xylophone-x1001
8809	metaux	cymbales	cymbales-sabian-hhx-synergy-heavy-18-pouces
8811	claviers	sacs-de-transport	housse-de-transport-adams-xylophone-etude-rythmes-sons-3-octaves-1-2
8813	claviers	xylophones	xylophone-adams-solist-voyager-3-octaves-1-2-palissandre
8816	baguettes	musiciens	baguettes-de-timbales-jg-percussion-jp4
8817	baguettes	musiciens	baguettes-de-timbales-jg-percussion-jp7
8818	baguettes	musiciens	baguettes-de-timbales-jg-percussion-jp8
8819	baguettes	musiciens	baguettes-de-timbales-jg-percussion-jp9
8820	baguettes	musiciens	baguettes-de-timbales-jg-percussion-jp10
8821	baguettes	musiciens	baguettes-de-timbale-jg-percussion-dh2
8822	baguettes	musiciens	baguettes-de-timbale-jg-percussion-dh5-ravel-debussy
8823	baguettes	musiciens	baguettes-timbales-jg-percussion-cl1-stravinsky
8824	portiques-supports-accessoires	supports-instruments	arbre-a-cymbale-zildjian-pour-24-cymbales
8838	baguettes	musiciens	baguettes-de-timbale-jg-percussion-dh1-mozart
8839	baguettes	musiciens	baguettes-de-timbale-jg-percussion-dh3-tchaikovsky
8840	baguettes	musiciens	baguettes-de-timbale-jg-percussion-dh4-medium-rollers
8841	claviers	vibraphones	vibraphone-adams-artist-3-octaves
8842	claviers	vibraphones	vibraphone-adams-concert-3-octaves-clavier-dore
8843	instruments-peaux	caisses-claires-pads-tambours	pack-etudiant
8844	instruments-peaux	toms-de-concert	tom-melodique-cadeson-gigogne-10-pouces-x5-pouces
8845	instruments-peaux	toms-de-concert	tom-melodique-cadeson-gigogne-12-pouces-x5-pouces
8846	instruments-peaux	toms-de-concert	tom-melodique-cadeson-gigogne-14-pouces-x5-pouces
8847	instruments-peaux	toms-de-concert	tom-melodique-cadeson-gigogne-16-pouces-x5-pouces
8848	instruments-peaux	toms-de-concert	tom-melodique-cadeson-gigogne-18-pouces-x8-pouces
8849	instruments-peaux	toms-de-concert	tom-melodique-cadeson-gigogne-22-pouces-x8-pouces
8850	portiques-supports-accessoires	supports-instruments	stand-cadeson-pour-1-tom-melodique-gigogne-10-pouces-a-16-pouces
8851	portiques-supports-accessoires	supports-instruments	stand-cadeson-pour-1-tom-melodique-gigogne-18-pouces-a-20-pouces
8852	portiques-supports-accessoires	supports-instruments	rack-cadeson-pour-2-toms-melodiques-gigognes
8853	portiques-supports-accessoires	supports-instruments	barre-additionnelle-pour-rack-cadeson
8854	portiques-supports-accessoires	supports-instruments	clamp-cadeson-pour-tige-de-tom-melodique-gigogne-18-pouces-a-20-pouces
8855	portiques-supports-accessoires	supports-instruments	clamp-cadeson-pour-tige-de-tom-melodique-gigogne-10-pouces-a-16-pouces
8856	portiques-supports-accessoires	supports-instruments	tige-cadeson-pour-tom-melodique-gigogne-10-pouces-a-16-pouces
8857	portiques-supports-accessoires	supports-instruments	tige-cadeson-pour-tom-melodique-gigogne-18-pouces-a-22-pouces
8864	baguettes	musiciens	baguettes-de-timbales-jg-percussion-hybride-hy29
8865	baguettes	musiciens	baguettes-de-timbales-jg-percussion-hybride-hy32
8866	baguettes	musiciens	baguettes-de-timbales-jg-percussion-hybride-hy35
8867	eclairages-pour-pupitres-de-musiciens	eclairages-professionnels-led	eclairage-notelight-rythmes-sons-12-led-2900-degres
8868	baguettes	musiciens	baguettes-de-timbales-jg-percussion-jp1
8871	claviers	eveil-musical	jeu-d-un-xylophone-et-d-un-metallophone-basse-cadeson
8872	claviers	eveil-musical	jeu-d-un-xylophone-et-d-un-metallophone-alto-cadeson
8873	claviers	eveil-musical	jeu-d-un-xylophone-et-d-un-metallophone-soprano
8874	claviers	eveil-musical	jeu-de-8-lames-bois-8-lames-aluminium-basse-cadeson
8875	claviers	eveil-musical	jeu-de-8-lames-bois-8-lames-aluminium-alto-cadeson
8876	claviers	eveil-musical	jeu-de-8-lames-bois-8-lames-aluminium-soprano-cadeson
8878	instruments-peaux	toms-de-concert	jeu-de-3-floor-toms-melodique-cadeson-14-pouces-16-pouces-et-18-pouces
8879	instruments-peaux	toms-de-concert	jeu-de-2-toms-basses-melodique-cadeson-20-pouces-et-22-pouces
8880	pupitres-musiciens	pupitres	lot-de-18-pupitres-manhasset-harmony
8882	metaux	cymbales	cymbales-sabian-aa-orchestre-viennoise-18-pouces-46-cm
8883	metaux	cymbales	cymbale-suspendue-sabian-pour-orchestre-serie-hhx-18-pouces-46-cm
8884	instruments-peaux	peaux-de-rechange	peau-remo-pinstripe-sablee-pour-tom-10-pouces
8885	instruments-peaux	peaux-de-rechange	peau-remo-pinstripe-sablee-pour-tom-13-pouces
8886	instruments-peaux	peaux-de-rechange	peau-remo-pinstripe-sablee-pour-tom-16-pouces
8887	instruments-peaux	peaux-de-rechange	peau-remo-pinstripe-transparente-pour-grosse-caisse-20-pouces
8888	instruments-peaux	peaux-de-rechange	peau-remo-pinstripe-transparente-pour-grosse-caisse-22-pouces
8889	portiques-supports-accessoires	supports-instruments	pack-gibraltar-5700pk
8889	portiques-supports-accessoires	pedales	pack-gibraltar-5700pk
8919	flight-cases-instruments	flightcases-timbales	flight-case-pour-timbale-adams-symphonic-29-pouces-peau
8920	flight-cases-instruments	flightcases-timbales	flight-case-pour-timbale-adams-symphonic-26-pouces
8921	flight-cases-instruments	flightcases-timbales	flight-case-pour-timbale-adams-symphonic-23-pouces
8922	flight-cases-instruments	flightcases-timbales	flight-case-pour-timbale-adams-symphonic-20-pouces
8923	flight-cases-instruments	flightcases-timbales	flight-case-pour-timbale-adams-professionnelle-20-pouces
8924	flight-cases-instruments	flightcases-timbales	flight-case-pour-timbale-adams-professionnelle-23-pouces
8925	flight-cases-instruments	flightcases-timbales	flight-case-pour-timbale-adams-professionnelle-26-pouces
8926	flight-cases-instruments	flightcases-timbales	flight-case-pour-timbale-adams-professionnelle-29-pouces-peau
8927	flight-cases-instruments	flightcases-timbales	flight-case-pour-timbale-adams-professionnelle-32-pouces
8928	flight-cases-instruments	flightcases-timbales	flight-case-pour-timbale-ringer-standard-20-pouces
8929	flight-cases-instruments	flightcases-timbales	flight-case-pour-timbale-ringer-standard-23-pouces
8930	flight-cases-instruments	flightcases-timbales	flight-case-pour-timbale-ringer-standard-26-pouces
8931	flight-cases-instruments	flightcases-timbales	flight-case-pour-timbale-ringer-standard-29-pouces-peau
8932	flight-cases-instruments	flightcases-timbales	flight-case-pour-timbale-ringer-standard-32-pouces
8933	flight-cases-instruments	flightcases-timbales	flight-case-pour-timbale-premier-elite-22-pouces
8934	flight-cases-instruments	flightcases-timbales	flight-case-pour-timbale-premier-elite-25-pouces
8935	flight-cases-instruments	flightcases-timbales	flight-case-pour-timbale-premier-elite-28-pouces
8936	flight-cases-instruments	flightcases-timbales	flight-case-pour-timbale-premier-elite-30-pouces-peau
8937	flight-cases-instruments	flightcases-timbales	flight-case-pour-timbale-premier-elite-32-pouces
8938	flight-cases-instruments	flightcases-timbales	flight-case-pour-timbale-adams-philarmonique-20-pouces-rampe
8939	flight-cases-instruments	flightcases-timbales	flight-case-pour-timbale-adams-philarmonique-23-pouces-rampe
8940	flight-cases-instruments	flightcases-timbales	flight-case-pour-timbale-adams-philarmonique-26-pouces-rampe
8941	flight-cases-instruments	flightcases-timbales	flight-case-pour-timbale-adams-philarmonique-29-pouces-rampe-peau
8942	flight-cases-instruments	flightcases-timbales	flight-case-pour-timbale-adams-philarmonique-32-pouces-rampe
8943	flight-cases-instruments	flightcases-timbales	flight-case-pour-timbale-premier-concert-22-pouces
8944	flight-cases-instruments	flightcases-timbales	flight-case-pour-timbale-premier-concert-25-pouces
8945	flight-cases-instruments	flightcases-timbales	flight-case-pour-timbale-premier-concert-28-pouces
8946	flight-cases-instruments	flightcases-timbales	flight-case-pour-timbale-premier-concert-30-pouces-peau
8947	flight-cases-instruments	flightcases-timbales	flight-case-pour-timbale-premier-concert-32-pouces
8948	flight-cases-instruments	flightcases-timbales	flight-case-pour-timbale-premier-pro-symphonic-22-pouces
8949	flight-cases-instruments	flightcases-timbales	flight-case-pour-timbale-premier-pro-symphonic-25-pouces
8950	flight-cases-instruments	flightcases-timbales	flight-case-pour-timbale-premier-pro-symphonic-28-pouces
8951	flight-cases-instruments	flightcases-timbales	flight-case-pour-timbale-premier-pro-symphonic-30-pouces-peau
8952	flight-cases-instruments	flightcases-timbales	flight-case-pour-timbale-premier-pro-symphonic-32-pouces
8953	flight-cases-instruments	flightcases-timbales	flight-case-pour-timbale-adams-philarmonique-20-pouces
8954	flight-cases-instruments	flightcases-timbales	flight-case-pour-timbale-adams-philarmonique-23-pouces
8955	flight-cases-instruments	flightcases-timbales	flight-case-pour-timbale-adams-philarmonique-26-pouces
8956	flight-cases-instruments	flightcases-timbales	flight-case-pour-timbale-adams-philarmonique-29-pouces-peau
8957	flight-cases-instruments	flightcases-timbales	flight-case-pour-timbale-adams-philarmonique-32-pouces
8958	flight-cases-instruments	flightcases-timbales	flight-case-pour-timbale-adams-universelle-20-pouces
8964	flight-cases-instruments	flightcases-timbales	flight-case-pour-timbale-adams-universelle-23-pouces
8965	flight-cases-instruments	flightcases-timbales	flight-case-pour-timbale-adams-universelle-26-pouces
8966	flight-cases-instruments	flightcases-timbales	flight-case-pour-timbale-adams-universelle-29-pouces-peau
8967	flight-cases-instruments	flightcases-timbales	flight-case-pour-timbale-adams-universelle-32-pouces
9053	chariots-de-transport	flightcases-chaises-orchestre	chariot-de-transport-pour-20-chaises-ref-sie-13xx
9059	metaux	cymbales	pack-de-cymbales-istanbul-xist
9062	instruments-peaux	djembes-darboukas-tablas	djembe-meinl-12-pouces-serie-headliner
9063	instruments-peaux	grosses-caisses	grosse-caisse-de-concert-adams-40-pouces-x18-pouces-peau-synthetique-reglable
9064	claviers	vibraphones	vibraphone-adams-solist-3-1-octaves-avec-moteur
9065	claviers	vibraphones	vibraphone-adams-concert-3-octaves-avec-moteur
9066	claviers	vibraphones	vibraphone-adams-concert-3-octaves
9070	claviers	celestas	celesta-schiedmayer-studio-5-octaves-1-2-do3-fa9
9071	claviers	celestas	celesta-schiedmayer-compact-5-octaves-1-2-do3-fa8
9072	claviers	celestas	celesta-schiedmayer-5-octaves-do3-fa8
9073	claviers	celestas	celesta-schiedmayer-5-octaves-fa3-fa8
9078	instruments-peaux	grosses-caisses	grosse-caisse-de-concert-adams-36-pouces-x18-pouces-peau-synthetique
9079	flight-cases-instruments	flightcases-percussions-peaux	etui-hardcase-hn14p-caisse-claire-piccolo-14pouces
9080	instruments-peaux	toms-de-concert	tom-melodique-yamaha-serie-ct-9000-2-peaux-6-6pouces-1-2
9081	instruments-peaux	toms-de-concert	tom-melodique-yamaha-serie-ct-9000-2-peaux-8-8pouces
9082	instruments-peaux	toms-de-concert	tom-melodique-yamaha-serie-ct-9000-2-peaux-10-9pouces
9083	instruments-peaux	toms-de-concert	tom-melodique-yamaha-serie-ct-9000-2-peaux-12-10pouces
9084	instruments-peaux	toms-de-concert	tom-melodique-yamaha-serie-ct-9000-2-peaux-13-10pouces1-2
9085	instruments-peaux	toms-de-concert	tom-melodique-yamaha-serie-ct-9000-2-peaux-14-11pouces
9086	instruments-peaux	toms-de-concert	tom-melodique-yamaha-serie-ct-9000-2-peaux-15-11pouces1-2
9087	instruments-peaux	toms-de-concert	tom-melodique-yamaha-serie-ct-9000-2-peaux-16-12pouces
9088	metaux	gongs-tam-tams	tam-tam-paiste-d127cm
9089	metaux	gongs-tam-tams	tam-tam-paiste-d152cm
9092	pupitres-musiciens	accessoires	chemise-de-choriste-portable-manhasset-1600
9095	claviers	sacs-de-transport	housses-de-transport-adams-marimba-concert-4-oct-1-3
9102	instruments-peaux	grosses-caisses	grosse-caisse-de-concert-adams-36-pouces-x18-pouces-peau-synthetique
9104	baguettes	maillets-mailloches	mailloche-concorde-b5-de-grosse-caisse-la-paire
9125	instruments-effets	cabassas-guiros-et-kokiriko	cabassa-lp-modele-standard
9126	instruments-effets	cabassas-guiros-et-kokiriko	cabassa-lp-modele-deluxe
9129	instruments-peaux	bongos-congas-et-timbales-latines	paire-de-bongos-meinl-headliner-6-pouces-3-4-8-pouces
9130	instruments-peaux	bongos-congas-et-timbales-latines	paire-de-bongos-meinl-headliner-6-pouces-1-2-7-pouces-1-2
9132	claviers	marimbas	marimba-concorde-6001g-4-octaves-1-3
9134	instruments-peaux	grosses-caisses	grosse-caisse-de-concert-adams-40-pouces-x18-pouces-peau-synthetique
9135	instruments-peaux	grosses-caisses	grosse-caisse-de-concert-adams-28-18pouces-peau-synthetique
9136	instruments-peaux	grosses-caisses	grosse-caisse-de-concert-adams-32-pouces-x18-pouces-peau-synthetique
9137	portiques-supports-accessoires	supports-instruments	stand-meinl-noir-pour-cymbales-frappees-avec-tablette-a-accessoires
9138	claviers	vibraphones	vibraphone-adams-artist-3-octaves
9139	claviers	vibraphones	vibraphone-adams-concert-3-octaves-avec-moteur
9141	bois	polyblocks-et-temple-blocks	jeu-de-9-temple-blocks-adams-accordes
9142	claviers	marimbas	marimba-marimba-one-serie-izzy-5-octaves
9143	claviers	vibraphones	vibraphone-adams-artist-alpha-3-octaves
9144	tabourets-banquettes-musiciens	sieges-batteurs	tabouret-de-batterie-yamaha-ds950
9145	chaises-musiciens	chaises-percussionnistes	chaise-haute-fixe-empilable-rythmes-sons-pour-percussionniste-chef-d-orchestre-ou-contrebassiste
9146	baguettes	musiciens	baguettes-mike-balter-artist-series-numero-46-manche-rotin-la-paire
9147	baguettes	musiciens	baguettes-mike-balter-universal-series-numero-183-la-paire
9148	baguettes	musiciens	baguettes-mike-balter-universal-series-numero-184-la-paire
9149	baguettes	musiciens	baguettes-mike-balter-t2-modele-staccato-manche-erable-la-paire
9150	baguettes	musiciens	baguettes-mike-balter-t3-modele-general-manche-erable-la-paire
9151	baguettes	musiciens	baguettes-mike-balter-t4-modele-legato-manche-erable-la-paire
9152	baguettes	musiciens	baguettes-mike-balter-unwood-series-numero-10a-manche-rotin-la-paire
9153	baguettes	musiciens	baguettes-mike-balter-sc1-pour-cymbales-suspendus
9154	baguettes	musiciens	baguettes-mike-balter-sc2-pour-cymbales-suspendus
9155	baguettes	musiciens	baguettes-mike-balter-numero-gl2-pour-glockenspiels-manche-rotin-la-paire
9156	baguettes	musiciens	baguettes-mike-balter-numero-gl6-manche-rotin-la-paire
9165	portiques-supports-accessoires	portiques-gongs-tam-tams	bergerault-slarg-portique-gongs-80cm
9172	claviers	vibraphones	vibraphone-musser-m55-pro-vibe-3-octaves-flight-case
9173	claviers	xylophones	xylophone-adams-solist-voyager-4-octaves-palissandre-flight-case
9174	timbales	classiques	jeu-de-2-timbales-adams-symphonic-ii-cuivre-lisse-parabolique-29-pouces-26-pouces
9175	timbales	classiques	jeu-de-2-timbales-adams-symphonic-ii-cuivre-lisse-parabolique-29-pouces-26-pouces-2-flight-cases
9176	timbales	classiques	jeu-de-2-timbales-adams-universel-29-pouces-26-pouces-etuis-de-transport
9177	claviers	cloches-tubes	cloches-tubes-adams-symphonic-laiton-chrome-1-octave-1-2-flight-case
9178	pupitres-musiciens	pupitres	lot-de-20-pupitres-symphony-manhasset
9182	claviers	vibraphones	vibraphone-musser-m55-pro-vibe-3-etuis-molletones
9189	instruments-peaux	djembes-darboukas-tablas	darbouka-egyptienne-ethnik-sound-aluminium-22-cm-modele-vinyl-couleur-creme
9190	eclairages-pour-pupitres-de-musiciens	eclairages-professionnels-led	bloc-d-alimentation-dmx-gradateur-pour-40-eclairages-rythmes-sons-a-led-professionel
9191	instruments-peaux	grosses-caisses	grosse-caisse-de-concert-adams-40-pouces-x18-pouces-peau-animale-reglable
9192	metaux	triangles-chimes	pack-1er-cycle
9193	metaux	triangles-chimes	pack-1er-cycle-darbouka
9194	instruments-peaux	bongos-congas-et-timbales-latines	pack-2eme-cycle
9218	portiques-supports-accessoires	supports-instruments	pied-de-caisse-claire-mapex
9219	instruments-effets	cabassas-guiros-et-kokiriko	guiro-meinl-fibre-forme-obus
9230	portiques-supports-accessoires	supports-instruments	pied-cymbale-perche-mapex-double-embase
9239	eclairages-pour-pupitres-de-musiciens	accessoires	cable-de-distribution-pour-20-eclairages-led-rs
9240	baguettes	maillets-mailloches	mailloche-ultra-staccato-tom-gauger-tg07-vic-firth-de-grosse-caisse
9241	baguettes	maillets-mailloches	mailloche-generale-tom-gauger-tg01-vic-firth-de-grosse-caisse
9242	baguettes	maillets-mailloches	mailloche-fortissimo-tom-gauger-tg06-vic-firth-de-grosse-caisse
9243	portiques-supports-accessoires	supports-instruments	meinl-thbs-bk-stand-bongos-headliner
9361	instruments-peaux	batteries	batterie-yamaha-stage-custom-birch-20-pouces
9362	flight-cases-instruments	flightcases-metaux	etui-hardcase-pour-cymbales-frappees-16-pouces
9365	portiques-supports-accessoires	supports-instruments	support-meinl-pour-chimes
9376	claviers	marimbas	marimba-adams-van-sice-5-octaves-flight-cases
9377	eclairages-pour-pupitres-de-musiciens	accessoires	prolongateur-pour-cable-de-distribution-rs-24v-10m
9395	claviers	marimbas	marimba-adams-artist-alpha-4-octaves-1-3
9410	timbales	classiques	yamaha-timbale-serie-3300-29pouces-aluminium
9411	timbales	classiques	yamaha-timbale-serie-3300-26pouces-aluminium
9434	instruments-peaux	peaux-de-rechange	peau-remo-emperor-transparentepour-tom-8-pouces
9435	instruments-peaux	peaux-de-rechange	peau-remo-emperor-transparente-pour-tom-10-pouces
9436	instruments-peaux	peaux-de-rechange	peau-remo-emperor-transparente-pour-tom-14-pouces
9437	instruments-peaux	peaux-de-rechange	peau-remo-emperor-transparente-pour-tom-16-pouces
9438	instruments-peaux	peaux-de-rechange	peau-remo-emperor-transparente-pour-tom-18-pouces
9440	instruments-peaux	peaux-de-rechange	peau-remo-pinstripe-sablee-pour-tom-08-pouces
9441	instruments-peaux	peaux-de-rechange	peau-remo-pinstripe-sablee-pour-tom-18-pouces
9445	pupitres-musiciens	pupitres	lot-de-6-pupitres-symphony-manhasset
9478	instruments-peaux	tambourins-et-hand-drums	jeu-de-5-tambours-sur-cadre-cousue
9479	instruments-peaux	tambourins-et-hand-drums	jeu-de-4-tambours-sur-cadre-cousue
9485	claviers	sacs-de-transport	housse-de-transport-pour-xylophone-adams-concert-4-octaves
9486	claviers	sacs-de-transport	housse-de-transport-pour-xylophone-adams-solist-3-5-octaves
9507	pupitres-musiciens	pupitres	pupitre-flutiste-pliant-hercule-avec-plateau-pliable
9526	instruments-peaux	caisses-claires-pads-tambours	caisse-claire-ludwig-black-magic-fut-cuivre-anodise-14-pouces-x-5-5-pouces
9528	instruments-peaux	batteries	batterie-catalina-club-jazz-18pouces
9529	metaux	cymbales	jeu-de-cymbales-zildjian-zht
9538	timbales	classiques	adams-professionnel-generation-ii-32pouces-cuivre-martele-profond-manette-accord-fin
9539	timbales	classiques	adams-professionnel-generation-ii-29pouces-cuivre-martele-profond-manette-accord-fin
9540	timbales	classiques	adams-professionnel-generation-ii-26pouces-cuivre-martele-profond-manette-accord-fin
9541	timbales	classiques	adams-professionnel-generation-ii-23pouces-cuivre-martele-profond-manette-accord-fin
9542	instruments-effets	fouet-bois-et-baton-de-pluie	baton-de-pluie-meinl-bambou-120-cm
9543	instruments-peaux	tambourins-et-hand-drums	tambourin-meinl-headliner-demi-lune-noir
9544	instruments-peaux	bongos-congas-et-timbales-latines	paire-de-bongos-lp-matador-7-pouces-1-4-8-pouces-5-8
9545	instruments-effets	shakers-cherekes-et-maracas	lot-de-4-shaker-oeufs-meinl
9546	instruments-effets	shakers-cherekes-et-maracas	shaker-lp-shake-it-metal
9547	instruments-peaux	djembes-darboukas-tablas	djembe-africain-kangaba-grand-modele
9548	instruments-peaux	djembes-darboukas-tablas	djembe-africain-kangaba-moyen-modele
9549	instruments-peaux	djembes-darboukas-tablas	djembe-africain-kangaba-petit-modele
9551	claviers	vibraphones	vibraphone-adams-artist-3-octaves
9552	claviers	cloches-tubes	cloches-tubes-adams-symphonic-chrome-1-octave-1-6
9553	claviers	cloches-tubes	cloches-tubes-adams-philharmonic-chrome-1-octave-1-6
9554	claviers	cloches-tubes	cloches-tubes-adams-philharmonic-satine-1-octave-1-6
9556	timbales	peaux-de-rechange	peau-standard-remo-pour-timbale-ludwig-32-pouces
9557	timbales	peaux-de-rechange	peau-standard-remo-pour-timbale-ludwig-29-pouces
9558	timbales	peaux-de-rechange	peau-standard-remo-pour-timbale-ludwig-26-pouces
9559	timbales	peaux-de-rechange	peau-standard-remo-pour-timbale-ludwig-23-pouces
9560	timbales	peaux-de-rechange	peau-standard-remo-pour-timbale-ludwig-20-pouces
9561	timbales	peaux-de-rechange	peau-standard-remo-pour-timbale-yamaha-32-pouces
9562	timbales	peaux-de-rechange	peau-standard-remo-pour-timbale-yamaha-29-pouces
9563	timbales	peaux-de-rechange	peau-standard-remo-pour-timbale-yamaha-26-pouces
9564	timbales	peaux-de-rechange	peau-standard-remo-pour-timbale-yamaha-23-pouces
9565	timbales	peaux-de-rechange	peau-standard-remo-pour-timbale-yamaha-20-pouces
9566	timbales	peaux-de-rechange	peau-standard-remo-pour-timbale-majestic-32-pouces
9567	timbales	peaux-de-rechange	peau-standard-remo-pour-timbale-majestic-29-pouces
9568	timbales	peaux-de-rechange	peau-standard-remo-pour-timbale-majestic-26-pouces
9569	timbales	peaux-de-rechange	peau-standard-remo-pour-timbale-majestic-23-pouces
9570	timbales	peaux-de-rechange	peau-standard-remo-pour-timbale-majestic-20-pouces
9571	instruments-peaux	caisses-claires-pads-tambours	caisse-claire-pearl-de-defile-14-pouces-x12-pouces
9578	instruments-peaux	peaux-de-rechange	peau-remo-pinstripe-transparente-pour-grosse-caisse-18-pouces
9586	claviers	sacs-de-transport	sacs-de-transport-peter-vibraphone-yamaha-yv-3710-3-octaves
9588	baguettes	musiciens	baguettes-yamaha-mr3030-manche-rotin-la-paire
9592	instruments-peaux	toms-de-concert	jeu-6-toms-melodique-cadeson-chassis-attaches
9594	produits-acoustiques-pour-musiciens	reflecteurs-acoustiques	lot-de-2-reflecteurs-acoustiques-plat-a-embase-pliante
9597	portiques-supports-accessoires	supports-instruments	stand-individuel-toca-reglable-pour-conga
9598	pupitres-musiciens	pupitres	pupitre-fourscore-manhasset
9600	chaises-musiciens	chaises-percussionnistes	chaise-haute-multifonctions-rythmes-sons-pour-percussionniste
9659	chaises-musiciens	accessoires	housse-de-protection-chariot-ref-chr-5220-22
9671	instruments-peaux	caisses-claires-pads-tambours	caisse-claire-sonor-14-pouces-x6-pouces-1-2
9672	portiques-supports-accessoires	supports-instruments	pied-de-caisse-claire-mapex-falcon
9675	supports-pour-instruments-de-musique	instruments-vent	stand-haut-pour-trompette-5-branches
9680	claviers	vibraphones	vibraphone-adams-artist-alpha-traveler-version-argente-3-octaves
9688	instruments-peaux	bongos-congas-et-timbales-latines	super-quinto-michel-delaporte-new-habana-frene-9-pouces-3-4
9689	chariots-de-transport	flightcases-pupitres	chariot-rythmes-sons-pour-25-pupitres-manhasset
9701	chariots-de-transport	eclairages-pupitres	flight-case-pour-20-eclairages-notelight-rs-24-led-cables
9702	chariots-de-transport	eclairages-pupitres	flight-case-pour-20-eclairages-notelight-rs-18-led-cables
9717	portiques-supports-accessoires	supports-instruments	pied-de-caisse-claire-pearl-pphs-1030
9748	produits-acoustiques-pour-musiciens	reflecteurs-acoustiques	reflecteur-acoustique-facetise-a-embase-decentree
9749	produits-acoustiques-pour-musiciens	reflecteurs-acoustiques	reflecteur-acoustique-facetise-a-embase-pliante
9750	produits-acoustiques-pour-musiciens	reflecteurs-acoustiques	reflecteur-acoustique-plat-a-embase-decentree
9751	produits-acoustiques-pour-musiciens	reflecteurs-acoustiques	reflecteur-acoustique-plat-a-embase-pliante
9752	produits-acoustiques-pour-musiciens	reflecteurs-acoustiques	reflecteur-acoustique-trapezoidal-a-embase-decentree
9753	produits-acoustiques-pour-musiciens	reflecteurs-acoustiques	reflecteur-acoustique-trapezoidal-a-embase-pliante
9754	produits-acoustiques-pour-musiciens	reflecteurs-acoustiques	reflecteur-acoustique-parabolique-a-embase-decentree
9755	produits-acoustiques-pour-musiciens	reflecteurs-acoustiques	reflecteur-acoustique-parabolique-a-embase-pliante
9756	produits-acoustiques-pour-musiciens	reflecteurs-acoustiques	bouclier-acoustique-a-embase-pliante
9757	baguettes	musiciens	baguettes-van-sice-signature-r13-adams-paire
9758	baguettes	musiciens	baguettes-van-sice-signature-r14-adams-paire
9768	supports-pour-instruments-de-musique	instruments-vent	stand-haut-pour-trompette-embase-pliante
9769	supports-pour-instruments-de-musique	instruments-vent	support-pour-sourdines
9779	metaux	cymbales	cymbale-zildjian-constantinople-20pouces
9781	metaux	triangles-chimes	triangle-sabian-6pouces-15cm-b8-hh-martele-dore
9782	metaux	triangles-chimes	triangle-sabian-5pouces-13cm-b8-hh-martele-dore
9787	metaux	cymbales	cymbales-sabian-hhx-d19pouces-synergy-medium-11994xbm
9812	metaux	cymbales	cymbale-zildjian-constantinople-18pouces
9816	pupitres-musiciens	pupitres	pupitre-pliant-compact-gris-koenig-meyer-km
9819	instruments-peaux	grosses-caisses	adams-2bdiif3222-grosse-caisse-de-concert-reglable-32-22pouces-peau-synthetique
9824	bois	chocoblocks-wood-blocks-et-mokubio	wood-block-bois-grover-7-pouces
9825	bois	chocoblocks-wood-blocks-et-mokubio	wood-block-bois-grover-8-pouces
9826	bois	chocoblocks-wood-blocks-et-mokubio	wood-block-bois-grover-9-pouces
9827	bois	chocoblocks-wood-blocks-et-mokubio	wood-block-bois-grover-10-pouces
9828	instruments-effets	shakers-cherekes-et-maracas	shaker-grover-vert
9829	instruments-effets	shakers-cherekes-et-maracas	shaker-grover-orange
9830	instruments-effets	shakers-cherekes-et-maracas	shaker-grover-bleu
9831	instruments-peaux	tambourins-et-hand-drums	tambourin-grover-10-pouces-25-cm-2-rangees-cymb-argent-hybride
9865	eclairages-pour-pupitres-de-musiciens	accessoires	prolongateur-2m-eclairage-led
9866	flight-cases-instruments	flightcases-percussions-peaux	flight-case-grosse-caisse-d101cm-sur-cercle
9885	instruments-peaux	bongos-congas-et-timbales-latines	paire-de-conga-lp-lpa647-aw-aspire-11-12pouces
9886	timbales	classiques	adams-professionnel-generation-ii-29pouces-cuivre-martele-parabolique-manette-accord-fin
9887	timbales	classiques	adams-professionnel-generation-ii-26pouces-cuivre-martele-parabolique-manette-accord-fin
9915	timbales	classiques	adams-professionnel-philharmonique-32pouces-cuivre-martele-profond
9916	timbales	classiques	adams-professionnel-philharmonique-29pouces-cuivre-martele-profond
9917	timbales	classiques	adams-professionnel-philharmonique-26pouces-cuivre-martele-profond
9918	timbales	classiques	adams-professionnel-philharmonique-23pouces-cuivre-martele-profond
9919	timbales	classiques	adams-professionnel-philharmonique-20pouces-cuivre-martele-profond
9929	claviers	cloches-tubes	adams-4bkdb01-b5-cloches-tubes-standard-si5-laiton-chrome
9932	flight-cases-instruments	flightcases-percussions-peaux	flight-case-grosse-caisse-adams-91cm-sur-stand-reglable
9935	instruments-peaux	grosses-caisses	housse-adams-4trhnbdv40-grosse-caisse-de-concert-adams-suspendue-40-18pouces
9966	claviers	marimbas	marimba-marimba-one-serie-izzy-5-octaves-palissandre-honduras
9968	claviers	sacs-de-transport	etui-de-transport-concorde-marimba-5-octaves
9975	instruments-peaux	grosses-caisses	grosse-caisse-de-concert-adams-36-22pouces-peau-synthetique
9976	instruments-peaux	grosses-caisses	housse-grosse-caisse-de-concert-adams-fixe-d91cm-36pouces
10005	timbales	philharmoniques	adams-philharmonic-raymond-curf-signature-23pouces-berlin-cremaillere
10006	timbales	philharmoniques	adams-philharmonic-raymond-curf-signature-26pouces-berlin-cremaillere
10007	timbales	philharmoniques	adams-philharmonic-raymond-curf-signature-29pouces-berlin-cremaillere
10008	timbales	philharmoniques	adams-philharmonic-raymond-curf-signature-32pouces-berlin-cremaillere
10009	timbales	philharmoniques	adams-philharmonic-raymond-curf-signature-20pouces-berlin-cremaillere
10045	portiques-supports-accessoires	supports-instruments	stand-lp-bongo
10056	baguettes	musiciens	baguettes-promark-special-7a
10079	metaux	cloches-vache-cencerros-cloche-latines	cloche-agogo-pearl-ecb23
10085	instruments-peaux	caisses-claires-pads-tambours	tambour-militaire-pearl-ffxpmd-14-12pouces
10156	chaises-musiciens	chaises-pliantes	chaise-pliante-tissu-noir-modele-premium
10164	instruments-peaux	grosses-caisses	housse-adams-4trhnbdh40-grosse-caisse-de-concert-adams-suspendue-40-22pouces
10212	claviers	marimbas	marimba-adams-artist-van-sice-5-octaves-sans-resonateur
10213	claviers	marimbas	marimba-adams-artist-van-sice-5-octaves-avec-resonateur
10220	produits-acoustiques-pour-musiciens	reflecteurs-acoustiques	12-reflecteurs-acoustiques-facetises-pliants-flight-case
10221	tabourets-banquettes-musiciens	tabourets-musiciens	tabouret-koenig-meyer-km-avec-repose-pied-pour-jeune-contrebassiste
10223	eclairages-pour-pupitres-de-musiciens	lampes-de-pupitre	lot-de-6-eclairages-hammer-head-mighty-bright-led-valise
10233	flight-cases-instruments	flightcases-claviers	lot-2-etuis-valise-vibraphone-musser-m55-demonte
10234	claviers	vibraphones	vibraphone-musser-m55-pro-vibe-2-etuis-rs-valise-explorer
10237	timbales	classiques	adams-symphonic-ii-32pouces-cuivre-lisse-parabolique-housse
10238	timbales	classiques	adams-symphonic-ii-29pouces-cuivre-lisse-parabolique-housse
10239	timbales	classiques	adams-symphonic-ii-26pouces-cuivre-lisse-parabolique-housse
10240	timbales	classiques	adams-symphonic-ii-23pouces-cuivre-lisse-parabolique-housse
10241	timbales	classiques	adams-symphonic-ii-20pouces-cuivre-lisse-parabolique-housse
10242	timbales	classiques	timbale-adams-revolution-cuivre-lisse-parabolique-32-pouces-housse
10243	timbales	classiques	adams-revolution-29-pouces-cuivre-lisse-parabolique-housse
10244	timbales	classiques	adams-revolution-26-pouces-cuivre-lisse-parabolique-housse
10245	timbales	classiques	adams-revolution-23-pouces-cuivre-lisse-parabolique-housse
10247	timbales	classiques	adams-revolution-20-pouces-cuivre-lisse-parabolique-housse
10251	chaises-musiciens	chaises-percussionnistes	lot-de-13-chaises-filaires-empilables
10252	timbales	classiques	jeu-de-2-timbales-majestic-symphonic-cuivre-lisse-profond-29-pouces-26-pouces
10254	instruments-peaux	grosses-caisses	grosse-caisse-de-concert-capelle-50x100-avec-stand-peau-synthetique
10257	claviers	cloches-tubes	cloches-tubes-deagan-symphonic-1-octave-1-2-flight-case
10258	timbales	philharmoniques	timbales-majestic-grand-classic-23-pouces-26-pouces-29-pouces-32-pouces
10273	pupitres-musiciens	pupitres	lot-de-20-pupitres-pliants-voyager-pupitre-de-direction-flight-case
10281	instruments-peaux	batteries	batterie-pearl-export-20pouces
10283	instruments-peaux	tambourins-et-hand-drums	tambourin-d12pouces-30cm-1-rangee-cymbalettes-peau-animale
10326	flight-cases-instruments	flightcases-percussions-peaux	etui-hardcase-hn13p-caisse-claire-piccolo-13pouces
10327	baguettes	musiciens	paire-de-baguettes-adams-vr3
10336	timbales	accessoires	plateau-de-protection-pour-timbale-adams-32-pouces
10337	timbales	accessoires	plateau-de-protection-pour-timbale-adams-29-pouces
10338	timbales	accessoires	plateau-de-protection-pour-timbale-adams-26-pouces
10339	timbales	accessoires	plateau-de-protection-pour-timbale-adams-23-pouces
10340	timbales	accessoires	plateau-de-protection-pour-timbale-adams-20-pouces
10341	timbales	accessoires	plateau-de-protection-pour-timbale-premier-elite-32-pouces
10342	timbales	accessoires	plateau-de-protection-pour-timbale-premier-elite-30-pouces
10343	timbales	accessoires	plateau-de-protection-pour-timbale-premier-elite-28-pouces
10344	timbales	accessoires	plateau-de-protection-pour-timbale-premier-elite-25-pouces
10345	timbales	accessoires	plateau-de-protection-pour-timbale-premier-elite-22-5-pouces
10346	timbales	accessoires	plateau-de-protection-pour-timbale-premier-32-pouces-concert-ou-pro-symphonic
10347	timbales	accessoires	plateau-de-protection-pour-timbale-premier-30-pouces-concert-ou-pro-symphonic
10348	timbales	accessoires	plateau-de-protection-pour-timbale-premier-28-pouces-concert-ou-pro-symphonic
10349	timbales	accessoires	plateau-de-protection-pour-timbale-premier-25-pouces-concert-ou-pro-symphonic
10350	timbales	accessoires	plateau-de-protection-pour-timbale-premier-22-5-pouces-concert-ou-pro-symphonic
10354	instruments-peaux	djembes-darboukas-tablas	darbouka-egyptienne-8-pouces-meinl
10355	supports-pour-instruments-de-musique	support-planche-de-pique-contrebasse-violoncelle	konig-meyer-141-stand-contrebasse
10377	metaux	gongs-tam-tams	tam-tam-chinois-plat-fen-luo-d80cm
10414	claviers	sacs-de-transport	housses-protection-adams-marimba-artist-alpha
10489	instruments-peaux	bongos-congas-et-timbales-latines	paire-de-congas-d10-11pouces-stagg
10533	metaux	triangles-chimes	triangle-sabian-10pouces-25cm-b8-hh-martele-dore
10542	instruments-peaux	sets-instruments-peaux	pack-idiophones-cadeson
10655	timbales	classiques	adams-professionnel-generation-ii-32pouces-cuivre-martele-parabolique-manette-accord-fin
10656	timbales	classiques	adams-professionnel-generation-ii-23pouces-cuivre-martele-parabolique-manette-accord-fin
10657	timbales	classiques	adams-professionnel-generation-ii-20pouces-cuivre-martele-parabolique-manette-accord-fin
10662	instruments-peaux	batteries	tapis-de-batterie-drum-base-dnb-180x140cm
10746	instruments-peaux	peaux-de-rechange	peau-animal-cadeson-conga-d11pouces
10747	instruments-peaux	peaux-de-rechange	peau-animal-cadeson-conga-d11pouces-3-4
10748	instruments-peaux	peaux-de-rechange	peau-animal-cadeson-conga-d12pouces-1-2
10755	timbales	classiques	jeu-de-4-timbales-premier-pro-symphonic-cuivre-lisse-parabolique
10794	metaux	cymbales	cymbales-zildjian-classic-orcherstral-20pouces
10797	metaux	triangles-chimes	triangle-sabian-7pouces-18cm-b8-hh-martele-dore
10798	metaux	triangles-chimes	triangle-sabian-8pouces-20cm-b8-hh-martele-dore
10808	flight-cases-instruments	flightcases-timbales	flight-case-timbale-adams-universelle-29pouces-peau
10824	chariots-de-transport	flightcases-pupitres	chariot-rythmes-sons-pupitres-manhasset
10825	chariots-de-transport	flightcases-pupitres	chariot-rythmes-sons-pupitres-manhasset
10838	eclairages-pour-pupitres-de-musiciens	lampes-de-pupitre	lot-eclairage-pupitre-fluorescent-koenigmeyer-transformateurs
10863	claviers	sacs-de-transport	housse-antipoussiere-xylophone-concorde-1001
10879	flight-cases-instruments	flightcases-accessoires	bac-de-transport-et-stockage-800x600x600-ep9mm
10880	claviers	marimbas	marimba-adams-4-octaves-padouk
10881	claviers	marimbas	marimba-adams-4-octaves-palissandre
10882	claviers	xylophones	xylophone-adams-4-octaves-rosewood
10883	claviers	xylophones	xylophone-adams-4-octaves-palissandre
10884	claviers	cloches-tubes	cloches-tubes-adams-laiton-chrome-1-octave
10885	claviers	vibraphones	vibraphone-adams-3-octaves-moteur
10899	baguettes	chef-orchestre	baguette-baton-de-chef-orchestre-gewa-912512
10914	bois	polyblocks-et-temple-blocks	jam-blocks-lp-bleu-lp1204
10915	bois	polyblocks-et-temple-blocks	jam-blocks-lp-rouge-lp1207
10925	instruments-peaux	grosses-caisses	grosse-caisse-de-concert-reglable-40-22pouces-adams-2bdiif4022-peau-synthetique
10942	instruments-peaux	grosses-caisses	pedale-grosse-caisse-dw3000
10944	claviers	vibraphones	vibraphone-yamaha-3710-3-octaves-clavier-dore-brillant
10949	claviers	xylophones	xylophone-adams-artist-alpha-4-octaves
10962	instruments-peaux	cooldrums-boobams	cooldrum-6pouces-rythmes-sons-black-edition
10964	instruments-peaux	grosses-caisses	grosse-caisse-de-concert-reglable-36-22pouces-adams-2bdiif3622-peau-synthetique
10965	tabourets-banquettes-musiciens	tabourets-musiciens	tabouret-koenig-meyer-contrebassiste-repose-pied
10972	claviers	glockenspiels	yamaha-cel-56p-glockenspiel-clavier-4-octaves-1-2
10973	metaux	cymbales	cymbales-zildjian-constantinople-d20pouces
11024	claviers	vibraphones	vibraphone-adams-artist-alpha-3-octaves-1-2-clavier-argente
11025	instruments-peaux	caisses-claires-pads-tambours	caisse-claire-capelle-14-5pouces-1-2
11026	instruments-peaux	caisses-claires-pads-tambours	caisse-claire-capelle-14-5pouces-1-2-pied-housse
11028	flight-cases-instruments	flightcases-cordes	flight-case-isotherme-violons-etuis
11056	claviers	vibraphones	vibraphone-adams-vaat30-artist-alpha-traveler-version-3-octaves-clavier-dore
11192	baguettes	musiciens	paire-de-baguettes-adams-van-sice-signature-m21
11193	baguettes	musiciens	paire-de-baguettes-adams-van-sice-signature-m24
11194	instruments-peaux	bongos-congas-et-timbales-latines	timbales-latines-lp-aspire-lpa256-13-14pouces-sur-stand-fut-acier
11196	instruments-peaux	grosses-caisses	housse-adams-4trhnbdvh28-grosse-caisse-de-concert-adams-fixe-22-22pouces
11219	pupitres-musiciens	accessoires	etui-manhasset-1800-pupitre-voyager-manhasset
11220	pupitres-musiciens	pupitres	pupitre-symphony-manhasset-blanc
11221	pupitres-musiciens	pupitres	pupitre-manhasset-tromboniste
11222	chariots-de-transport	flightcases-chaises-orchestre	planche-roulettes-de-transport-chaises-orchestra-h47cm
11224	timbales	accessoires	slidtune-gauge-electronique-timbalier
11230	timbales	classiques	yamaha-serie-3300-23pouces-aluminium
11245	instruments-peaux	peaux-de-rechange	pack-peaux-remo-emperor-sablee-caisse-claire-tom-d10-12pouces-14pouces
11246	instruments-peaux	peaux-de-rechange	pack-peaux-remo-emperor-transparente-caisse-claire-tom-d10-12pouces-14pouces
11247	instruments-peaux	peaux-de-rechange	pack-peaux-remo-ambassador-sablee-caisse-claire-tom-d10-12pouces-14pouces
11248	instruments-peaux	peaux-de-rechange	pack-peaux-remo-ambassador-sablee-caisse-claire-tom-d12-13pouces-16pouces
11249	instruments-peaux	peaux-de-rechange	pack-peaux-remo-pinstripe-transparente-caisse-claire-tom-d10-12pouces-14pouces
11250	instruments-peaux	peaux-de-rechange	pack-peaux-remo-pinstripe-transparente-caisse-claire-tom-d12-13pouces-16pouces
11267	portiques-supports-accessoires	supports-instruments	stand-lp-bongo-lp330-court
11272	instruments-peaux	tambourins-et-hand-drums	frame-drum-d17pouces-3-4-45cm
11283	timbales	classiques	jeu-de-2-timbales-premier-elite-28-30pouces-cuivre-lisse-parabolique
11291	timbales	classiques	lot-de-timbales-yamaha-serie-3300-23-26-29pouces
11305	instruments-peaux	tambourins-et-hand-drums	tambourin-grover-sx-br-d10pouces-25cm-laiton
11335	bois	castagnettes-claves	paire-de-claves-schlagwerk-acacia-d25mm
11337	baguettes	musiciens	paire-de-baguettes-adams-xb1
11351	instruments-peaux	caisses-claires-pads-tambours	caisse-claire-pearl-sensitone-14x5pouces
11440	instruments-peaux	batteries	tapis-de-batterie-stagg-scadru1815-lite-180x150cm
11462	metaux	crotales	jeu-de-crotales-sabian-grave
11463	metaux	crotales	jeu-de-crotales-sabian-aigu
11468	eclairages-pour-pupitres-de-musiciens	lampes-de-pupitre	eclairage-led-flexlight-koenig-meyer
11469	eclairages-pour-pupitres-de-musiciens	lampes-de-pupitre	lot-de-6-eclairages-led-flexlight-koenig-meyer-valise
11475	baguettes	musiciens	paire-de-baguettes-adams-van-sice-signature-m22
11476	baguettes	musiciens	paire-de-baguettes-adams-van-sice-signature-m23
11477	baguettes	musiciens	paire-de-baguettes-adams-van-sice-signature-m25
11478	baguettes	musiciens	paire-de-baguettes-adams-van-sice-signature-m26
11481	bois	chocoblocks-wood-blocks-et-mokubio	woodblock-schlagwerk-symphonic-series-aigu
11482	bois	chocoblocks-wood-blocks-et-mokubio	woodblock-schlagwerk-symphonic-series-medium
11483	bois	chocoblocks-wood-blocks-et-mokubio	woodblock-schlagwerk-symphonic-series-grave
11484	bois	chocoblocks-wood-blocks-et-mokubio	jeu-de-3-woodblock-schlagwerk-symphonic-series
11485	baguettes	musiciens	paire-de-baguettes-adams-van-sice-signature-r23
11489	baguettes	musiciens	paire-de-baguettes-adams-van-sice-signature-r24
11490	chariots-de-transport	flightcases-chaises-orchestre	bac-de-transport-chaises-pliantes
11491	chaises-musiciens	chaises-pliantes	lot-de-12-chaises-pliantes-tissu-gris-bac-de-transport
11491	chaises-public	chaises-pliantes	lot-de-12-chaises-pliantes-tissu-gris-bac-de-transport
11492	chaises-musiciens	chaises-pliantes	lot-de-15-chaises-pliantes-polypropylene-bac-de-transport
11492	chaises-public	chaises-pliantes	lot-de-15-chaises-pliantes-polypropylene-bac-de-transport
11495	timbales	classiques	adams-universel-20pouces-fibre-de-verre-parabolique-housse
11496	timbales	classiques	adams-universel-23pouces-fibre-de-verre-parabolique-housse
11497	timbales	classiques	adams-universel-26pouces-fibre-de-verre-parabolique-housse
11498	timbales	classiques	adams-universel-29pouces-fibre-de-verre-parabolique-housse
11499	timbales	classiques	adams-universel-32pouces-fibre-de-verre-parabolique
11500	chaises-musiciens	chaises-percussionnistes	lot-6-chaise-orchestra-h47cm-rythmes-sons-planche-roulettes-transport
11501	produits-acoustiques-pour-musiciens	reflecteurs-acoustiques	lot-de-6-reflecteurs-acoustiques-facetise-embase-pliante
11502	eclairages-pour-pupitres-de-musiciens	accessoires	transformateur-eclairage-led-flexlight
11519	bois	polyblocks-et-temple-blocks	jam-blocks-lp-orange-lp1204
11559	metaux	gongs-tam-tams	octave-suraigu-de-gongs-thailandais
11570	instruments-peaux	caisses-claires-pads-tambours	tambour-militaire-cadeson-dr331-14-14-12pouces
11596	instruments-peaux	batteries	jeu-de-housses-batterie
11609	eclairages-pour-pupitres-de-musiciens	lampes-de-pupitre	eclairage-led-12295-konig-meyer
11711	metaux	triangles-chimes	triangle-sabian-6pouces-15cm-b8
11729	instruments-effets	sifflets-sirene-flute-coulisse	flute-coulisse-acme-472
11755	claviers	marimbas	marimba-concorde-8001-ga-4-octaves-1-2
11756	claviers	xylophones	xylophone-concorde-8001-ga-3-octaves-1-2
11757	claviers	xylophones	xylophone-concorde-6001-ga-3-octaves-1-2
11758	claviers	vibraphones	vibraphone-concorde-v2000-3-octaves-clavier-dore
11763	metaux	cymbales	cymbales-orchestre-istanbul-agop-super-symphonic-d18pouces
11764	metaux	cymbales	cymbales-orchestre-istanbul-agop-super-symphonic-d20pouces
11766	instruments-peaux	toms-de-concert	lot-de-6-toms-melodiques-6-8pouces-10-13pouces-14pouces-et-15pouces-1-peau-yamaha-serie-ct-800-stands
11769	instruments-peaux	grosses-caisses	adams-4trhnbdv28-housse-grosse-caisse-fixe-adams-28-18pouces
11776	instruments-peaux	grosses-caisses	adams-2bdiiv4022-grosse-caisse-de-concert-40-22pouces-peau-synthetique
11777	instruments-peaux	grosses-caisses	housse-adams-4trhnbdvh40-grosse-caisse-de-concert-adams-fixe-40-22pouces
11779	instruments-peaux	caisses-claires-pads-tambours	caisse-claire-cadeson-14-5pouces-1-2-sgb-series-gold-bronze
11780	instruments-peaux	caisses-claires-pads-tambours	caisse-claire-cadeson-14-6pouces-1-2-sgb-series-gold-bronze
11784	instruments-effets	cabassas-guiros-et-kokiriko	guiro-cadeson-ge662
11785	baguettes	musiciens	baguettes-effet-cadeson
11786	portiques-supports-accessoires	portiques-gongs-tam-tams	portique-portique
11788	eclairages-pour-pupitres-de-musiciens	eclairages-professionnels-led	eclairage-notelight-rythmes-sons-4000degres-grand-modele
11789	eclairages-pour-pupitres-de-musiciens	eclairages-professionnels-led	eclairage-notelight-rythmes-sons-4000degres-petit-modele
11856	claviers	marimbas	marimba-adams-palissandre-honduras-4-octaves-1-3-pupitre-manhasset-symphony-48
11857	claviers	marimbas	marimba-adams-3-octaves-1-3-padouk-pupitre-manhasset-symphony-48
11858	claviers	xylophones	xylophone-adams-4-octaves-pupitre-manhasset-symphony-48
11859	claviers	xylophones	xylophone-adams-3-octaves-1-2-light-rosewood-pupitre-manhasset-symphony-48
11860	claviers	vibraphones	vibraphone-adams-3-octaves-clavier-argente-pupitre-manhasset-symphony-48
11861	timbales	classiques	adams-symphonic-ii-32pouces-cuivre-lisse-parabolique-housse-controleur-de-peau
11862	timbales	classiques	adams-symphonic-ii-29pouces-cuivre-lisse-parabolique-housse-controleur-de-peau
11863	timbales	classiques	adams-symphonic-ii-26pouces-cuivre-lisse-parabolique-housse-controleur-de-peau
11864	timbales	classiques	adams-symphonic-ii-23pouces-cuivre-lisse-parabolique-housse-controleur-de-peau
11865	timbales	classiques	adams-symphonic-ii-20pouces-cuivre-lisse-parabolique-housse-controleur-de-peau
11866	timbales	classiques	adams-universel-29pouces-fibre-de-verre-parabolique-housse-controleur-de-peau
11867	timbales	classiques	adams-universel-32pouces-fibre-de-verre-parabolique-housse-controleur-de-peau
11868	timbales	classiques	adams-universel-26pouces-fibre-de-verre-parabolique-housse-controleur-de-peau
11869	timbales	classiques	adams-universel-23pouces-fibre-de-verre-parabolique-housse-controleur-de-peau
11870	timbales	classiques	adams-universel-20pouces-fibre-de-verre-parabolique-housse-controleur-de-peau
11871	pupitres-musiciens	pupitres	lot-de-18-pupitres-symphony-48-manhasset-10-clips-porte-stylo-offerts
11872	pupitres-musiciens	pupitres	lot-de-20-pupitres-symphony-48-manhasset-chariot-10-clips-porte-stylo-offerts
11873	pupitres-musiciens	pupitres	lot-de-20-pupitres-voyager-52-manhasset-flight-case-10-clips-porte-stylo-offerts
11874	instruments-peaux	grosses-caisses	grosse-caisse-de-concert-adams-36-22pouces-peau-synthetique-housse
11887	chaises-musiciens	chaises-pliantes	lot-de-12-chaises-pliantes-tissu-noir-bac-de-transport
11887	chaises-public	chaises-pliantes	lot-de-12-chaises-pliantes-tissu-noir-bac-de-transport
11889	portiques-supports-accessoires	supports-instruments	yamaha-ss3-crosstown-pied-de-caisse-claire
11890	portiques-supports-accessoires	attaches	support-pearl-pps37-percussion
11891	portiques-supports-accessoires	attaches	support-meinl-mwbh1-wood-block
11893	metaux	cymbales	cymbale-zildjian-fx-stack-fxs10-d10pouces
11896	baguettes	balais	balais-vic-firth-heritage-hb
11897	baguettes	maillets-mailloches	mailloche-lp-lp3048m
11899	instruments-peaux	grosses-caisses	grosse-caisse-de-concert-adams-2bdiiv3222-32-22pouces-peau-synthetique
11940	claviers	glockenspiels	glockenspiel-adams-2ksc2std26-concert-2-6-octaves
11986	claviers	vibraphones	vibraphone-adams-vaat40-artist-modele-alpha-4-octaves-clavier-dore-mate
11988	instruments-peaux	sets-instruments-peaux	pack-batucada-contemporanea-pack02-20-instruments-pro
11994	supports-pour-instruments-de-musique	support-planche-de-pique-contrebasse-violoncelle	protection-sol-viva-musical-vivacello-jaune-pique-de-violoncelle
11995	supports-pour-instruments-de-musique	support-planche-de-pique-contrebasse-violoncelle	protection-sol-viva-musical-vivacello-rouge-pique-de-violoncelle
12007	timbales	philharmoniques	adams-2palpdhd32-timbale-philharmonique-philharmonic-light-32pouces-dresden-friction
12009	baguettes	maillets-mailloches	mailloche-meinl-sb3
12010	portiques-supports-accessoires	pedales	pedale-de-charleston-yamaha-hs1200d
12023	supports-pour-instruments-de-musique	support-planche-de-pique-contrebasse-violoncelle	rythmes-sons-planche-de-pique
12045	metaux	cloches-clochettes-asiatiques	arbre-lp-lp450-de-26-cloches-sur-support
12061	baguettes	musiciens	paire-de-baguettes-balter-mallets-expression-series-b46ar
12074	instruments-peaux	tambourins-et-hand-drums	tambourin-grover-t1-ss-10pouces-25cm-spanish-silver
12075	metaux	triangles-chimes	jeu-de-12-battes-de-triangle-super-deluxe-grover-tb-sd
12083	instruments-peaux	caisses-claires-pads-tambours	housse-gewa-caisse-claire-14x6-5pouces-sps
12114	instruments-peaux	grosses-caisses	grosse-caisse-de-concert-adams-28-22pouces-peau-synthetique
12123	baguettes	etuis-baguettes	support-adams-mh-1-paires-de-baguettes-de-timbale
12167	claviers	marimbas	marimba-concorde-m6001-dx-4-octaves-1-3
12182	pupitres-musiciens	pupitres	lot-de-12-pupitres-symphony-48-blanc-manhasset
12183	metaux	cymbales	cymbales-sabian-hhx-synergy-medium-11994xbm-d19pouces
12188	baguettes	musiciens	paire-de-baguettes-balter-mallets-staccato-bt3
12189	timbales	classiques	timbale-premier-concert-nouvelle-generation-20pouces-cuivre-lisse-parabolique
12190	metaux	cymbales	cymbales-orchestre-zildjian-symphonic-francaise-d20pouces
12201	instruments-peaux	bongos-congas-et-timbales-latines	etui-lp-timbales-latines-14-15pouces-pieds
12237	produits-acoustiques-pour-musiciens	paravent	transparente-occultante/cloison-de-protection-mobile-bi-matiere-120xh181cm
12238	produits-acoustiques-pour-musiciens	paravent	transparente-et-enroulable/cloison-de-protection-enroulable-120xh140cm
12239	produits-acoustiques-pour-musiciens	paravent	transparente-et-enroulable/cloison-de-protection-enroulable-140xh180cm
12240	produits-acoustiques-pour-musiciens	paravent	transparente/petit-hygiaphone-mobile-comptoir-ou-bureau-67xh61cm
12241	produits-acoustiques-pour-musiciens	paravent	transparente/grand-hygiaphone-mobile-comptoir-ou-bureau-92xh74cm
12242	produits-acoustiques-pour-musiciens	paravent	roulettesl/jeu-de-4-roulettes-cloison-de-sol
12246	produits-acoustiques-pour-musiciens	paravent	transparente/grand-hygiaphone-92xh74cm-passe-documents-comptoir
12247	produits-acoustiques-pour-musiciens	paravent	roulettesl/jeu-de-4-roulettes-cloison-de-sol
12255	produits-acoustiques-pour-musiciens	paravent	transparente/cloison-de-protection-mobile-composite-transparent-150xh180cm
12273	portiques-supports-accessoires	pedales	mapex-h600-support-de-charleston
12277	pupitres-musiciens	pupitres	lot-de-20-pupitres-voyager-52-manhasset-pupitre-de-direction-flight-case
12289	timbales	classiques	timbale-premier-elite-nouvelle-generation-32pouces-cuivre-lisse-parabolique
12290	timbales	classiques	timbale-premier-elite-nouvelle-generation-29pouces-cuivre-lisse-parabolique
12291	timbales	classiques	timbale-premier-elite-nouvelle-generation-26pouces-cuivre-lisse-parabolique
12292	timbales	classiques	timbale-premier-elite-nouvelle-generation-23pouces-cuivre-lisse-parabolique
12293	timbales	classiques	timbale-premier-elite-nouvelle-generation-20pouces-cuivre-lisse-parabolique
12300	claviers	marimbas	marimba-marimba-one-serie-3100-5-octaves-brasso-premium
12302	produits-acoustiques-pour-musiciens	paravent	transparente/cloison-de-protection-composite-transparent-120xh180cm
12303	produits-acoustiques-pour-musiciens	paravent	transparente/cloison-de-sol-100xh187cm-plexiglas-transparent-ep-8mm
12304	produits-acoustiques-pour-musiciens	paravent	transparente/cloison-de-sol-90xh150cm-plexiglas-transparent-ep-8mm
12305	produits-acoustiques-pour-musiciens	paravent	transparente-sur-portique/cloison-de-protection-souple-140xh180cm-montee-sur-portique
12306	produits-acoustiques-pour-musiciens	paravent	transparente/cloison-de-sol-100xh150cm-plexiglas-transparent-ep-8mm
12307	instruments-peaux	caisses-claires-pads-tambours	caisse-claire-yamaha-concert-ccs-1450a-14-5pouces
12345	produits-acoustiques-pour-musiciens	paravent	transparente-et-enroulable/cloison-de-protection-enroulable-120xh140cm
12346	produits-acoustiques-pour-musiciens	paravent	transparente-et-enroulable/cloison-de-protection-enroulable-140xh180cm
12351	timbales	classiques	timbale-premier-concert-29pouces-cuivre-lisse-parabolique-nouvelle-generation
12356	metaux	crotales	jeu-de-crotales-sabian-octave-aigue-do7-do8-accord-442
12357	metaux	crotales	jeu-de-crotales-sabian-octave-grave-do6-do7-accord-442
12363	timbales	philharmoniques	timbale-adams-philharmonic-schnellar-romantic-d60cm
12364	timbales	philharmoniques	timbale-adams-philharmonic-schnellar-romantic-d66cm
12379	timbales	classiques	timbale-premier-concert-32pouces-cuivre-lisse-parabolique-nouvelle-generation
12380	timbales	classiques	timbale-premier-concert-26pouces-cuivre-lisse-parabolique-nouvelle-generation
12381	timbales	classiques	timbale-premier-concert-23pouces-cuivre-lisse-parabolique-nouvelle-generation
12393	claviers	marimbas	marimba-marimba-one-solist-5-octaves-brasso-premium
12394	claviers	marimbas	marimba-marimba-one-wave-5-octaves-classic-trad
12396	claviers	vibraphones	vibraphone-marimba-one-one-vibe-3-octaves-clavier-argente
12397	claviers	vibraphones	vibraphone-marimba-one-one-vibe-3-octaves-clavier-dore
12398	claviers	xylophones	xylophone-marimba-one-4-octaves
12431	chaises-musiciens	chaises-pliantes	chaise-pliante-polypropylene-noir
12432	chaises-public	chaises-pliantes	chaise-pliante-polypropylene-noir
12441	portiques-supports-accessoires	supports-instruments	stand-pliant-schlagwerk-support-croix-frame-drum-schlagwerk-support-croix
12442	portiques-supports-accessoires	supports-instruments	stand-pliant-schlagwerk-support-frame-drum-schlagwerk-support-croix
12443	bois	castagnettes-claves	castagnettes-sur-manche-petite-e50-grenadillo-franck-epstein-percussion
12444	bois	castagnettes-claves	castagnettes-sur-manche-moyenne-e50-grenadillo-franck-epstein-percussion
12445	bois	castagnettes-claves	castagnettes-sur-manche-grande-e50-grenadillo-franck-epstein-percussion
12446	bois	castagnettes-claves	castagnettes-sur-manche
12447	bois	castagnettes-claves	castagnettes-sur-manche-double-clapper-franck-epstein-percussion
12462	metaux	cymbales	cymbales-zildjian-constantinople-18pouces
12473	claviers	vibraphones	vibraphone-yamaha-2030-3-octaves-clavier-argente
12474	claviers	sacs-de-transport	moteur-vibraphone-yamaha-2030-3-octaves
12491	timbales	classiques	timbale-premier-concert-nouvelle-generation-32pouces-fibre-de-verre-parabolique
12492	timbales	classiques	timbale-premier-concert-nouvelle-generation-26pouces-fibre-de-verre-parabolique
12493	timbales	classiques	timbale-premier-concert-nouvelle-generation-29pouces-fibre-de-verre-parabolique
12494	timbales	classiques	timbale-premier-concert-nouvelle-generation-23pouces-fibre-de-verre-parabolique
12495	timbales	classiques	timbale-premier-concert-nouvelle-generation-20pouces-fibre-de-verre-parabolique
12537	claviers	vibraphones	vibraphone-adams-fcwv30-concert-3-octaves-clavier-argente
12538	podiums	podiums-de-direction	rythmes-sons-hector-podium-de-chef-pliant-contreplaque-noir
12548	instruments-peaux	bongos-congas-et-timbales-latines	super-quinto-gon-bops-california-natural-d9-75pouces
12549	instruments-peaux	bongos-congas-et-timbales-latines	quinto-gon-bops-california-natural-d10-75pouces
12550	instruments-peaux	bongos-congas-et-timbales-latines	conga-gon-bops-california-natural-d11-50pouces
12551	instruments-peaux	bongos-congas-et-timbales-latines	tumba-gon-bops-california-natural-d12-25pouces
12552	instruments-peaux	bongos-congas-et-timbales-latines	super-tumba-gon-bops-california-natural-d13-25pouces
12561	portiques-supports-accessoires	supports-instruments	pearl-s930d-pied-de-caisse-claire
12562	chaises-public	chaises-pliantes	chaise-pliante-tissu-noir
12563	chaises-musiciens	chaises-pliantes	chaise-pliante-tissu-noir
12566	claviers	xylophones	xylophone-adams-xc2hv40-concert-voyager-4-octaves
12567	claviers	xylophones	xylophone-adams-aha40-artist-alpha-4-octaves
12568	claviers	marimbas	marimba-adams-mahv46-artist-robert-van-sice-4-octaves-2-3
12569	claviers	cloches-tubes	cloches-tubes-adams-bk3216-symphonic-laiton-chrome-1-octave-2-3
12572	timbales	baroques	jeu-de-2-timbales-adams-baroque-23-26pouces
12574	timbales	classiques	jeu-de-4-timbales-adams-professionnel-generation-ii-23-26pouces-29-32pouces-cuivre-martele-parabolique
12575	timbales	classiques	jeu-de-3-timbales-adams-universel-26-29pouces-32pouces-cuivre-lisse-parabolique
12577	timbales	classiques	jeu-de-3-timbales-majestic-harmonic-fibre-de-verre-20pouces
12578	timbales	philharmoniques	jeu-de-4-timbales-adams-schnellar-23-26pouces-29-32pouces-berlin-cremaillere-chariot
12579	timbales	philharmoniques	timbale-adams-schnellar-23-26pouces-29-32pouces-dresden-cremaillere
12580	timbales	classiques	jeu-de-4-timbales-premier-elite-25-28pouces-30-32pouces-cuivre-lisse-parabolique
12582	timbales	philharmoniques	jeu-de-4-timbales-adams-philharmonic-marinus-komst-23-26pouces-29-32pouces-berlin-friction
12585	instruments-peaux	toms-de-concert	tom-basse-de-concert-yamaha-serie-ct-9000-2-peaux-22-16pouces
12593	instruments-peaux	caisses-claires-pads-tambours	caisse-claire-pearl-philharmonic-phb1450-14-5pouces
12597	bois	chocoblocks-wood-blocks-et-mokubio	wood-block-studio-49-wo-1-5
12598	bois	chocoblocks-wood-blocks-et-mokubio	wood-block-studio-49-wo-2-6pouces-15cm
12599	bois	chocoblocks-wood-blocks-et-mokubio	wood-block-studio-49-wo-3-6pouces1-2-17cm
12600	bois	chocoblocks-wood-blocks-et-mokubio	wood-block-studio-49-wo-4-7pouces1-2-19cm
12601	bois	chocoblocks-wood-blocks-et-mokubio	wood-block-studio-49-wo-5-8pouces-20cm
12603	bois	castagnettes-claves	paire-de-claves-studio-49-rc-2-palissandre-d23mm
12607	portiques-supports-accessoires	chassis	chassis-5-niveaux
12636	timbales	peaux-de-rechange	jeu-de-4-peaux-opaques-evans-timbales-elite-d32-0pouces-28pouces-22-5pouces
12637	timbales	philharmoniques	jeu-de-2-timbales-adams-philharmonic-marinus-komst-26-29pouces-dresden-friction
12638	eclairages-pour-pupitres-de-musiciens	lampes-de-pupitre	eclairages-de-pupitre-fluorescent-konig-meyer-transformateur
12643	portiques-supports-accessoires	supports-instruments	pied-de-caisse-claire-gibraltar-9706
12646	instruments-peaux	batteries	tapis-de-batterie-stagg-200x160cm
12660	supports-pour-instruments-de-musique	chariot-support-de-soutien-harpe	pique-de-soutien-rythmes-sons-harpe
12666	claviers	vibraphones	vibraphone-marimba-one-9003-one-vibe-limited-edition-3-octaves-clavier-noir
12668	metaux	cymbales	cymbale-istanbul-agop-dark-ride-d20pouces-serie-traditional
12670	tabourets-banquettes-musiciens	sieges-batteurs	tabouret-de-batteur-pearl-1500s-roadster
12694	chaises-musiciens	chaises-pliantes	lot-de-15-chaises-pliantes-polypropylene-noir-bac-de-transport
12694	chaises-public	chaises-pliantes	lot-de-15-chaises-pliantes-polypropylene-noir-bac-de-transport
12695	chaises-musiciens	chaises-pliantes	lot-de-20-chaises-pliantes-tissu-noir-flight-case
12695	chaises-public	chaises-pliantes	lot-de-20-chaises-pliantes-tissu-noir-flight-case
12698	chaises-musiciens	chaises-pliantes	lot-de-25-chaises-pliantes-polypropylene-gris-flight-case
12698	chaises-public	chaises-pliantes	lot-de-25-chaises-pliantes-polypropylene-gris-flight-case
12699	chaises-musiciens	chaises-pliantes	lot-de-25-chaises-pliantes-polypropylene-noir-flight-case
12699	chaises-public	chaises-pliantes	lot-de-25-chaises-pliantes-polypropylene-noir-flight-case
12707	metaux	ludophones	ludophone-modele-helix
12708	metaux	ludophones	ludophone-modele-xbass-harp
12709	metaux	ludophones	ludophone-modele-soprano-harp
12710	metaux	ludophones	ludophone-modele-euphone
12711	metaux	ludophones	ludophone-modele-dragon-fly
12712	metaux	ludophones	ludophone-modele-flocon
12713	metaux	ludophones	ludophone-modele-electro
12714	baguettes	musiciens	baguette-caoutchouc-ludophone-ttanium-sound
12714	metaux	ludophones	baguette-caoutchouc-ludophone-ttanium-sound
12715	baguettes	musiciens	baguette-bois-ludophone-ttanium-sound
12715	metaux	ludophones	baguette-bois-ludophone-ttanium-sound
12716	baguettes	musiciens	baguette-extra-balle-ludophone-ttanium-sound
12716	metaux	ludophones	baguette-extra-balle-ludophone-ttanium-sound
12718	claviers	xylophones	xylophone-adams-aha40-artist-alpha-apex-4-octaves
12722	instruments-peaux	toms-de-concert	tom-melodique-yamaha-serie-ct-9000-2-peaux-18-16pouces
12723	instruments-peaux	toms-de-concert	tom-basse-de-concert-yamaha-serie-ct-9000-2-peaux-20-16pouces
12724	instruments-peaux	toms-de-concert	tom-basse-de-concert-yamaha-serie-ct-9000-2-peaux-24-16pouces
12733	claviers	xylophones	xylophone-adams-xs2lv35-solist-apex-3-octaves-1-2
12767	flight-cases-instruments	flightcases-cordes	flight-case-harpe-lyon-healy-gold-11
12771	claviers	xylophones	xylophone-adams-xc2hv40-concert-apex-4-octaves
12782	claviers	xylophones	xylophone-adams-xs2ka35-solist-3-octaves-1-2
12783	claviers	xylophones	xylophone-adams-xs2ha35-solist-3-octaves-1-2
12784	claviers	xylophones	xylophone-adams-xs2ha40-solist-4-octaves
12786	claviers	xylophones	xylophone-adams-xs2la40-solist-4-octaves
12787	claviers	marimbas	marimba-adams-mspa43-solist-4-octaves-1-3
12788	claviers	marimbas	marimba-adams-msha43-solist-4-octaves-1-3
12789	claviers	marimbas	marimba-adams-mcha43-concert-4-octaves-1-3
12790	claviers	marimbas	marimba-adams-mcka43-concert-4-octaves-1-3
12791	claviers	marimbas	marimba-adams-mcpa43-concert-4-octaves-1-3
12792	claviers	marimbas	marimba-adams-maha43-artist-alpha-apex-4-octaves-1-3
12793	claviers	marimbas	marimba-adams-maha50-artist-alpha-5-octaves
12794	claviers	vibraphones	vibraphone-adams-vsna31s-solist-moteur-3-1-octaves-clavier-argente
12795	claviers	vibraphones	vibraphone-adams-vswa31s-solist-moteur-3-1-octaves-clavier-argente
12796	claviers	vibraphones	vibraphone-adams-vcwa30s-artist-3-octaves-clavier-argente
12797	claviers	vibraphones	vibraphone-adams-vcwa30g-artist-3-octaves-clavier-dore
12798	claviers	vibraphones	vibraphone-adams-vcwa30s-artist-3-octaves-clavier-argente
12799	claviers	vibraphones	vibraphone-adams-vawa30g-artist-alpha-3-octaves-clavier-dore
12800	claviers	vibraphones	vibraphone-adams-vawa30s-artist-alpha-3-octaves-clavier-argente
12801	claviers	vibraphones	vibraphone-adams-vaat35-vawa35s-artist-alpha-3-octaves-1-2-clavier-argente
12802	claviers	vibraphones	vibraphone-adams-vawa40g-4-octaves-clavier-dore
12803	eclairages-pour-pupitres-de-musiciens	accessoires	bloc-alimentation-dmx-gradateur-eclairages-notelight-white-tunable
12805	eclairages-pour-pupitres-de-musiciens	accessoires	cable-de-distribution-eclairages-notelight-white-tunable
12806	eclairages-pour-pupitres-de-musiciens	accessoires	prolongateur-6m-cable-de-distribution-notelight-white-tunable
12807	eclairages-pour-pupitres-de-musiciens	accessoires	prolongateur-10m-cable-de-distribution-notelight-white-tunable
12808	eclairages-pour-pupitres-de-musiciens	accessoires	doubleur-24v-2-sorties-1ml-notelight-white-tunable
12809	eclairages-pour-pupitres-de-musiciens	accessoires	prolongateur-2m-eclairage-notelight-white-tunable
12811	eclairages-pour-pupitres-de-musiciens	eclairages-professionnels-led	eclairage-notelight-white-tunable-rythmes-sons-2400d-5500d
12812	claviers	vibraphones	vibraphone-adams-vawa40s-4-octaves-clavier-argente
12813	claviers	vibraphones	vibraphone-adams-vaat35-vawa35g-artist-alpha-3-octaves-1-2-clavier-dore
12822	chariots-de-transport	flightcases-chaises-orchestre	flight-case-rythmes-sons-chaises-hautes-fixes-ref-sie-3010nxx
12823	chaises-musiciens	chaises-contrebassiste	lot-de-4-chaises-fixes-empilables-rythmes-sons-flight-case
12823	chaises-musiciens	chaises-regisseur-technicien	lot-de-4-chaises-fixes-empilables-rythmes-sons-flight-case
12826	supports-pour-instruments-de-musique	support-planche-de-pique-contrebasse-violoncelle	planche-de-pique-800x600-rythmes-sons-contreplaque-peint-noir
12827	supports-pour-instruments-de-musique	support-planche-de-pique-contrebasse-violoncelle	planche-de-pique-800x600-rythmes-sons-contreplaque-brut
12832	portiques-supports-accessoires	attaches	attache-triangle-strubbs-trhg2
12839	metaux	triangles-chimes	triangle-sabian-8pouces-20cm-b8
12840	metaux	triangles-chimes	triangle-sabian-9pouces-23cm-b8-hh-martele-dore
12845	timbales	classiques	jeu-de-5-timbales-20-23pouces-26-29pouces-32pouces-yamaha-serie-symphonic-modele-7100-cuivre-martele-parabolique
12938	claviers	vibraphones	vibraphone-yamaha-3030ms-3-octaves-clavier-argente
12939	claviers	sacs-de-transport	moteur-vibraphone-yamaha-3030ms-3-octaves
12940	claviers	sacs-de-transport	transformateur-vibaphone-yamaha-2030ms
12941	claviers	sacs-de-transport	transformateur-vibaphone-yamaha-3030ms
12997	timbales	classiques	yamaha-timbale-serie-3300-32pouces-aluminium
13035	metaux	cymbales	cymbale-istanbul-agop-dark-ride-d20pouces-serie-traditional
13056	chaises-musiciens	chaises-pliantes	lot-de-18-chaises-pliantes-tissu-gris-structure-grise
13056	chaises-public	chaises-pliantes	lot-de-18-chaises-pliantes-tissu-gris-structure-grise
13096	instruments-peaux	sets-instruments-peaux	pack-batucada-contemporanea-samba-21-instruments-nesting
13117	baguettes	musiciens	paire-de-baguettes-adams-new-classic-series-nc2
13118	baguettes	musiciens	paire-de-baguettes-adams-new-classic-series-nc3
13119	baguettes	musiciens	paire-de-baguettes-adams-new-classic-series-nc5
13132	claviers	cloches-tubes	cloches-tubes-yamaha-ch7018-laiton-finition-clear-lacquer-coating-1-octave-1-2
13175	claviers	xylophones	xylophone-adams-xs2ka40-solist-4-octaves
13177	claviers	xylophones	xylophone-etude-adams-3-octaves-1-2
13179	flight-cases-instruments	flightcases-percussions-peaux	flight-case-grosse-caisse-adams-d91-36pouces-sur-cercle
13181	baguettes	musiciens	paire-de-baguettes-yamaha-keiko-abe-numero1-mkaw-01
13182	baguettes	musiciens	paire-de-baguettes-yamaha-keiko-abe-numero2-mkaw-02
13183	baguettes	musiciens	paire-de-baguettes-yamaha-keiko-abe-numero3-mkaw-03
13184	baguettes	musiciens	paire-de-baguettes-yamaha-keiko-abe-numero4-mkaw-04
13185	baguettes	musiciens	paire-de-baguettes-yamaha-keiko-abe-numero5-mkaw-05
13186	baguettes	musiciens	paire-de-baguettes-yamaha-keiko-abe-numero6-mkaw-06
13187	baguettes	musiciens	paire-de-baguettes-yamaha-keiko-abe-numero7-mkaw-07
13188	baguettes	musiciens	paire-de-baguettes-yamaha-keiko-abe-numero8-mkaw-08
13189	baguettes	musiciens	paire-de-baguettes-yamaha-keiko-abe-numero9-mkaw-09
13190	baguettes	musiciens	paire-de-baguettes-yamaha-keiko-abe-numeros7-mkaw-s07
13192	podiums	accessoires	rehausse-de-10cm-podium-de-chef-hetre-vernis
13231	baguettes	musiciens	paire-de-baguettes-adams-new-classic-series-nc1
13232	baguettes	musiciens	paire-de-baguettes-adams-new-classic-series-nc4
13233	baguettes	musiciens	paire-de-baguettes-adams-new-classic-series-nc6
13234	baguettes	musiciens	paire-de-baguettes-adams-new-classic-series-nc7
13235	baguettes	musiciens	paire-de-baguettes-adams-new-classic-series-nc8
13236	baguettes	musiciens	paire-de-baguettes-adams-new-classic-series-nc9
13237	baguettes	musiciens	paire-de-baguettes-adams-new-classic-series-nc10
13258	instruments-peaux	grosses-caisses	housse-adams-4trhnbd3622h-grosse-caisse-de-concert-adams-suspendue-36-22pouces
13270	instruments-effets	sifflets-sirene-flute-coulisse	sifflet-bouche-acme-windmaster-263
13271	instruments-peaux	batteries	batterie-asba-simone-3-futs
13272	instruments-peaux	batteries	grosse-caisse-24-14pouces-asba-simone-metal
13273	instruments-peaux	caisses-claires-pads-tambours	caisse-claire-asba-simone-14-6pouces-1-2
13310	instruments-peaux	batteries	grosse-caisse-24-14pouces-asba-simone-metal-pedale-double-yamaha
13312	instruments-peaux	batteries	batterie-asba-simone-3-futs-caisse-claire-asba-2x-pieds
13400	supports-pour-instruments-de-musique	chariot-contrebasses-violoncelles	chariot-ratelier-rythmes-sons-contrebasses-ou-4-violoncelles
13401	supports-pour-instruments-de-musique	chariot-contrebasses-violoncelles	chariot-ratelier-rythmes-sons-flight-cases-contrebasses-ou-6-violoncelles
13465	instruments-peaux	djembes-darboukas-tablas	etui-rembourre-meinl-darbouka-egyptienne
13481	pupitres-musiciens	pupitres-musiciens-plateau-pliant	konig-meyer-lot-de-7-pupitres-gris-compact-10100
13482	supports-pour-instruments-de-musique	instruments-cordes	lot-de-2-accroches-violon-manhasset-1300-pupitre
13482	portiques-supports-accessoires	attaches	lot-de-2-accroches-violon-manhasset-1300-pupitre
13487	flight-cases-instruments	flightcases-percussions-peaux	etui-hardcase-hn24bw-grosse-caisse-24pouces-roulettes
13496	instruments-peaux	grosses-caisses	housse-adams-4trhnbdvh32-grosse-caisse-de-concert-adams-fixe-32-22pouces
13556	flight-cases-instruments	flightcases-cordes	flight-case-triangulaire-contrebasse-grand-modele
13575	metaux	gongs-tam-tams	lot-de-3-gongs-opera-chinois-ascendant-accorde
13673	instruments-peaux	grosses-caisses	adams-4trhnbd3222h-housse-grosse-caisse-fixe-adams-32-22pouces
13677	baguettes	musiciens	paire-de-baguettes-adams-bogdan-bacanu-signature-r140
13679	baguettes	musiciens	paire-de-baguettes-vibrawell-etude-et0
13692	instruments-peaux	peaux-de-rechange	peau-remo-ambassador-fiberskyn-grosse-caisse-de-concert-32pouces
13693	instruments-peaux	peaux-de-rechange	peau-remo-ambassador-fiberskyn-grosse-caisse-de-concert-36pouces
13694	instruments-peaux	peaux-de-rechange	peau-remo-ambassador-fiberskyn-grosse-caisse-de-concert-40pouces
13703	claviers	xylophones	xylophone-4-octaves-concorde-x8002-ga
13711	tabourets-banquettes-musiciens	banquettes-musiciens	andexinger-484s-banquette-tissu-noir-100-pes-1-place
13728	chariots-de-transport	eclairages-pupitres	rythmes-sons-flight-case-openroad-20-eclairages-doubles
13728	eclairages-pour-pupitres-de-musiciens	lampes-de-pupitre	rythmes-sons-flight-case-openroad-20-eclairages-doubles
13733	flight-cases-instruments	flightcases-accessoires	800x600xh600-malle-classique-pvc-bleu-capitonnage-cloisons
13751	metaux	cymbales	cymbales-frappees-zildjian-symphonic-allemande-20pouces
13752	metaux	cymbales	cymbales-frappees-paiste-symphonic-18pouces
13753	metaux	cymbales	cymbales-frappees-paiste-symphonic-20pouces
13754	metaux	cymbales	cymbales-frappees-meinl-marching-band-classic-15pouces
13761	timbales	philharmoniques	jeu-de-4-timbales-philharmoniques-adams-schnellar-23-26pouces-29-32pouces-berlin-cremaillere-chariot
13762	timbales	philharmoniques	adams-timbale-philharmonique-philharmonic-light-32pouces-dresden-friction
13764	baguettes	musiciens	lot-de-2-paires-de-baguettes-adams-robert-van-sice-r5
13765	baguettes	musiciens	lot-de-baguettes-cadeson
13766	baguettes	musiciens	lot-de-6-paires-de-baguettes-vibrawell-junior-j1
13769	baguettes	musiciens	lot-de-paire-de-baguettes-regal-tip-wood-series-2b-7a
13789	flight-cases-instruments	flightcases-accessoires	635x595xh880-malle-classique-amengamenent-bois
13797	flight-cases-instruments	flightcases-accessoires	550x550xh1010-malle-classique-4-compartiments
13824	claviers	glockenspiels	adams-gaa33-glockenspiel-pedale-3-octaves-1-3
13825	flight-cases-instruments	flightcases-claviers	flight-case-marimba-adams-mchv-voyager-4-octaves-1-3
13877	instruments-peaux	tambourins-et-hand-drums	lot-de-12-tambourins-6pouces-10pouces-1-et-2-rangees-cymbalettes
13896	cartes-cadeaux-objets-publicitaires	cartes-cadeaux	carte-cadeau-de-50
13896	cartes-cadeaux-objets-publicitaires	cartes-cadeaux	carte-cadeau-de-50
13897	cartes-cadeaux-objets-publicitaires	cartes-cadeaux	carte-cadeau-de-100
13897	cartes-cadeaux-objets-publicitaires	cartes-cadeaux	carte-cadeau-de-100
13898	cartes-cadeaux-objets-publicitaires	cartes-cadeaux	carte-cadeau-de-150
13898	cartes-cadeaux-objets-publicitaires	cartes-cadeaux	carte-cadeau-de-150
13899	cartes-cadeaux-objets-publicitaires	cartes-cadeaux	carte-cadeau-de-300
13899	cartes-cadeaux-objets-publicitaires	cartes-cadeaux	carte-cadeau-de-300
13917	flight-cases-instruments	flightcases-cordes	flight-case-contrebasse-isotherme-cordes-vers-fond-destockage
13935	metaux	cymbales	cymbales-suspendues-meinl-symphonic-17pouces-heavy
13936	metaux	cymbales	cymbales-suspendues-meinl-symphonic-20pouces-heavy
13959	portiques-supports-accessoires	supports-instruments	pearl-stand-de-grosse-caisse-tom-tom-gigogne-tom-basse-de-concert-tom-de-concert
13981	tabourets-banquettes-musiciens	tabourets-musiciens	konig-meyer-14061-tabouret-contrebassiste-assis-debout
13982	instruments-effets	fouet-bois-et-baton-de-pluie	fouet-clap-concorde-60cm
14005	baguettes	trap-table	rythmes-sons-jeu-de-2-trap-tables-365x590-mm
14006	baguettes	trap-table	rythmes-sons-jeu-de-2-trap-tables-365x305-mm
14015	chaises-musiciens	chaises-percussionnistes	rythmes-sons-elise-up-chaise-multi-reglables
14092	timbales	accessoires	adams-4trtnpasrv20-sac-de-transport-timbale-adams-revolution-20pouces
14093	timbales	accessoires	adams-4trtnpasrv23-sac-de-transport-timbale-adams-revolution-23pouces
14094	timbales	accessoires	adams-4trtnpasrv26-sac-de-transport-timbale-adams-revolution-26pouces
14096	timbales	accessoires	adams-4trtnpasrv29-sac-de-transport-timbale-adams-revolution-29pouces
14097	timbales	accessoires	adams-4trtnpasrv32-sac-de-transport-timbale-adams-revolution-32pouces
14123	timbales	classiques	lot-de-4-timbales-adams-symphonic-ii-23-26pouces-29-32pouces-cuivre-martele-profond
14124	timbales	classiques	lot-de-2-timbales-adams-revolution-26-29pouces-fibre-de-verre-parabolique
14125	claviers	vibraphones	vibraphone-3-octaves-yamaha-3030ms-clavier-argente-moteur-et-transformateur
14175	chaises-musiciens	chaises-percussionnistes	oktavia-chaise-de-musicien-reglable
14227	supports-pour-instruments-de-musique	instruments-vent	konig-meyer-15232-support-de-flute
14261	pupitres-musiciens	support-trepied-tablette-pc	konig-meyer-19767-trepied-tablette-pc-noir
14262	pupitres-musiciens	support-trepied-tablette-pc	manhasset-3300-support-universel-tablette-pc
14265	claviers	marimbas	concorde-m7000-marimba-5-octaves-etui
14266	bois	castagnettes-claves	lot-de-5x-castagnettes-sur-manche-aigu-modele-etude
14270	instruments-effets	shakers-cherekes-et-maracas	lot-de-2-petites-maracas-aigue
14307	eclairages-pour-pupitres-de-musiciens	eclairages-professionnels-led	rythmes-sons-eclairage-notelight-4000degres-piano-queue
14320	claviers	marimbas	concorde-m2023rp-marimba-5-octaves
14334	pupitres-musiciens	pupitres	manhasset-48-lot-de-6-pupitres-blanc-symphony-48
14335	pupitres-musiciens	pupitres	manhasset-81-lot-de-20-pupitres-harmony-81-chariot
14336	chaises-musiciens	chaises-percussionnistes	chaise-de-musicien-reglables-oktavia-pupitre-manhasset-48
14351	metaux	cymbales	cymbales-frappees-meinl-symphonic-20pouces-heavy
14352	metaux	cymbales	cymbales-frappees-meinl-symphonic-22pouces-medium
14359	metaux	grelots	collier-de-10-grelots-3cm
14360	metaux	grelots	collier-de-10-grelots-3-5cm
14361	metaux	grelots	collier-de-10-grelots-4cm
14371	tabourets-banquettes-musiciens	sieges-batteurs	mapex-t660-tabouret-de-batteur
14398	podiums	podiums-de-direction	rythmes-sons-hector-podium-de-chef-pliant-contreplaque-noir-defauts
14405	instruments-peaux	peaux-de-rechange	peau-remo-ambassador-fiberskyn-grosse-caisse-de-concert-28pouces
14406	instruments-peaux	caisses-claires-pads-tambours	adams-4pptas-pad-elliptique-entrainement-aux-timbales
14407	instruments-peaux	caisses-claires-pads-tambours	adams-4pptaw-pad-entrainement-original-aux-timbales
14410	chaises-musiciens	chaises-percussionnistes	rythmes-sons-amy-low-chaise-haute-reglable-assise-rectangulaire
14419	metaux	ludophones	euphone-original-e442024-titanium-sound
14432	metaux	cymbales	cymbales-suspendues-meinl-symphonic-18pouces-heavy
14433	metaux	cymbales	cymbales-frappees-meinl-symphonic-16pouces-heavy
14434	metaux	cymbales	cymbales-frappees-meinl-symphonic-19pouces-medium-heavy
14435	metaux	cymbales	cymbales-frappees-meinl-symphonic-18pouces-heavy
14437	metaux	cymbales	cymbales-suspendues-meinl-symphonic-14pouces-heavy
14438	metaux	cymbales	cymbales-suspendues-meinl-symphonic-16pouces-heavy
14439	metaux	cymbales	cymbales-suspendues-meinl-symphonic-22pouces-heavy
14451	baguettes	musiciens	musser-m228-good-vibes-paire
14452	baguettes	musiciens	musser-m229-good-vibes-paire
14453	baguettes	musiciens	musser-m233-good-vibes-paire
14454	baguettes	musiciens	musser-m235-good-vibes-paire
14455	baguettes	musiciens	musser-m237-good-vibes-paire
14590	flight-cases-instruments	flightcases-cordes	flight-case-triangulaire-contrebasse-ancien-modele
14592	pupitres-musiciens	accessoires	poids-embase-de-pupitres-manhasset-fixes
14647	chariots-de-transport	flightcases-pupitres	rythmes-sons-chariot-de-transport-pupitres-manhasset-48-48c-48t-50
14651	produits-acoustiques-pour-musiciens	reflecteurs-acoustiques	rythmes-sons-lot-de-6-reflecteurs-acoustiques-facetises-embases-pliantes-flight-case
14680	supports-pour-instruments-de-musique	support-planche-de-pique-contrebasse-violoncelle	rythmes-sons-planche-de-pique-l80cm-triangulaire-hetre-vernis
14685	supports-pour-instruments-de-musique	chariot-contrebasses-violoncelles	rythmes-sons-chariot-ratelier-opalwhite-3-contrebasses-ou-4-violoncelles
14686	supports-pour-instruments-de-musique	chariot-contrebasses-violoncelles	rythmes-sons-chariot-ratelier-opalwhite-4-contrebasses-ou-6-violoncelles
14688	chariots-de-transport	flightcases-pupitres	mallette-tablettes-konig-meyer-12218
14701	podiums	estrade-musicien	estrade-musicien-dim-1300x600xh200
14718	instruments-peaux	tambourins-et-hand-drums	tambours-sur-cadre-46-52cm-peau-clouee
14736	claviers	marimbas	concorde-m2350r-marimba-5-octaves
14804	chariots-de-transport	produits-acoustiques	rythmes-sons-flight-case-boucliers-acoustiques
14899	claviers	marimbas	adams-moha50-marimba-onyx-5-octaves
14900	eclairages-pour-pupitres-de-musiciens	lampes-de-pupitre	konig-meyer-12273-eclairage-double-led
14901	claviers	vibraphones	adams-vnw30g-vibraphone-nomad-3-octaves-clavier-dore
14902	claviers	vibraphones	adams-vnw30s-vibraphone-nomad-3-octaves-clavier-argente
